Login,Role,Standard Role,Role Base Name,Role Group
aajordao,Developer Master,Developer - Master,Developer,5 - Master / Manager
aalbuquerque,Systems Architect,Systems Architect,Systems Architect,5 - Master / Manager
aalessandro,Product Lead,UX Specialist - Sr,UX Specialist,4 - Senior
aalice,Data & Analytics Specialist,Data Analyst - Sr,Data Analyst,4 - Senior
aaluizio,Developer,Developer - Sr,Developer,4 - Senior
aamantino,Developer,Developer - Mid,Developer,3 - Mid-Level
aamorim,Software Architect,Software Architect - Sr,Software Architect,4 - Senior
aanzini,Developer,Developer - Mid,Developer,3 - Mid-Level
aaparecido,Developer,Developer - Sr,Developer,4 - Senior
aaristimunho,Developer,Developer - Jr,Developer,2 - Junior
aaronj,Tester,QA - Mid,QA,3 - Mid-Level
aaronk,Senior Manager,Senior Manager,Senior Manager,6 - Master 2 / Senior Manager
aarruda,Tester,QA - Mid,QA,3 - Mid-Level
aaugusto,Developer,Developer - Sr,Developer,4 - Senior
aavelino,Developer,Developer - Mid,Developer,3 - Mid-Level
abambirra,Developer,Developer - Jr,Developer,2 - Junior
abaroni,Software Architect,Software Architect - Sr,Software Architect,4 - Senior
abarreto,Developer,Developer - Sr,Developer,4 - Senior
abataglia,Developer,Developer - Sr,Developer,4 - Senior
abdalla,Senior Manager,Senior Manager,Senior Manager,6 - Master 2 / Senior Manager
abdelrahmanw,Developer Master,Developer - Master,Developer,5 - Master / Manager
abenatti,Developer,Developer - Sr,Developer,4 - Senior
abertolini,Tester,QA - Mid,QA,3 - Mid-Level
abias,Developer,Developer - Mid,Developer,3 - Mid-Level
abizetto,Squad Leader,Squad Leader,Squad Leader,5 - Master / Manager
abramides,Architecture Manager,Principal Architect,Principal Architect,6 - Master 2 / Senior Manager
absouza,Squad Leader,Squad Leader,Squad Leader,5 - Master / Manager
acacios,Tester,QA - Sr,QA,4 - Senior
acamargo,Developer,Developer - Sr,Developer,4 - Senior
acapistrano,Developer,Developer - Mid,Developer,3 - Mid-Level
acardinalli,Developer,Intern,Intern,1 - Intern
acarneiro,Tester,QA - Sr,QA,4 - Senior
acassoli,Product Owner,Business Analyst - Sr,Business Analyst,4 - Senior
acastro,Scrum Master,Scrum Master,Scrum Master,4 - Senior
acferreira,Developer,Developer - Sr,Developer,4 - Senior
achiles,Developer,Developer - Sr,Developer,4 - Senior
acmon,Developer,Developer - Mid,Developer,3 - Mid-Level
acoladello,Developer,Developer - Mid,Developer,3 - Mid-Level
acporto,Product Development Manager,Product Manager,Product Manager,5 - Master / Manager
acustodio,Developer,Intern,Intern,1 - Intern
adairs,Developer,Developer - Mid,Developer,3 - Mid-Level
adao,Developer,Developer - Mid,Developer,3 - Mid-Level
adefavari,Developer Master,Developer - Master,Developer,6 - Master 2 / Senior Manager
adeiltonm,Developer,Developer - Mid,Developer,3 - Mid-Level
adeline,Support Master,Scrum Master,Scrum Master,4 - Senior
adelmo,Software Architect,Software Architect - Sr,Software Architect,4 - Senior
ademirj,Developer,Developer - Jr,Developer,2 - Junior
adenilsonj,Developer,Developer - Sr,Developer,4 - Senior
adias,Senior Manager,Senior Manager,Senior Manager,6 - Master 2 / Senior Manager
adiliosantos,Developer,Developer - Mid,Developer,3 - Mid-Level
adiltonc,Data Developer,Data Developer - Sr,Data Developer,4 - Senior
adney,Developer,Developer - Mid,Developer,3 - Mid-Level
adolfoalves,Developer,Developer - Sr,Developer,4 - Senior
adonirand,Software Architect,Software Architect - Sr,Software Architect,4 - Senior
adrian.alves,Infrastructure Analyst,Not Applicable,Not Applicable,4 - Senior
adriana.junco,Quality Analyst,QA - Sr,QA,4 - Senior
adrianac,Developer,Developer - Sr,Developer,4 - Senior
adrianaj,UI Designer,UI Designer - Mid,UI Designer,3 - Mid-Level
adrianamary,Tester,QA - Mid,QA,3 - Mid-Level
adrianavaz,Developer,Developer - Sr,Developer,4 - Senior
adriano.iank,Developer,Developer - Sr,Developer,4 - Senior
adriano.sabo,Developer Master,Developer - Master,Developer,5 - Master / Manager
adrianob,Systems Architect,Systems Architect,Systems Architect,5 - Master / Manager
adrianobn,Data Developer Master,Data Developer - Master,Data Developer,5 - Master / Manager
adrianocs,Developer,Developer - Sr,Developer,4 - Senior
adrianodr,Developer,Developer - Mid,Developer,3 - Mid-Level
adrianoos,Developer,Developer - Mid,Developer,3 - Mid-Level
adrianopr,Developer Master,Developer - Master,Developer,5 - Master / Manager
adrianor,Developer,Intern,Intern,1 - Intern
adrianorl,Software Architect,Software Architect - Sr,Software Architect,4 - Senior
adrianosg,Developer,Developer - Sr,Developer,4 - Senior
adrianov,Systems Architect,Systems Architect,Systems Architect,5 - Master / Manager
adrianq,Tester,QA - Jr,QA,2 - Junior
adrielsc,UI Designer,UI Designer - Mid,UI Designer,3 - Mid-Level
adson.oliveira,Software Architect,Software Architect - Sr,Software Architect,4 - Senior
aeciolopes,Developer,Developer - Sr,Developer,4 - Senior
aemenes,Data Developer,Data Developer - Sr,Data Developer,4 - Senior
aemmerick,Systems Architect,Systems Architect,Systems Architect,5 - Master / Manager
aespinola,Principal Data Architect,Principal Architect,Principal Architect,6 - Master 2 / Senior Manager
afabrini,Scrum Master,Squad Leader,Squad Leader,5 - Master / Manager
afarias,Data Developer,Data Developer - Mid,Data Developer,3 - Mid-Level
afelipe,Developer,Intern,Intern,1 - Intern
afernando,Developer,Developer - Jr,Developer,2 - Junior
aferraz,Squad Leader,Scrum Master,Scrum Master,4 - Senior
afmoraes,Developer,Developer - Jr,Developer,2 - Junior
afonseca,Software Architect,Software Architect - Sr,Software Architect,4 - Senior
afonso,Squad Leader,Squad Leader,Squad Leader,5 - Master / Manager
afonsolenzi,Data Developer,Data Developer - Sr,Data Developer,4 - Senior
afonsolima,Developer,Developer - Sr,Developer,4 - Senior
afonsoribas,Developer,Developer - Mid,Developer,3 - Mid-Level
aforner,Developer,Developer - Sr,Developer,4 - Senior
afranklin,Project Manager,Project Manager,Project Manager,5 - Master / Manager
afurtado,UI Designer,UI Designer - Mid,UI Designer,3 - Mid-Level
agatha,Scrum Master,Scrum Master,Scrum Master,4 - Senior
agathamc,Data Developer Master,Data Developer - Master,Data Developer,5 - Master / Manager
agathar,Developer,Developer - Mid,Developer,3 - Mid-Level
agesualdi,Developer,Developer - Sr,Developer,4 - Senior
aginaldo.silva,Software Architect,Software Architect - Sr,Software Architect,4 - Senior
agoncalves,Developer,Developer - Sr,Developer,4 - Senior
agrygonis,Systems Architect,Systems Architect,Systems Architect,5 - Master / Manager
aguiar,Developer,Developer - Sr,Developer,4 - Senior
aguinaldojunior,Scrum Master,Scrum Master,Scrum Master,4 - Senior
aheleno,Tester,QA - Mid,QA,3 - Mid-Level
ailtonmj,Support Analyst,Support Analyst - Sr,Support Analyst,4 - Senior
airx,Developer,Developer - Mid,Developer,3 - Mid-Level
aislanmichel,Developer,Developer - Mid,Developer,3 - Mid-Level
aiub,"Senior Director, Architecture",Principal Architect,Principal Architect,6 - Master 2 / Senior Manager
ajung,Tester,QA - Sr,QA,4 - Senior
akieras,Systems Architect,Systems Architect,Systems Architect,5 - Master / Manager
akotsubo,Developer,Intern,Intern,1 - Intern
akuster,Developer,Developer - Mid,Developer,3 - Mid-Level
alairsouza,Tester,QA - Mid,QA,3 - Mid-Level
alan.naicson,Developer,Developer - Sr,Developer,4 - Senior
alan.saikale,"Senior Director, Architecture",Principal Architect,Principal Architect,6 - Master 2 / Senior Manager
alan.souza,Developer,Developer - Mid,Developer,3 - Mid-Level
alanafr,Data Architect,Not Applicable,Not Applicable,4 - Senior
alanaw,Developer,Developer - Mid,Developer,3 - Mid-Level
alanbatista,Systems Architect,Systems Architect,Systems Architect,5 - Master / Manager
alancb,Developer,Developer - Mid,Developer,3 - Mid-Level
alangm,Developer,Developer - Sr,Developer,4 - Senior
alangoncalves,Developer,Developer - Mid,Developer,3 - Mid-Level
alanisgr,UI Designer,UI Designer - Jr,UI Designer,2 - Junior
alanl,Developer,Developer - Sr,Developer,4 - Senior
alanmoreira,Developer,Developer - Mid,Developer,3 - Mid-Level
alanneres,Developer,Developer - Sr,Developer,4 - Senior
alannishida,Tester,QA - Mid,QA,3 - Mid-Level
alanpassos,Developer,Developer - Sr,Developer,4 - Senior
alanraldi,Senior Manager,Senior Manager,Senior Manager,6 - Master 2 / Senior Manager
alans,Systems Architect,Systems Architect,Systems Architect,5 - Master / Manager
alansn,Tester,QA - Mid,QA,3 - Mid-Level
alanv,Tester,QA - Mid,QA,3 - Mid-Level
alanwm,Tester,QA - Sr,QA,4 - Senior
alberlan,Developer,Developer - Sr,Developer,4 - Senior
albertcr,Developer,Developer - Sr,Developer,4 - Senior
albertjp,Developer,Developer - Sr,Developer,4 - Senior
alberts,Developer,Developer - Sr,Developer,4 - Senior
alcionej,Developer,Developer - Sr,Developer,4 - Senior
aldrey,Squad Leader,Scrum Master,Scrum Master,4 - Senior
aldria,Scrum Master,Scrum Master,Scrum Master,3 - Mid-Level
aleander,Developer,Developer - Sr,Developer,4 - Senior
alecsandro,Data Developer,Data Developer - Sr,Data Developer,4 - Senior
aleffremberto,Developer,Developer - Mid,Developer,3 - Mid-Level
alehandrof,Developer,Developer - Sr,Developer,4 - Senior
alejandra.bareno,Senior Product Manager-Americas,UX Specialist - Sr,UX Specialist,4 - Senior
alejandro.barbosa,Developer,Developer - Sr,Developer,4 - Senior
alejandro.cardona,Developer,Developer - Sr,Developer,4 - Senior
alejandro.espinosa,Quality Analyst,QA - Sr,QA,4 - Senior
alejandro.perez,Developer,Developer - Mid,Developer,3 - Mid-Level
alejandros,Developer,Developer - Sr,Developer,4 - Senior
aleksei,Digital Strategist,Digital Strategist,Digital Strategist,5 - Master / Manager
aleonello,Developer,Developer - Sr,Developer,4 - Senior
alessandrafl,Developer,Developer - Jr,Developer,2 - Junior
alessandrak,Scrum Master,Scrum Master,Scrum Master,4 - Senior
alessandram,Developer,Developer - Mid,Developer,3 - Mid-Level
alessandrard,Project Manager,Project Manager,Project Manager,5 - Master / Manager
alessandrav,Scrum Master,Scrum Master,Scrum Master,3 - Mid-Level
alessandro.breves,Developer,Developer - Sr,Developer,4 - Senior
alessandroj,Developer,Developer - Mid,Developer,3 - Mid-Level
alessandron,Developer,Developer - Mid,Developer,3 - Mid-Level
alex,Software Architect,Software Architect - Sr,Software Architect,4 - Senior
alex.gass,Senior Client Manager-Americas,Not Applicable,Not Applicable,4 - Senior
alex.venturini,Developer,Developer - Sr,Developer,4 - Senior
alexander.dias,Systems Architect,Systems Architect,Systems Architect,5 - Master / Manager
alexanderj,Developer,Developer - Jr,Developer,2 - Junior
alexandra.bagao,Product Director-EMEA,Product Manager,Product Manager,5 - Master / Manager
alexandracs,Tester,QA - Mid,QA,3 - Mid-Level
alexandre.lara,Scrum Master,Scrum Master,Scrum Master,4 - Senior
alexandre.porto,Not Applicable,Not Applicable,Not Applicable,4 - Senior
alexandre.ramos,Developer,Developer - Sr,Developer,4 - Senior
alexandream,Support Analyst,Support Analyst - Mid,Support Analyst,3 - Mid-Level
alexandrecr,Systems Architect,Systems Architect,Systems Architect,5 - Master / Manager
alexandrefm,Developer,Developer - Sr,Developer,4 - Senior
alexandrefp,Developer,Developer - Sr,Developer,4 - Senior
alexandrefs,Developer,Developer - Mid,Developer,3 - Mid-Level
alexandrefv,Squad Leader,Squad Leader,Squad Leader,5 - Master / Manager
alexandrejs,Systems Architect,Systems Architect,Systems Architect,5 - Master / Manager
alexandrelf,Developer,Developer - Sr,Developer,4 - Senior
alexandrelopes,Software Architect,Software Architect - Sr,Software Architect,4 - Senior
alexandrelp,Tester,QA - Sr,QA,4 - Senior
alexandremo,Tester,QA - Sr,QA,4 - Senior
alexandren,Developer,Developer - Sr,Developer,4 - Senior
alexandrenf,Developer,Developer - Jr,Developer,2 - Junior
alexandrenovaes,Developer,Developer - Sr,Developer,4 - Senior
alexandreo,Developer,Developer - Mid,Developer,3 - Mid-Level
alexandrerf,Developer,Developer - Sr,Developer,4 - Senior
alexandresantos,Systems Architect,Systems Architect,Systems Architect,5 - Master / Manager
alexandreso,Tester,QA - Mid,QA,3 - Mid-Level
alexandrev,Senior Manager,Senior Manager,Senior Manager,6 - Master 2 / Senior Manager
alexandrino,Systems Architect,Systems Architect,Systems Architect,5 - Master / Manager
alexbruno,Tester,QA - Mid,QA,3 - Mid-Level
alexcarvalho,Architecture Manager,Principal Architect,Principal Architect,6 - Master 2 / Senior Manager
alexchen,Developer,Developer - Sr,Developer,4 - Senior
alexcm,Developer,Developer - Mid,Developer,3 - Mid-Level
alexcorrea,Software Architect,Software Architect - Sr,Software Architect,4 - Senior
alexdm,Developer,Intern,Intern,1 - Intern
alexfo,Developer,Developer - Jr,Developer,2 - Junior
alexh,Developer,Developer - Jr,Developer,2 - Junior
alexias,Developer,Intern,Intern,1 - Intern
alexj,Senior Manager,Senior Manager,Senior Manager,6 - Master 2 / Senior Manager
alexkita,Group Product Manager,Senior Manager,Senior Manager,6 - Master 2 / Senior Manager
alexrebello,Systems Architect,Systems Architect,Systems Architect,5 - Master / Manager
alexrs,Developer Master,Developer - Master,Developer,5 - Master / Manager
alexsander,Squad Leader,Squad Leader,Squad Leader,5 - Master / Manager
alexsandern,Developer,Developer - Mid,Developer,3 - Mid-Level
alexsanders,Data Developer,Data Developer - Sr,Data Developer,4 - Senior
alexw,Support Analyst,Support Analyst - Jr,Support Analyst,2 - Junior
alexws,Developer,Developer - Sr,Developer,4 - Senior
alfies,Developer,Developer - Sr,Developer,4 - Senior
alfredojunior,Tester,QA - Mid,QA,3 - Mid-Level
alfredop,Data Scientist,Data Scientist - Sr,Data Scientist,4 - Senior
alianne,Commercial Partner Coordinator,Not Applicable,Not Applicable,4 - Senior
alice,Content Strategist,Not Applicable,Not Applicable,4 - Senior
alicec,Associate Developer,Developer - Sr,Developer,4 - Senior
alicek,Developer,Developer - Jr,Developer,2 - Junior
alicels,Developer,Developer - Mid,Developer,3 - Mid-Level
alicem,Scrum Master,Scrum Master,Scrum Master,3 - Mid-Level
alicemussolin,UI Designer,UI Designer - Mid,UI Designer,3 - Mid-Level
alicepm,Developer,Developer - Mid,Developer,3 - Mid-Level
alichen,Developer,Developer - Jr,Developer,2 - Junior
alinafs,Product Designer,UI Designer - Sr,UI Designer,4 - Senior
aline.castro,Developer,Developer - Mid,Developer,3 - Mid-Level
aline.fadel,Tester,QA - Sr,QA,4 - Senior
aline.martins,Product Designer,UI Designer - Sr,UI Designer,4 - Senior
alinecassia,Tester,QA - Mid,QA,3 - Mid-Level
alinechahine,Developer,Developer - Mid,Developer,3 - Mid-Level
alinefl,Tester,QA - Mid,QA,3 - Mid-Level
alineg,Developer,Developer - Mid,Developer,3 - Mid-Level
alinegoncalves,Scrum Master,Scrum Master,Scrum Master,4 - Senior
alineic,Tester,QA - Mid,QA,3 - Mid-Level
alinelage,Tester,QA - Jr,QA,2 - Junior
alinelima,Tester,QA - Mid,QA,3 - Mid-Level
alinels,Data & Analytics Specialist,Data Analyst - Sr,Data Analyst,4 - Senior
alinemg,Tester,QA - Mid,QA,3 - Mid-Level
alinems,Tester,QA - Sr,QA,4 - Senior
alines,Developer,Intern,Intern,1 - Intern
alinesc,Software Architect,Software Architect - Sr,Software Architect,4 - Senior
alinetr,Tester,QA - Mid,QA,3 - Mid-Level
alinianys,Squad Leader,Squad Leader,Squad Leader,5 - Master / Manager
alinsong,Developer,Developer - Jr,Developer,2 - Junior
alisboa,Developer,Developer - Sr,Developer,4 - Senior
alisoncs,Data Developer Master,Data Developer - Master,Data Developer,5 - Master / Manager
alisson.rosa,Product Designer,UI Designer - Sr,UI Designer,4 - Senior
alissongs,Developer,Developer - Sr,Developer,4 - Senior
alissonlabres,Developer,Developer - Sr,Developer,4 - Senior
alissonlc,Systems Architect,Systems Architect,Systems Architect,5 - Master / Manager
alisterf,Developer,Developer - Sr,Developer,4 - Senior
allan.rodrigues,Specialist Senior Manager,Senior Manager,Senior Manager,6 - Master 2 / Senior Manager
allanc,Project Manager,Project Manager,Project Manager,5 - Master / Manager
alland,Developer,Intern,Intern,1 - Intern
allanderick,Systems Architect,Systems Architect,Systems Architect,5 - Master / Manager
allandf,Developer,Developer - Mid,Developer,3 - Mid-Level
allanericson,Developer,Developer - Mid,Developer,3 - Mid-Level
allanfernandes,Developer,Developer - Sr,Developer,4 - Senior
allankevyn,Developer,Developer - Mid,Developer,3 - Mid-Level
allanlenhardt,Developer,Developer - Sr,Developer,4 - Senior
allanleonardo,Developer,Developer - Sr,Developer,4 - Senior
allanpp,Developer,Developer - Sr,Developer,4 - Senior
allanridolfi,Squad Leader,Scrum Master,Scrum Master,4 - Senior
allans,Developer,Developer - Sr,Developer,4 - Senior
allansoberanski,Developer,Developer - Mid,Developer,3 - Mid-Level
allenz,Developer Master,Developer - Master,Developer,5 - Master / Manager
alleson,Tester,QA - Mid,QA,3 - Mid-Level
allexandredeolindo,Data & Analytics Specialist,Data Analyst - Mid,Data Analyst,3 - Mid-Level
allinnec,Developer,Developer - Sr,Developer,4 - Senior
allinny,Developer,Developer - Mid,Developer,3 - Mid-Level
allisonbarros,Developer,Developer - Sr,Developer,4 - Senior
allysonlima,Data Developer,Data Developer - Sr,Data Developer,4 - Senior
allyssonluiz,Developer,Developer - Sr,Developer,4 - Senior
almedeiros,Squad Leader,Squad Leader,Squad Leader,5 - Master / Manager
almirfj,Data & Analytics Specialist,Data Analyst - Mid,Data Analyst,3 - Mid-Level
aloanrocha,Developer,Developer - Mid,Developer,3 - Mid-Level
aloisiosoares,Developer,Developer - Sr,Developer,4 - Senior
alozano,Developer,Developer - Mid,Developer,3 - Mid-Level
alquipo,Software Architect,Software Architect - Sr,Software Architect,4 - Senior
alucchetta,Developer,Developer - Sr,Developer,4 - Senior
aluisaf,Lead UX Designer,UX Specialist - Master,UX Specialist,5 - Master / Manager
aluisios,Developer,Developer - Sr,Developer,4 - Senior
alvaro.acosta,Developer,Developer - Sr,Developer,4 - Senior
alvaro.rodriguez,Developer,Developer - Sr,Developer,4 - Senior
alvaroap,Developer,Developer - Mid,Developer,3 - Mid-Level
alvarod,Data Developer,Data Developer - Mid,Data Developer,3 - Mid-Level
alvarof,Developer,Developer - Sr,Developer,4 - Senior
alvaroj,Systems Architect,Systems Architect,Systems Architect,5 - Master / Manager
alvarop,Developer,Developer - Sr,Developer,4 - Senior
alyssonb,Data Developer,Data Developer - Jr,Data Developer,2 - Junior
alyssont,Developer,Intern,Intern,1 - Intern
alyssonv,Tester,QA - Mid,QA,3 - Mid-Level
alyxsonm,Developer,Developer - Jr,Developer,2 - Junior
amadeu,Tester,QA - Mid,QA,3 - Mid-Level
amanda.alves,Not Applicable,Not Applicable,Not Applicable,3 - Mid-Level
amanda.mendes,Tester,QA - Sr,QA,4 - Senior
amanda.miranda,Product Designer,UI Designer - Sr,UI Designer,4 - Senior
amanda.moura,Not Applicable,Not Applicable,Not Applicable,3 - Mid-Level
amanda.rodrigues,Developer,Developer - Sr,Developer,4 - Senior
amandab,Squad Leader,Squad Leader,Squad Leader,5 - Master / Manager
amandabg,Talent Attraction Specialist,Not Applicable,Not Applicable,3 - Mid-Level
amandabraz,Developer Master,Developer - Master,Developer,5 - Master / Manager
amandacm,Tester Master,QA - Master,QA,5 - Master / Manager
amandacs,Developer,Developer - Mid,Developer,3 - Mid-Level
amandaeb,Tester,QA - Sr,QA,4 - Senior
amandagaldino,Tester,QA - Mid,QA,3 - Mid-Level
amandagl,Tester,QA - Mid,QA,3 - Mid-Level
amandah,Tester,QA - Mid,QA,3 - Mid-Level
amandak,Developer,Developer - Sr,Developer,4 - Senior
amandakehl,Developer,Developer - Mid,Developer,3 - Mid-Level
amandams,Developer,Developer - Jr,Developer,2 - Junior
amandapicoli,Developer,Developer - Sr,Developer,4 - Senior
amandaq,Principal Software Developer,Developer - Master,Developer,6 - Master 2 / Senior Manager
amandar,Developer,Developer - Sr,Developer,4 - Senior
amandars,Developer,Developer - Mid,Developer,3 - Mid-Level
amandasantos,Tester,QA - Sr,QA,4 - Senior
amandasauer,Tester,QA - Sr,QA,4 - Senior
amandasr,Developer,Developer - Sr,Developer,4 - Senior
amandass,Developer,Developer - Jr,Developer,2 - Junior
amandavieira,Developer,Developer - Jr,Developer,2 - Junior
amandazg,Developer,Developer - Jr,Developer,2 - Junior
amartinho,Scrum Master,Scrum Master,Scrum Master,4 - Senior
amattje,Developer,Developer - Sr,Developer,4 - Senior
ambery,Developer,Developer - Mid,Developer,3 - Mid-Level
amelia,Product Designer,Not Applicable,Not Applicable,3 - Mid-Level
ameliak,Developer,Developer - Mid,Developer,3 - Mid-Level
amelo,Developer,Developer - Sr,Developer,4 - Senior
amiltonpm,Squad Leader,Squad Leader,Squad Leader,5 - Master / Manager
aminab,Data Developer,Data Developer - Sr,Data Developer,4 - Senior
amit,Data Developer,Data Developer - Sr,Data Developer,4 - Senior
amolinari,Developer,Developer - Mid,Developer,3 - Mid-Level
amon.avellar,UX Designer,UX Specialist - Sr,UX Specialist,4 - Senior
amontoro,Tester,QA - Mid,QA,3 - Mid-Level
amoraes,Group Product Manager,Senior Manager,Senior Manager,6 - Master 2 / Senior Manager
amostaro,Developer,Developer - Mid,Developer,3 - Mid-Level
amotta,Senior Product Manager-Americas,UX Specialist - Sr,UX Specialist,4 - Senior
ana.antunes,Tester,QA - Sr,QA,4 - Senior
ana.carvalho,Developer,Developer - Sr,Developer,4 - Senior
ana.guerra,Not Applicable,Not Applicable,Not Applicable,3 - Mid-Level
ana.monteiro,Developer,Developer - Sr,Developer,4 - Senior
ana.moreira,Tester,QA - Mid,QA,3 - Mid-Level
ana.pires,Developer,Developer - Mid,Developer,3 - Mid-Level
ana.santos,Developer,Developer - Mid,Developer,3 - Mid-Level
anaantunes,Scrum Master,Scrum Master,Scrum Master,4 - Senior
anaazevedo,Squad Leader,Scrum Master,Scrum Master,4 - Senior
anabeatriz,Developer,Developer - Mid,Developer,3 - Mid-Level
anabm,Data Scientist Master,Data Scientist - Master,Data Scientist,5 - Master / Manager
anabrambila,Systems Architect,Systems Architect,Systems Architect,5 - Master / Manager
anacarolinars,Product Designer,UI Designer - Mid,UI Designer,3 - Mid-Level
anacecchetto,Tester,QA - Mid,QA,3 - Mid-Level
anacp,Developer,Developer - Mid,Developer,3 - Mid-Level
anadc,Developer,Intern,Intern,1 - Intern
anaelisacn,Developer,Developer - Jr,Developer,2 - Junior
anaf,Squad Leader,Squad Leader,Squad Leader,5 - Master / Manager
anafelix,Developer,Developer - Sr,Developer,4 - Senior
anafermino,Developer,Developer - Mid,Developer,3 - Mid-Level
anafg,Team Leader,Scrum Master,Scrum Master,4 - Senior
anafl,Product Owner,Business Analyst - Sr,Business Analyst,4 - Senior
anagarbelini,Support Master,Scrum Master,Scrum Master,4 - Senior
anagomes,Business Analyst,Business Analyst - Mid,Business Analyst,3 - Mid-Level
anaizabel,Developer,Developer - Sr,Developer,4 - Senior
anakg,Developer,Developer - Mid,Developer,3 - Mid-Level
analouise,Developer,Developer - Mid,Developer,3 - Mid-Level
analuiza,Tester,QA - Sr,QA,4 - Senior
analuizagc,Developer,Developer - Mid,Developer,3 - Mid-Level
anamb,Senior Digital Strategist,Senior Digital Strategist,Senior Digital Strategist,6 - Master 2 / Senior Manager
anamc,Tester,QA - Mid,QA,3 - Mid-Level
anamg,Business Analyst,Business Analyst - Sr,Business Analyst,4 - Senior
anamitsou,Data Developer Master,Data Developer - Master,Data Developer,5 - Master / Manager
anamr,Data & Analytics Manager,Not Applicable,Not Applicable,4 - Senior
anamv,Developer,Developer - Mid,Developer,3 - Mid-Level
anapb,Support Analyst,Support Analyst - Mid,Support Analyst,3 - Mid-Level
anapiva,Scrum Master,Scrum Master,Scrum Master,3 - Mid-Level
anapp,Tester,QA - Mid,QA,3 - Mid-Level
anaprugger,Data & Analytics Specialist,Data Analyst - Mid,Data Analyst,3 - Mid-Level
anar,Developer,Developer - Mid,Developer,3 - Mid-Level
anarodrigues,Data Scientist,Data Scientist - Mid,Data Scientist,3 - Mid-Level
anaschramm,Tester,QA - Mid,QA,3 - Mid-Level
anasd,Developer,Developer - Mid,Developer,3 - Mid-Level
anatartari,Developer,Developer - Mid,Developer,3 - Mid-Level
anathais,Scrum Master,Scrum Master,Scrum Master,3 - Mid-Level
anavilela,Developer,Developer - Mid,Developer,3 - Mid-Level
anazocca,Developer,Developer - Jr,Developer,2 - Junior
anderson.augusto,Developer,Developer - Mid,Developer,3 - Mid-Level
anderson.osorio,Developer,Developer - Mid,Developer,3 - Mid-Level
anderson.otuka,Systems Architect,Systems Architect,Systems Architect,5 - Master / Manager
anderson.rosa,Squad Leader,Squad Leader,Squad Leader,5 - Master / Manager
anderson.silva,Systems Architect,Systems Architect,Systems Architect,5 - Master / Manager
andersonaf,Specialist Senior Manager,Senior Manager,Senior Manager,6 - Master 2 / Senior Manager
andersonbc,Senior Manager,Senior Manager,Senior Manager,6 - Master 2 / Senior Manager
andersoncc,Developer,Developer - Sr,Developer,4 - Senior
andersondj,Developer,Developer - Jr,Developer,2 - Junior
andersonds,Developer,Developer - Sr,Developer,4 - Senior
andersonfaian,Squad Leader,Squad Leader,Squad Leader,5 - Master / Manager
andersonfc,Developer,Developer - Sr,Developer,4 - Senior
andersonfernandes,Developer Master,Developer - Master,Developer,5 - Master / Manager
andersonferreira,Developer,Developer - Sr,Developer,4 - Senior
andersongil,Senior Digital Strategist,Senior Digital Strategist,Senior Digital Strategist,6 - Master 2 / Senior Manager
andersonh,Developer,Developer - Sr,Developer,4 - Senior
andersonld,Developer,Developer - Sr,Developer,4 - Senior
andersonls,Developer,Developer - Sr,Developer,4 - Senior
andersonlw,Principal Data Scientist,Not Applicable,Not Applicable,6 - Master 2 / Senior Manager
andersonn,Developer Master,Developer - Master,Developer,5 - Master / Manager
andersonr,Developer Master,Developer - Master,Developer,5 - Master / Manager
andersonrs,Squad Leader,Squad Leader,Squad Leader,5 - Master / Manager
andersonss,Developer,Developer - Sr,Developer,4 - Senior
andersonw,Systems Architect,Systems Architect,Systems Architect,5 - Master / Manager
andersonwagner,Tester,QA - Sr,QA,4 - Senior
andiealcarmona,Support Analyst,Support Analyst - Jr,Support Analyst,2 - Junior
andre.albaranz,Data Developer,Data Developer - Sr,Data Developer,4 - Senior
andre.campos,Developer,Developer - Sr,Developer,4 - Senior
andre.gava,Developer,Developer - Sr,Developer,4 - Senior
andre.matos,Developer,Developer - Mid,Developer,3 - Mid-Level
andre.menegon,Developer,Developer - Sr,Developer,4 - Senior
andre.pacheco,Developer,Developer - Sr,Developer,4 - Senior
andre.rabelo,Developer,Developer - Sr,Developer,4 - Senior
andre.santos,Developer,Developer - Mid,Developer,3 - Mid-Level
andrea.cortes,Quality Analyst,Not Applicable,Not Applicable,5 - Master / Manager
andreac,Squad Leader,Scrum Master,Scrum Master,4 - Senior
andreacoimbra,Squad Leader,Squad Leader,Squad Leader,5 - Master / Manager
andreaf,Tester,QA - Mid,QA,3 - Mid-Level
andreag,Senior Manager,Senior Manager,Senior Manager,6 - Master 2 / Senior Manager
andreasoares,Developer,Developer - Mid,Developer,3 - Mid-Level
andreavila,Data & Analytics Specialist,Data Analyst - Sr,Data Analyst,4 - Senior
andrebeletti,Developer Master,Developer - Master,Developer,5 - Master / Manager
andrebento,Developer,Developer - Sr,Developer,4 - Senior
andrebs,Developer,Developer - Mid,Developer,3 - Mid-Level
andrebt,Project Manager,Project Manager,Project Manager,5 - Master / Manager
andrecamargo,Software Architect,Software Architect - Sr,Software Architect,4 - Senior
andrecarraro,Developer,Developer - Sr,Developer,4 - Senior
andrecb,Developer,Developer - Mid,Developer,3 - Mid-Level
andrechalom,Software Architect,Software Architect - Sr,Software Architect,4 - Senior
andrecv,Developer,Developer - Sr,Developer,4 - Senior
andred,Architecture Manager,Principal Architect,Principal Architect,6 - Master 2 / Senior Manager
andrefaria,Tester,QA - Sr,QA,4 - Senior
andrefw,Developer Master,Developer - Master,Developer,5 - Master / Manager
andregb,Squad Leader,Squad Leader,Squad Leader,5 - Master / Manager
andregc,Architecture Manager,Principal Architect,Principal Architect,6 - Master 2 / Senior Manager
andregp,Developer,Developer - Jr,Developer,2 - Junior
andreh,Squad Leader,Squad Leader,Squad Leader,5 - Master / Manager
andrehr,Software Architect,Systems Architect,Systems Architect,5 - Master / Manager
andrehs,Developer,Developer - Mid,Developer,3 - Mid-Level
andreials,Squad Leader,Scrum Master,Scrum Master,4 - Senior
andreiamc,Developer,Developer - Mid,Developer,3 - Mid-Level
andreiasantos,Squad Leader,Squad Leader,Squad Leader,5 - Master / Manager
andreiasb,Scrum Master,Scrum Master,Scrum Master,4 - Senior
andreik,Scrum Master,Scrum Master,Scrum Master,4 - Senior
andreilima,Developer,Developer - Sr,Developer,4 - Senior
andreimb,Systems Architect,Systems Architect,Systems Architect,5 - Master / Manager
andreina,Tester,QA - Mid,QA,3 - Mid-Level
andreiw,Developer,Developer - Mid,Developer,3 - Mid-Level
andrej,Developer,Developer - Sr,Developer,4 - Senior
andrel,Software Architect,Software Architect - Sr,Software Architect,4 - Senior
andreld,Software Architect,Software Architect - Sr,Software Architect,4 - Senior
andreluizc,Developer,Developer - Sr,Developer,4 - Senior
andreluizvl,Developer,Developer - Jr,Developer,2 - Junior
andremarinho,Tester,QA - Sr,QA,4 - Senior
andremb,Developer,Developer - Sr,Developer,4 - Senior
andremelo,Developer,Developer - Mid,Developer,3 - Mid-Level
andremendonca,Tester,QA - Sr,QA,4 - Senior
andremm,Data & Analytics Specialist,Data Analyst - Sr,Data Analyst,4 - Senior
andremp,Systems Architect,Systems Architect,Systems Architect,5 - Master / Manager
andremv,Developer,Developer - Sr,Developer,4 - Senior
andreoliveira,Developer,Developer - Jr,Developer,2 - Junior
andrep,Developer,Developer - Mid,Developer,3 - Mid-Level
andrepm,Developer,Developer - Sr,Developer,4 - Senior
andrerp,Developer,Developer - Jr,Developer,2 - Junior
andrers,Tester,QA - Sr,QA,4 - Senior
andres.acuna,Data Developer,Data Developer - Sr,Data Developer,4 - Senior
andres.bonilla,Data Developer,Data Developer - Sr,Data Developer,4 - Senior
andres.hita,Data Developer,Data Developer - Mid,Data Developer,3 - Mid-Level
andres.huertas,Squad Leader,Squad Leader,Squad Leader,5 - Master / Manager
andres.manrique,Data Developer,Data Developer - Sr,Data Developer,4 - Senior
andres.mejia,Developer,Developer - Sr,Developer,4 - Senior
andres.morales,Quality Analyst,QA - Sr,QA,4 - Senior
andres.ortiz,Developer,Developer - Mid,Developer,3 - Mid-Level
andres.reyes,Developer,Developer - Sr,Developer,4 - Senior
andres.rosales,Quality Analyst,QA - Jr,QA,2 - Junior
andres.sanchez,Tech Intern,Intern,Intern,1 - Intern
andresantiago,Developer,Developer - Sr,Developer,4 - Senior
andresilva,Developer Master,Developer - Master,Developer,5 - Master / Manager
andresilveira,Senior Manager,Senior Manager,Senior Manager,6 - Master 2 / Senior Manager
andresmgr,Developer,Developer - Sr,Developer,4 - Senior
andresn,Product Designer Expert,UI Designer - Master,UI Designer,5 - Master / Manager
andresquillace,Developer,Developer - Sr,Developer,4 - Senior
andresr,Developer,Developer - Sr,Developer,4 - Senior
andressa.batista,UI Designer,UI Designer - Mid,UI Designer,3 - Mid-Level
andressa.sampaio,Scrum Master,Scrum Master,Scrum Master,4 - Senior
andressac,Developer,Developer - Mid,Developer,3 - Mid-Level
andressacr,Developer,Developer - Jr,Developer,2 - Junior
andressaf,UI Designer,UI Designer - Mid,UI Designer,3 - Mid-Level
andressafernandes,Support Analyst,Support Analyst - Mid,Support Analyst,3 - Mid-Level
andressarm,Tester,QA - Mid,QA,3 - Mid-Level
andressas,Developer,Developer - Jr,Developer,2 - Junior
andressasm,Squad Leader,Squad Leader,Squad Leader,5 - Master / Manager
andresuave,Software Architect,Software Architect - Sr,Software Architect,4 - Senior
andretc,Developer Master,Developer - Master,Developer,5 - Master / Manager
andretm,Developer,Developer - Mid,Developer,3 - Mid-Level
andrevc,Developer,Developer - Mid,Developer,3 - Mid-Level
andrew,Scrum Master,Scrum Master,Scrum Master,3 - Mid-Level
andrewl,Developer,Developer - Sr,Developer,4 - Senior
andrewm,Support Analyst,Intern,Intern,1 - Intern
andrewz,Software Architect,Software Architect - Sr,Software Architect,4 - Senior
andrexm,Developer,Developer - Sr,Developer,4 - Senior
andreylara,Developer,Developer - Mid,Developer,3 - Mid-Level
andrez,"Senior Business Director, EMEA",Senior Manager,Senior Manager,6 - Master 2 / Senior Manager
andreza.andrezo,Squad Leader,Squad Leader,Squad Leader,5 - Master / Manager
andrezac,Tester,QA - Sr,QA,4 - Senior
andrezam,Developer,Developer - Jr,Developer,2 - Junior
andrezap,Digital Strategist,Digital Strategist,Digital Strategist,5 - Master / Manager
andrezasecon,Developer,Developer - Sr,Developer,4 - Senior
andrezf,Developer,Developer - Sr,Developer,4 - Senior
andrielle.calegari,Tester,Not Applicable,Not Applicable,5 - Master / Manager
andriza,Senior Manager,Senior Manager,Senior Manager,6 - Master 2 / Senior Manager
andyl,Tester,QA - Jr,QA,2 - Junior
aneleine.oliveira,Squad Leader,Scrum Master,Scrum Master,4 - Senior
anelises,Data & Analytics Specialist,Data Analyst - Mid,Data Analyst,3 - Mid-Level
aneor,Developer,Developer - Sr,Developer,4 - Senior
anestephanie,UX Designer,UX Specialist - Mid,UX Specialist,3 - Mid-Level
angel.rios,Developer,Developer - Sr,Developer,4 - Senior
angela.fonseca,Content Manager,Business Analyst - Mid,Business Analyst,3 - Mid-Level
angela.jerez,Squad Leader,Scrum Master,Scrum Master,4 - Senior
angelahuelgas,Developer,Developer - Jr,Developer,2 - Junior
angelasantos,Developer,Developer - Jr,Developer,2 - Junior
angelicacruz,Product Owner,Business Analyst - Sr,Business Analyst,4 - Senior
angelicads,Developer,Developer - Jr,Developer,2 - Junior
angelicaf,Tester,QA - Mid,QA,3 - Mid-Level
angelicapires,Product Designer,UI Designer - Mid,UI Designer,3 - Mid-Level
angelicas,Developer,Developer - Mid,Developer,3 - Mid-Level
angelicaweiler,Developer,Developer - Sr,Developer,4 - Senior
angelo.neto,Developer,Developer - Sr,Developer,4 - Senior
angelobernardes,Tester,QA - Sr,QA,4 - Senior
angelof,Developer,Developer - Sr,Developer,4 - Senior
angelolucas,Developer,Developer - Mid,Developer,3 - Mid-Level
angelom,Developer,Developer - Sr,Developer,4 - Senior
angelvn,Squad Leader,Scrum Master,Scrum Master,4 - Senior
angyg,Developer,Developer - Sr,Developer,4 - Senior
anna,Project Manager,Project Manager,Project Manager,5 - Master / Manager
annab,Squad Leader,Scrum Master,Scrum Master,4 - Senior
annacs,Product Manager,Product Manager,Product Manager,5 - Master / Manager
annalaudares,Developer,Developer - Jr,Developer,2 - Junior
annan,Squad Leader,Scrum Master,Scrum Master,4 - Senior
anne.silva,Tester,QA - Sr,QA,4 - Senior
anneh,Scrum Master,Scrum Master,Scrum Master,4 - Senior
annemarie.checinski,Squad Leader,Squad Leader,Squad Leader,5 - Master / Manager
annesilva,Data Developer,Data Developer - Jr,Data Developer,2 - Junior
annevg,Data & Analytics Specialist,Data Analyst - Jr,Data Analyst,2 - Junior
annicaroline,Developer,Developer - Sr,Developer,4 - Senior
annl,Tester,QA - Mid,QA,3 - Mid-Level
annyaraujo,Developer,Developer - Jr,Developer,2 - Junior
anthonygdos,Developer,Developer - Mid,Developer,3 - Mid-Level
antoine.mallah,Developer,Developer - Mid,Developer,3 - Mid-Level
antongarcia,Developer,Developer - Sr,Developer,4 - Senior
antonio.jesus,Developer Master,Developer - Master,Developer,5 - Master / Manager
antonio.junior,Data Developer,Data Developer - Sr,Data Developer,4 - Senior
antoniobueno,Developer,Developer - Mid,Developer,3 - Mid-Level
antoniocorrea,Developer,Developer - Sr,Developer,4 - Senior
antoniocr,Senior Manager,Senior Manager,Senior Manager,6 - Master 2 / Senior Manager
antoniodias,Tester,QA - Mid,QA,3 - Mid-Level
antoniojss,Systems Architect,Systems Architect,Systems Architect,5 - Master / Manager
antoniojustino,Developer,Developer - Mid,Developer,3 - Mid-Level
antoniomaluf,Data Developer,Data Developer - Mid,Data Developer,3 - Mid-Level
antoniomj,Developer,Developer - Mid,Developer,3 - Mid-Level
antoniomn,Software Architect,Software Architect - Sr,Software Architect,4 - Senior
antoniomr,Developer,Developer - Mid,Developer,3 - Mid-Level
antoniomt,Developer,Developer - Mid,Developer,3 - Mid-Level
antonion,Developer,Developer - Sr,Developer,4 - Senior
antoniont,Data Developer,Data Developer - Sr,Data Developer,4 - Senior
antonioo,Developer,Developer - Sr,Developer,4 - Senior
antoniosf,Developer,Developer - Sr,Developer,4 - Senior
antonioss,Data Developer,Data Developer - Sr,Data Developer,4 - Senior
antoniot,Developer,Developer - Jr,Developer,2 - Junior
antoniow,Senior Manager,Senior Manager,Senior Manager,6 - Master 2 / Senior Manager
antonioz,Developer,Developer - Sr,Developer,4 - Senior
antonnys,Developer,Intern,Intern,1 - Intern
antonycm,Tester,QA - Mid,QA,3 - Mid-Level
antonyf,Developer,Developer - Mid,Developer,3 - Mid-Level
aparecidaa,Developer,Intern,Intern,1 - Intern
aparecidasr,Developer,Developer - Sr,Developer,4 - Senior
apeglow,Developer,Developer - Mid,Developer,3 - Mid-Level
apelizza,Developer,Developer - Sr,Developer,4 - Senior
apeterson,Developer,Intern,Intern,1 - Intern
apinheiro,Developer,Developer - Sr,Developer,4 - Senior
apolomr,Developer Master,Developer - Master,Developer,5 - Master / Manager
apresotto,Product Manager,Product Manager,Product Manager,5 - Master / Manager
apvendramin,Developer,Developer - Sr,Developer,4 - Senior
aramalho,Senior Manager,Senior Manager,Senior Manager,6 - Master 2 / Senior Manager
aramos,Senior Digital Strategist,Senior Digital Strategist,Senior Digital Strategist,6 - Master 2 / Senior Manager
araujo.bruno,Developer,Developer - Sr,Developer,4 - Senior
arcerito,Group Product Manager,Senior Manager,Senior Manager,6 - Master 2 / Senior Manager
areimer,Systems Architect,Systems Architect,Systems Architect,5 - Master / Manager
ariane.ferreira,Developer,Developer - Mid,Developer,3 - Mid-Level
arianec,Project Manager,Project Manager,Project Manager,5 - Master / Manager
arianerocha,Developer,Developer - Jr,Developer,2 - Junior
ariele,Squad Leader,Squad Leader,Squad Leader,5 - Master / Manager
arielg,Data Developer,Data Developer - Mid,Data Developer,3 - Mid-Level
arissa,Scrum Master,Scrum Master,Scrum Master,4 - Senior
aristeu,Developer,Developer - Sr,Developer,4 - Senior
armanelli,Scrum Master,Squad Leader,Squad Leader,5 - Master / Manager
armedc,Developer,Developer - Sr,Developer,4 - Senior
arnaldokt,Squad Leader,Squad Leader,Squad Leader,5 - Master / Manager
arnoldm,Data & Analytics Specialist,Data Analyst - Sr,Data Analyst,4 - Senior
aronjasper,Developer,Developer - Sr,Developer,4 - Senior
aroque,Developer,Developer - Sr,Developer,4 - Senior
arthur,Principal Data Scientist,Not Applicable,Not Applicable,6 - Master 2 / Senior Manager
arthurag,Tester,QA - Mid,QA,3 - Mid-Level
arthurbicalho,Developer,Developer - Mid,Developer,3 - Mid-Level
arthurbrum,Developer,Developer - Sr,Developer,4 - Senior
arthurcardoso,Developer,Developer - Mid,Developer,3 - Mid-Level
arthurcs,Developer,Developer - Sr,Developer,4 - Senior
arthurfujii,Developer,Intern,Intern,1 - Intern
arthurgregorio,Developer,Developer - Mid,Developer,3 - Mid-Level
arthurhac,Developer,Developer - Mid,Developer,3 - Mid-Level
arthurhdo,Developer,Developer - Mid,Developer,3 - Mid-Level
arthurhf,Tester,QA - Sr,QA,4 - Senior
arthurk,Data & Analytics Specialist,Data Analyst - Sr,Data Analyst,4 - Senior
arthurnb,Developer,Developer - Mid,Developer,3 - Mid-Level
arthurquites,Software Architect,Software Architect - Sr,Software Architect,4 - Senior
arthurrc,Developer,Developer - Sr,Developer,4 - Senior
arthursabbatini,Developer,Developer - Sr,Developer,4 - Senior
arthurv,Senior Product Director,Senior Manager,Senior Manager,6 - Master 2 / Senior Manager
arthurvs,Developer Master,Developer - Master,Developer,5 - Master / Manager
arturc,Developer,Developer - Mid,Developer,3 - Mid-Level
arturj,Software Architect,Software Architect - Sr,Software Architect,4 - Senior
arturoq,Developer,Developer - Mid,Developer,3 - Mid-Level
arturpc,Developer,Developer - Mid,Developer,3 - Mid-Level
arturs,Developer,Developer - Sr,Developer,4 - Senior
artursc,Developer,Developer - Sr,Developer,4 - Senior
aruani,Digital Strategist,Digital Strategist,Digital Strategist,5 - Master / Manager
aruger,Tester,QA - Mid,QA,3 - Mid-Level
aryelr,Support Analyst,Support Analyst - Sr,Support Analyst,4 - Senior
arygabriel,Developer,Developer - Sr,Developer,4 - Senior
aschillreff,Developer,Intern,Intern,1 - Intern
aschmitt,Software Architect,Software Architect - Sr,Software Architect,4 - Senior
asenl,Developer,Developer - Mid,Developer,3 - Mid-Level
ashley.behari,Business Analyst,Not Applicable,Not Applicable,4 - Senior
ashleyc,Developer,Developer - Sr,Developer,4 - Senior
asignorette,Architecture Manager,Principal Architect,Principal Architect,6 - Master 2 / Senior Manager
asouza,Developer Master,Developer - Master,Developer,5 - Master / Manager
ataide,Senior Manager,Senior Manager,Senior Manager,6 - Master 2 / Senior Manager
athos,Tester,QA - Sr,QA,4 - Senior
athossilva,Developer,Developer - Jr,Developer,2 - Junior
atiliof,Developer,Developer - Mid,Developer,3 - Mid-Level
atillam,Developer,Developer - Sr,Developer,4 - Senior
atingson,Developer,Developer - Mid,Developer,3 - Mid-Level
atoazza,Tester,QA - Mid,QA,3 - Mid-Level
atos,Developer,Developer - Mid,Developer,3 - Mid-Level
atrombetone,Developer,Developer - Sr,Developer,4 - Senior
augusto.gregorio,Developer,Developer - Sr,Developer,4 - Senior
augustoc,Developer,Developer - Mid,Developer,3 - Mid-Level
augustoft,Developer,Developer - Sr,Developer,4 - Senior
augustog,Data & Analytics Specialist Master,Data Analyst - Master,Data Analyst,5 - Master / Manager
augustogm,Developer,Developer - Jr,Developer,2 - Junior
augustos,Developer,Developer - Sr,Developer,4 - Senior
aura.rincon,Squad Leader,Squad Leader,Squad Leader,5 - Master / Manager
aureliomarco,Developer,Developer - Sr,Developer,4 - Senior
aurelion,Developer Master,Developer - Master,Developer,5 - Master / Manager
avanilson,Developer,Developer - Sr,Developer,4 - Senior
avieannetorres,Scrum Master,Scrum Master,Scrum Master,4 - Senior
axel.sotelo,Developer,Developer - Sr,Developer,4 - Senior
axell,Developer,Developer - Mid,Developer,3 - Mid-Level
ayamaguishi,Developer,Intern,Intern,1 - Intern
ayanny,Developer,Developer - Mid,Developer,3 - Mid-Level
azappala,Squad Leader,Squad Leader,Squad Leader,5 - Master / Manager
balbuquerque,Data Scientist Master,Data Scientist - Master,Data Scientist,5 - Master / Manager
bangw,Developer,Developer - Jr,Developer,2 - Junior
barbara.ewerling,Project Manager,Project Manager,Project Manager,5 - Master / Manager
barbara.silverio,Developer,Developer - Mid,Developer,3 - Mid-Level
barbaracs,Developer,Developer - Sr,Developer,4 - Senior
barbarad,Developer,Developer - Mid,Developer,3 - Mid-Level
barbarag,Developer,Developer - Sr,Developer,4 - Senior
barbaraj,Developer,Developer - Sr,Developer,4 - Senior
barbararibeiro,Developer,Developer - Jr,Developer,2 - Junior
barbarars,Developer,Developer - Mid,Developer,3 - Mid-Level
barbarat,Senior Manager,Senior Manager,Senior Manager,6 - Master 2 / Senior Manager
barboza,Software Architect,Software Architect - Sr,Software Architect,4 - Senior
barz,Architecture Manager,Principal Architect,Principal Architect,6 - Master 2 / Senior Manager
bbarcelos,Developer,Developer - Jr,Developer,2 - Junior
bbarreto,Developer,Developer - Mid,Developer,3 - Mid-Level
bbeato,Developer,Developer - Mid,Developer,3 - Mid-Level
bbengochea,Developer,Developer - Mid,Developer,3 - Mid-Level
bberaldi,Architecture Manager,Principal Architect,Principal Architect,6 - Master 2 / Senior Manager
bberton,Developer Master,Developer - Master,Developer,5 - Master / Manager
bbortolucci,Developer,Developer - Sr,Developer,4 - Senior
bbrandao,Software Architect,Software Architect - Sr,Software Architect,4 - Senior
bbreder,Developer Master,Developer - Master,Developer,5 - Master / Manager
bbrito,Developer,Intern,Intern,1 - Intern
bcaboclo,Developer,Developer - Mid,Developer,3 - Mid-Level
bcaffaro,Product Manager,Product Manager,Product Manager,5 - Master / Manager
bcardemas,Tester,QA - Sr,QA,4 - Senior
bcarrara,Developer,Developer - Jr,Developer,2 - Junior
bcassiamani,Developer,Developer - Sr,Developer,4 - Senior
bcezar,Developer,Developer - Sr,Developer,4 - Senior
bchagas,Developer,Developer - Sr,Developer,4 - Senior
bchimetta,Data Scientist,Data Scientist - Sr,Data Scientist,4 - Senior
bcurvello,Developer,Developer - Mid,Developer,3 - Mid-Level
bdelmouro,Developer,Developer - Mid,Developer,3 - Mid-Level
bduran,Developer,Developer - Sr,Developer,4 - Senior
beatrizam,Developer,Developer - Jr,Developer,2 - Junior
beatrizc,Information Security Analyst,Support Analyst - Jr,Support Analyst,2 - Junior
beatrizf,Developer,Developer - Sr,Developer,4 - Senior
beatrizfc,Tester,QA - Mid,QA,3 - Mid-Level
beatrizl,Data Developer,Data Developer - Mid,Data Developer,3 - Mid-Level
beatrizlima,Developer,Developer - Mid,Developer,3 - Mid-Level
beatrizms,Developer,Developer - Jr,Developer,2 - Junior
beatriznunes,Business Analyst,Business Analyst - Sr,Business Analyst,4 - Senior
beatrizor,Developer,Developer - Jr,Developer,2 - Junior
beatrizp,Tester,QA - Sr,QA,4 - Senior
beatrizpv,Data Developer,Data Developer - Mid,Data Developer,3 - Mid-Level
beatrizrc,Tester,QA - Mid,QA,3 - Mid-Level
beatrizrodrigues,Developer,Developer - Mid,Developer,3 - Mid-Level
beatrizsv,Data & Analytics Specialist,Data Analyst - Sr,Data Analyst,4 - Senior
beatrizt,Developer,Developer - Jr,Developer,2 - Junior
beatryzs,Developer,Developer - Jr,Developer,2 - Junior
beirisoares,Developer,Developer - Sr,Developer,4 - Senior
benjamim,Developer,Developer - Mid,Developer,3 - Mid-Level
bennyz,Project Manager,Project Manager,Project Manager,5 - Master / Manager
bentof,Developer,Developer - Sr,Developer,4 - Senior
bernard,Senior Manager,Senior Manager,Senior Manager,6 - Master 2 / Senior Manager
bernardo.andreatta,Developer,Developer - Jr,Developer,2 - Junior
bernardoaragao,Developer,Developer - Sr,Developer,4 - Senior
bernardoc,Developer,Developer - Jr,Developer,2 - Junior
bernardod,Developer,Intern,Intern,1 - Intern
bernardorl,Developer,Developer - Sr,Developer,4 - Senior
bernardov,Developer,Developer - Jr,Developer,2 - Junior
bethania,Architecture Manager,Principal Architect,Principal Architect,6 - Master 2 / Senior Manager
beyondzh,Developer,Developer - Mid,Developer,3 - Mid-Level
bgalvao,Squad Leader,Squad Leader,Squad Leader,5 - Master / Manager
bgazoni,Developer,Developer - Mid,Developer,3 - Mid-Level
bgonzales,Product Designer,UI Designer - Mid,UI Designer,3 - Mid-Level
bguimaraes,Developer,Developer - Mid,Developer,3 - Mid-Level
bianca,Squad Leader,Scrum Master,Scrum Master,4 - Senior
bianca.dorta,Product Designer,UI Designer - Mid,UI Designer,3 - Mid-Level
biancab,Developer,Developer - Sr,Developer,4 - Senior
biancacpa,Data Developer,Data Developer - Jr,Data Developer,2 - Junior
biancap,Tester,QA - Sr,QA,4 - Senior
biancarodrigues,Developer,Developer - Mid,Developer,3 - Mid-Level
bibinw,Developer,Developer - Mid,Developer,3 - Mid-Level
bienpascual,Developer,Developer - Sr,Developer,4 - Senior
bingol,Developer,Developer - Mid,Developer,3 - Mid-Level
bingtong,Software Architect,Software Architect - Sr,Software Architect,4 - Senior
bisheng,Developer,Developer - Mid,Developer,3 - Mid-Level
bjrodriguez,Developer,Developer - Mid,Developer,3 - Mid-Level
bkimura,Developer,Intern,Intern,1 - Intern
blendasf,Business Expert,Business Analyst - Sr,Business Analyst,5 - Master / Manager
bleno.vale,Squad Leader,Scrum Master,Scrum Master,4 - Senior
blongato,UX/UI Designer,UX Specialist - Sr,UX Specialist,4 - Senior
blunetta,Tester,QA - Mid,QA,3 - Mid-Level
bmaesta,Tester,QA - Sr,QA,4 - Senior
bmanente,Developer,Developer - Mid,Developer,3 - Mid-Level
bmarafante,UI Designer,UI Designer - Sr,UI Designer,4 - Senior
bmariano,Developer,Developer - Sr,Developer,4 - Senior
bmarim,Systems Architect,Systems Architect,Systems Architect,5 - Master / Manager
bmarini,Developer Master,Developer - Master,Developer,5 - Master / Manager
bmartires,Developer,Developer - Mid,Developer,3 - Mid-Level
bmascarini,Developer,Intern,Intern,1 - Intern
bmatiquevis,Developer,Developer - Mid,Developer,3 - Mid-Level
bmecabo,Developer,Intern,Intern,1 - Intern
bmelo,Developer,Developer - Sr,Developer,4 - Senior
bmoraes,Developer,Developer - Sr,Developer,4 - Senior
bmorgan,Developer Master,Developer - Master,Developer,5 - Master / Manager
bmuliterno,Developer,Developer - Jr,Developer,2 - Junior
bneves,Squad Leader,Squad Leader,Squad Leader,5 - Master / Manager
bobz,Software Architect,Software Architect - Sr,Software Architect,4 - Senior
bpiardi,Squad Leader,Squad Leader,Squad Leader,5 - Master / Manager
bporto,Scrum Master,Scrum Master,Scrum Master,3 - Mid-Level
bprates,Developer,Intern,Intern,1 - Intern
brafael,Squad Leader,Squad Leader,Squad Leader,5 - Master / Manager
brandonm,Developer,Developer - Mid,Developer,3 - Mid-Level
braulio,Developer,Developer - Sr,Developer,4 - Senior
brayan.vega,Developer,Developer - Mid,Developer,3 - Mid-Level
brayanf,Developer,Developer - Mid,Developer,3 - Mid-Level
brayangl,Tester,QA - Sr,QA,4 - Senior
brenac,Developer,Developer - Mid,Developer,3 - Mid-Level
brendaa,UI Designer,Intern,Intern,1 - Intern
brendalc,Developer,Developer - Mid,Developer,3 - Mid-Level
brendav,Developer,Developer - Mid,Developer,3 - Mid-Level
brendha,Squad Leader,Squad Leader,Squad Leader,5 - Master / Manager
brendok,Developer,Developer - Sr,Developer,4 - Senior
breno.teodoro,Tester,QA - Sr,QA,4 - Senior
brenocosta,Developer,Developer - Mid,Developer,3 - Mid-Level
brenodias,Developer Master,Developer - Master,Developer,5 - Master / Manager
brenoff,Developer,Developer - Sr,Developer,4 - Senior
brenolapa,Tester,QA - Mid,QA,3 - Mid-Level
brenols,Developer,Developer - Jr,Developer,2 - Junior
brenomf,Data Developer Master,Data Developer - Master,Data Developer,5 - Master / Manager
brenor,Developer,Developer - Mid,Developer,3 - Mid-Level
brezende,Project Manager,Project Manager,Project Manager,5 - Master / Manager
brianb,Developer,Developer - Mid,Developer,3 - Mid-Level
brianlima,UX Researcher,UX Specialist - Sr,UX Specialist,4 - Senior
brisa,Business Analyst,Business Analyst - Sr,Business Analyst,4 - Senior
brneves,Data Developer,Data Developer - Sr,Data Developer,4 - Senior
brodrigues,Squad Leader,Squad Leader,Squad Leader,5 - Master / Manager
bromeiro,Developer,Developer - Mid,Developer,3 - Mid-Level
bruna.delboni,Squad Leader,Scrum Master,Scrum Master,4 - Senior
bruna.oliveira,Developer,Developer - Jr,Developer,2 - Junior
brunacaciatori,Tester,QA - Mid,QA,3 - Mid-Level
brunacl,Marketing Analyst,Not Applicable,Not Applicable,3 - Mid-Level
brunadb,Developer,Developer - Sr,Developer,4 - Senior
brunagoncalves,Developer,Intern,Intern,1 - Intern
brunags,Tester,QA - Sr,QA,4 - Senior
brunak,Project Manager,Project Manager,Project Manager,5 - Master / Manager
brunal,Developer,Developer - Sr,Developer,4 - Senior
brunals,Data & Analytics Specialist,Data Analyst - Sr,Data Analyst,4 - Senior
brunamendes,Scrum Master,Scrum Master,Scrum Master,4 - Senior
brunap,Software Architect,Software Architect - Sr,Software Architect,4 - Senior
brunarossini,Scrum Master,Scrum Master,Scrum Master,4 - Senior
brunefreire,Developer,Developer - Mid,Developer,3 - Mid-Level
brunnas,Squad Leader,Squad Leader,Squad Leader,5 - Master / Manager
bruno.bampi,Developer,Developer - Sr,Developer,4 - Senior
bruno.brazil,Developer,Developer - Sr,Developer,4 - Senior
bruno.carvalho,Data Developer,Data Developer - Mid,Data Developer,3 - Mid-Level
bruno.dantas,Developer,Developer - Mid,Developer,3 - Mid-Level
bruno.falarz,Scrum Master,Scrum Master,Scrum Master,3 - Mid-Level
bruno.lima,Developer,Developer - Sr,Developer,4 - Senior
bruno.martins,Developer,Developer - Mid,Developer,3 - Mid-Level
bruno.ohashi,Developer,Developer - Sr,Developer,4 - Senior
bruno.oliveira,Developer,Developer - Sr,Developer,4 - Senior
bruno.pavanelli,Tester,QA - Sr,QA,4 - Senior
bruno.rossi,Developer,Developer - Sr,Developer,4 - Senior
bruno.santos,Developer,Developer - Sr,Developer,4 - Senior
bruno.sousa,Developer,Developer - Sr,Developer,4 - Senior
bruno.souza,Developer,Developer - Jr,Developer,2 - Junior
bruno.vasquez,Developer,Developer - Sr,Developer,4 - Senior
brunoa,Developer,Developer - Sr,Developer,4 - Senior
brunoabdon,Developer,Developer - Sr,Developer,4 - Senior
brunoac,Developer,Developer - Mid,Developer,3 - Mid-Level
brunoalexandre,Software Architect,Software Architect - Sr,Software Architect,4 - Senior
brunoandreotti,Developer,Developer - Mid,Developer,3 - Mid-Level
brunoaraujo,Tester,QA - Sr,QA,4 - Senior
brunoaugusto,Systems Architect,Systems Architect,Systems Architect,5 - Master / Manager
brunobb,Developer,Developer - Mid,Developer,3 - Mid-Level
brunobc,Developer,Developer - Mid,Developer,3 - Mid-Level
brunoborja,Data Developer,Data Developer - Sr,Data Developer,4 - Senior
brunobotelho,Architecture Manager,Principal Architect,Principal Architect,6 - Master 2 / Senior Manager
brunobp,Senior Manager,Senior Manager,Senior Manager,6 - Master 2 / Senior Manager
brunocarvalho,Developer,Developer - Sr,Developer,4 - Senior
brunocastro,Data Developer,Data Developer - Sr,Data Developer,4 - Senior
brunocb,Software Architect,Software Architect - Sr,Software Architect,4 - Senior
brunocc,Developer,Developer - Mid,Developer,3 - Mid-Level
brunocesar,Developer,Developer - Mid,Developer,3 - Mid-Level
brunocr,Developer,Developer - Mid,Developer,3 - Mid-Level
brunocs,Squad Leader,Squad Leader,Squad Leader,5 - Master / Manager
brunodias,Developer,Developer - Mid,Developer,3 - Mid-Level
brunoestima,Developer,Developer - Sr,Developer,4 - Senior
brunof,Architecture Manager,Principal Architect,Principal Architect,6 - Master 2 / Senior Manager
brunofabian,Data Developer Master,Data Developer - Master,Data Developer,5 - Master / Manager
brunofaria,Developer,Developer - Mid,Developer,3 - Mid-Level
brunofdm,Developer,Developer - Mid,Developer,3 - Mid-Level
brunofm,Developer,Developer - Jr,Developer,2 - Junior
brunofs,Developer,Intern,Intern,1 - Intern
brunogc,"Senior Director, Architecture",Principal Architect,Principal Architect,6 - Master 2 / Senior Manager
brunogs,Systems Architect,Systems Architect,Systems Architect,5 - Master / Manager
brunohm,Developer,Developer - Mid,Developer,3 - Mid-Level
brunohp,Developer,Developer - Sr,Developer,4 - Senior
brunohr,Data & Analytics Specialist,Data Analyst - Sr,Data Analyst,4 - Senior
brunohs,Squad Leader,Squad Leader,Squad Leader,5 - Master / Manager
brunoj,Systems Architect,Systems Architect,Systems Architect,5 - Master / Manager
brunojf,Developer,Developer - Mid,Developer,3 - Mid-Level
brunols,Systems Architect,Systems Architect,Systems Architect,5 - Master / Manager
brunomarinho,Software Architect,Software Architect - Sr,Software Architect,4 - Senior
brunomartho,Developer Master,Developer - Master,Developer,5 - Master / Manager
brunomb,Senior Manager,Senior Manager,Senior Manager,6 - Master 2 / Senior Manager
brunomiranda,Data Developer,Data Developer - Jr,Data Developer,2 - Junior
brunoms,Tester Master,QA - Master,QA,5 - Master / Manager
brunonascimento,Developer,Developer - Mid,Developer,3 - Mid-Level
brunoog,Developer,Developer - Jr,Developer,2 - Junior
brunooliveira,Developer,Developer - Mid,Developer,3 - Mid-Level
brunoortega,Data & Analytics Specialist Master,Data Analyst - Master,Data Analyst,5 - Master / Manager
brunoos,Squad Leader,Squad Leader,Squad Leader,5 - Master / Manager
brunopegorari,Tester,QA - Sr,QA,4 - Senior
brunopupp,Developer,Developer - Sr,Developer,4 - Senior
brunorf,Developer Master,Developer - Master,Developer,5 - Master / Manager
brunorocha,Developer,Developer - Mid,Developer,3 - Mid-Level
brunort,Developer,Developer - Mid,Developer,3 - Mid-Level
brunos,Developer Master,Developer - Master,Developer,5 - Master / Manager
brunosantos,Developer,Developer - Mid,Developer,3 - Mid-Level
brunosh,Developer,Developer - Mid,Developer,3 - Mid-Level
brunosilveira,Tester,QA - Mid,QA,3 - Mid-Level
brunosm,Developer,Developer - Sr,Developer,4 - Senior
brunosousa,Developer,Developer - Sr,Developer,4 - Senior
brunosuzuki,Tester,QA - Sr,QA,4 - Senior
brunots,Developer,Developer - Sr,Developer,4 - Senior
brunov,Developer Master,Developer - Master,Developer,5 - Master / Manager
brunovg,Developer,Developer - Mid,Developer,3 - Mid-Level
brunovm,Data Developer,Data Developer - Jr,Data Developer,2 - Junior
brunoy,Data Developer,Data Developer - Mid,Data Developer,3 - Mid-Level
brunoz,Developer,Developer - Sr,Developer,4 - Senior
bryan.albuquerque,Developer,Developer - Sr,Developer,4 - Senior
bryan.tovar,Developer,Developer - Sr,Developer,4 - Senior
bryanb,Senior Manager,Senior Manager,Senior Manager,6 - Master 2 / Senior Manager
bryanf,Developer,Developer - Jr,Developer,2 - Junior
bryanj,Developer,Developer - Mid,Developer,3 - Mid-Level
bsanterres,Developer,Developer - Jr,Developer,2 - Junior
bsantiago,Data Developer,Data Developer - Sr,Data Developer,4 - Senior
bsavani,Developer,Developer - Mid,Developer,3 - Mid-Level
bsetti,Business Analyst,Business Analyst - Mid,Business Analyst,3 - Mid-Level
bsilveira,Architecture Manager,Principal Architect,Principal Architect,6 - Master 2 / Senior Manager
bsimoes,Squad Leader,Squad Leader,Squad Leader,5 - Master / Manager
bsuzuki,Developer,Developer - Mid,Developer,3 - Mid-Level
btarijon,Developer,Developer - Mid,Developer,3 - Mid-Level
btavares,Developer,Developer - Mid,Developer,3 - Mid-Level
bteixeira,Developer,Developer - Sr,Developer,4 - Senior
bthuma,Developer,Developer - Mid,Developer,3 - Mid-Level
bvasconcelos,Project Manager,Project Manager,Project Manager,5 - Master / Manager
bventorin,Product Designer Expert,UI Designer - Master,UI Designer,5 - Master / Manager
bveronezi,Developer,Developer - Sr,Developer,4 - Senior
bxavier,Developer,Developer - Mid,Developer,3 - Mid-Level
byancaribeiro,Developer,Developer - Sr,Developer,4 - Senior
bzemolin,Software Architect,Software Architect - Sr,Software Architect,4 - Senior
caio.fontanetti,Developer,Developer - Mid,Developer,3 - Mid-Level
caio.goncalves,Developer,Developer - Mid,Developer,3 - Mid-Level
caio.nishibe,Software Architect,Software Architect - Sr,Software Architect,4 - Senior
caio.santos,Developer,Developer - Sr,Developer,4 - Senior
caio.silveira,Developer,Developer - Sr,Developer,4 - Senior
caioaugusto,Tester,QA - Mid,QA,3 - Mid-Level
caiobarros,Developer,Developer - Sr,Developer,4 - Senior
caiocatin,Data & Analytics Specialist,Data Analyst - Sr,Data Analyst,4 - Senior
caiocf,Support Analyst,Support Analyst - Mid,Support Analyst,3 - Mid-Level
caiocruz,Developer,Developer - Sr,Developer,4 - Senior
caiocs,Developer,Intern,Intern,1 - Intern
caiocurvina,Developer,Developer - Sr,Developer,4 - Senior
caioe,Developer,Developer - Jr,Developer,2 - Junior
caioeduardo,Developer,Developer - Jr,Developer,2 - Junior
caiof,Tester,QA - Mid,QA,3 - Mid-Level
caiofm,Scrum Master,Scrum Master,Scrum Master,4 - Senior
caiohc,Developer,Developer - Sr,Developer,4 - Senior
caiohenrique,Developer,Developer - Sr,Developer,4 - Senior
caiomatos,Developer,Developer - Sr,Developer,4 - Senior
caiomt,Systems Architect,Systems Architect,Systems Architect,5 - Master / Manager
caionormando,Project Manager,Project Manager,Project Manager,5 - Master / Manager
caiovfa,Developer,Developer - Mid,Developer,3 - Mid-Level
caioviga,Developer,Developer - Sr,Developer,4 - Senior
caioyoshida,Developer,Developer - Mid,Developer,3 - Mid-Level
caique,Software Architect,Software Architect - Sr,Software Architect,4 - Senior
caique.carvalho,UX Designer,UX Specialist - Mid,UX Specialist,3 - Mid-Level
caiquebrener,Developer,Developer - Mid,Developer,3 - Mid-Level
caiqueg,Systems Architect,Systems Architect,Systems Architect,5 - Master / Manager
cajuperipolli,Developer,Developer - Mid,Developer,3 - Mid-Level
calexandre,Developer,Intern,Intern,1 - Intern
caliljaudian,Developer,Developer - Mid,Developer,3 - Mid-Level
calves,Tester,QA - Sr,QA,4 - Senior
camila.mendes,Developer,Developer - Mid,Developer,3 - Mid-Level
camilac,UI Designer,UI Designer - Mid,UI Designer,3 - Mid-Level
camilacanoa,Tester,QA - Sr,QA,4 - Senior
camilacf,Project Manager,Project Manager,Project Manager,5 - Master / Manager
camilacg,Data & Analytics Leader,Data Analyst - Sr,Data Analyst,4 - Senior
camilacorrea,Project Manager,Project Manager,Project Manager,5 - Master / Manager
camilaferreira,Product Designer,UI Designer - Jr,UI Designer,2 - Junior
camilafl,Developer,Developer - Mid,Developer,3 - Mid-Level
camilag,Developer,Developer - Mid,Developer,3 - Mid-Level
camilah,Developer,Intern,Intern,1 - Intern
camilal,Tester,QA - Mid,QA,3 - Mid-Level
camilalg,Product Designer Expert,UI Designer - Master,UI Designer,5 - Master / Manager
camilam,Product Owner,Business Analyst - Mid,Business Analyst,3 - Mid-Level
camilaml,Project Manager,Project Manager,Project Manager,5 - Master / Manager
camilanh,Developer,Developer - Sr,Developer,4 - Senior
camilaods,Developer,Developer - Jr,Developer,2 - Junior
camilaoliveira,Developer,Developer - Sr,Developer,4 - Senior
camilapl,Tester,QA - Sr,QA,4 - Senior
camilaps,Developer,Developer - Jr,Developer,2 - Junior
camilareimann,UI Designer,UI Designer - Sr,UI Designer,4 - Senior
camilasm,Tester,QA - Sr,QA,4 - Senior
camilasn,Tester,QA - Mid,QA,3 - Mid-Level
camilasq,Developer,Developer - Mid,Developer,3 - Mid-Level
camilavl,Tester,QA - Sr,QA,4 - Senior
camileanjos,Developer,Developer - Jr,Developer,2 - Junior
camillaf,Tester,QA - Sr,QA,4 - Senior
camillar,Tester,QA - Sr,QA,4 - Senior
camillas,Scrum Master,Scrum Master,Scrum Master,3 - Mid-Level
camillegachido,Developer,Developer - Mid,Developer,3 - Mid-Level
camilles,Software Architect,Software Architect - Sr,Software Architect,4 - Senior
camillo.hobeika,Product Manager,Product Manager,Product Manager,5 - Master / Manager
camilo.manrique,Support Analyst,Support Analyst - Jr,Support Analyst,2 - Junior
camilo.orejuela,Developer,Developer - Sr,Developer,4 - Senior
camilo.orozco,Developer,Developer - Sr,Developer,4 - Senior
camilo.sanchez,Developer,Developer - Sr,Developer,4 - Senior
camiloc,Business Analyst,Business Analyst - Sr,Business Analyst,4 - Senior
camilodiaz,Quality Analyst,QA - Mid,QA,3 - Mid-Level
campos,Principal Data Architect,Principal Architect,Principal Architect,6 - Master 2 / Senior Manager
canova,Senior Manager,Senior Manager,Senior Manager,6 - Master 2 / Senior Manager
cantonio,Developer Master,Developer - Master,Developer,5 - Master / Manager
caohan,Developer,Developer - Mid,Developer,3 - Mid-Level
capelan,Developer,Developer - Mid,Developer,3 - Mid-Level
carlak,Squad Leader,Scrum Master,Scrum Master,4 - Senior
carlaluena,Systems Architect,Systems Architect,Systems Architect,5 - Master / Manager
carlasoares,Developer,Developer - Sr,Developer,4 - Senior
carlos,Senior Manager,Senior Manager,Senior Manager,6 - Master 2 / Senior Manager
carlos.alves,Tester Master,QA - Master,QA,5 - Master / Manager
carlos.avila,Quality Analyst,QA - Sr,QA,4 - Senior
carlos.castillo,Developer,Developer - Mid,Developer,3 - Mid-Level
carlos.eduardo,Developer,Developer - Sr,Developer,4 - Senior
carlos.garrido,Product Manager-Americas,Business Analyst - Mid,Business Analyst,3 - Mid-Level
carlos.martimbianco,Systems Architect,Systems Architect,Systems Architect,5 - Master / Manager
carlos.oliveira,Data Developer,Data Developer - Sr,Data Developer,4 - Senior
carlos.ramirez,Systems Architect,Systems Architect,Systems Architect,5 - Master / Manager
carlos.renan,Developer,Developer - Mid,Developer,3 - Mid-Level
carlos.santos,Data Developer,Data Developer - Sr,Data Developer,4 - Senior
carlos.suarez,Developer,Developer - Mid,Developer,3 - Mid-Level
carlos.tosin,Scrum Master,Scrum Master,Scrum Master,4 - Senior
carlos.varoni,Developer,Developer - Sr,Developer,4 - Senior
carlosalves,Developer,Developer - Sr,Developer,4 - Senior
carlosaragon,Developer Master,Developer - Master,Developer,5 - Master / Manager
carloscf,Developer,Developer - Sr,Developer,4 - Senior
carloscs,Senior Manager,Senior Manager,Senior Manager,6 - Master 2 / Senior Manager
carlosdias,Senior Manager,Senior Manager,Senior Manager,6 - Master 2 / Senior Manager
carloseduardo,Systems Architect,Systems Architect,Systems Architect,5 - Master / Manager
carloses,Data Developer,Data Developer - Sr,Data Developer,4 - Senior
carlosfj,Developer,Developer - Mid,Developer,3 - Mid-Level
carloshenri,Developer,Developer - Sr,Developer,4 - Senior
carloshl,Architecture Manager,Principal Architect,Principal Architect,6 - Master 2 / Senior Manager
carlosjr,Developer,Developer - Mid,Developer,3 - Mid-Level
carlosmarquez,Support Analyst,Not Applicable,Not Applicable,3 - Mid-Level
carlosmv,Developer,Intern,Intern,1 - Intern
carloso,Developer,Developer - Sr,Developer,4 - Senior
carlospereira,Developer,Developer - Jr,Developer,2 - Junior
carlosqueiroz,Squad Leader,Scrum Master,Scrum Master,4 - Senior
carlosrc,Developer,Developer - Mid,Developer,3 - Mid-Level
carlosrn,Architecture Manager,Principal Architect,Principal Architect,6 - Master 2 / Senior Manager
carlosrocha,Developer,Developer - Mid,Developer,3 - Mid-Level
carlossantos,Developer,Developer - Sr,Developer,4 - Senior
carlossc,Software Architect,Software Architect - Sr,Software Architect,4 - Senior
carlosschmidt,Squad Leader,Squad Leader,Squad Leader,5 - Master / Manager
carlossj,Software Architect,Software Architect - Sr,Software Architect,4 - Senior
carlost,Software Architect,Software Architect - Sr,Software Architect,4 - Senior
carlosteixeira,Software Architect,Software Architect - Sr,Software Architect,4 - Senior
carlosts,Senior Manager,Senior Manager,Senior Manager,6 - Master 2 / Senior Manager
carlosu,Quality Analyst,QA - Sr,QA,4 - Senior
carlosxd,Software Architect,Software Architect - Sr,Software Architect,4 - Senior
carlosxp,Developer,Developer - Mid,Developer,3 - Mid-Level
carmela.vecchione,Not Applicable,Not Applicable,Not Applicable,3 - Mid-Level
carol.nino,Quality Analyst,QA - Mid,QA,3 - Mid-Level
carolina.alves,Not Applicable,Not Applicable,Not Applicable,4 - Senior
carolina.gonzalez,Scrum Master,Scrum Master,Scrum Master,4 - Senior
carolina.palacio,Developer,Developer - Mid,Developer,3 - Mid-Level
carolinaaichele,Business Analyst,Business Analyst - Mid,Business Analyst,3 - Mid-Level
carolinafv,Developer,Developer - Mid,Developer,3 - Mid-Level
carolinag,Product Development Manager,Product Manager,Product Manager,5 - Master / Manager
carolinagm,Tester,QA - Sr,QA,4 - Senior
carolinam,Data Developer,Data Developer - Jr,Data Developer,2 - Junior
carolinas,Squad Leader,Squad Leader,Squad Leader,5 - Master / Manager
carolinasilva,Data Developer,Data Developer - Sr,Data Developer,4 - Senior
carolinatdsa,Data Developer,Data Developer - Mid,Data Developer,3 - Mid-Level
caroline.alves,Tester,QA - Mid,QA,3 - Mid-Level
caroline.santos,Developer,Developer - Jr,Developer,2 - Junior
carolinefh,Business Analyst,Business Analyst - Sr,Business Analyst,4 - Senior
carolinep,Developer,Developer - Sr,Developer,4 - Senior
carolineribeiro,Squad Leader,Squad Leader,Squad Leader,5 - Master / Manager
caroliness,Developer,Intern,Intern,1 - Intern
carolinevp,Tester,QA - Mid,QA,3 - Mid-Level
carols,Business Analyst,Business Analyst - Sr,Business Analyst,4 - Senior
carolynaw,Developer,Developer - Sr,Developer,4 - Senior
carolynes,Tester,QA - Mid,QA,3 - Mid-Level
cassiap,Scrum Master,Scrum Master,Scrum Master,4 - Senior
cassioadriano,Developer,Developer - Sr,Developer,4 - Senior
cassiof,Developer,Developer - Sr,Developer,4 - Senior
cassiohp,Developer,Developer - Mid,Developer,3 - Mid-Level
cassiusr,Squad Leader,Squad Leader,Squad Leader,5 - Master / Manager
catalina.salgado,Tech Intern,Intern,Intern,1 - Intern
catarinacs,Developer,Developer - Jr,Developer,2 - Junior
catarinaps,Developer,Developer - Mid,Developer,3 - Mid-Level
catheriner,Project Manager,Project Manager,Project Manager,5 - Master / Manager
cathyq,Developer,Developer - Jr,Developer,2 - Junior
catial,Tester,QA - Mid,QA,3 - Mid-Level
caue,Tester,QA - Mid,QA,3 - Mid-Level
cauefv,Tester,QA - Mid,QA,3 - Mid-Level
cauem,Developer,Intern,Intern,1 - Intern
cauesouza,Developer,Developer - Sr,Developer,4 - Senior
caueuliani,Developer,Developer - Jr,Developer,2 - Junior
cbalbinot,Data & Analytics Specialist,Data Analyst - Jr,Data Analyst,2 - Junior
cbandeira,Developer,Developer - Jr,Developer,2 - Junior
cbarreto,Scrum Master,Scrum Master,Scrum Master,4 - Senior
cbellodi,Squad Leader,Scrum Master,Scrum Master,4 - Senior
cbianca,Project Manager,Project Manager,Project Manager,5 - Master / Manager
cbilby,Developer,Developer - Mid,Developer,3 - Mid-Level
cbortolato,Support Analyst,Support Analyst - Mid,Support Analyst,3 - Mid-Level
cbrunetto,Senior Manager,Senior Manager,Senior Manager,6 - Master 2 / Senior Manager
cbueno,Developer Master,Developer - Master,Developer,5 - Master / Manager
cburocco,Product Designer,UI Designer - Sr,UI Designer,4 - Senior
ccallazans,Developer,Developer - Mid,Developer,3 - Mid-Level
ccastilho,Software Architect,Software Architect - Sr,Software Architect,4 - Senior
ccayres,Developer,Developer - Sr,Developer,4 - Senior
ccesar,Data Developer,Data Developer - Jr,Data Developer,2 - Junior
cciandrini,Scrum Master,Scrum Master,Scrum Master,3 - Mid-Level
ccioato,Tester,QA - Mid,QA,3 - Mid-Level
ccirillo,Developer,Developer - Mid,Developer,3 - Mid-Level
ccoelho,Developer,Intern,Intern,1 - Intern
ccolletti,Product Designer,UI Designer - Sr,UI Designer,4 - Senior
ccunha,Squad Leader,Scrum Master,Scrum Master,4 - Senior
cdavid,Software Architect,Software Architect - Sr,Software Architect,4 - Senior
cdouglas,Developer,Developer - Mid,Developer,3 - Mid-Level
cecilia.carvalho,Not Applicable,Not Applicable,Not Applicable,2 - Junior
cecilia.ribeiro,Not Applicable,Not Applicable,Not Applicable,4 - Senior
celso,Data Developer,Data Developer - Sr,Data Developer,4 - Senior
celsob,Developer,Developer - Sr,Developer,4 - Senior
celsofreitas,Data Scientist,Data Scientist - Sr,Data Scientist,4 - Senior
celsok,Software Architect,Systems Architect,Systems Architect,5 - Master / Manager
celsos,Developer,Developer - Sr,Developer,4 - Senior
celsoshigaki,Developer,Developer - Sr,Developer,4 - Senior
ceniym,Developer Master,Developer - Master,Developer,5 - Master / Manager
cesar.bastos,Developer,Developer - Mid,Developer,3 - Mid-Level
cesar.pelaez,Developer,Developer - Mid,Developer,3 - Mid-Level
cesarcampos,Developer,Developer - Sr,Developer,4 - Senior
cesarcl,Developer,Developer - Mid,Developer,3 - Mid-Level
cesardbq,Developer,Developer - Sr,Developer,4 - Senior
cesarn,Software Architect,Software Architect - Sr,Software Architect,4 - Senior
cezarcruz,Developer,Developer - Sr,Developer,4 - Senior
cezargl,Architecture Manager,Principal Architect,Principal Architect,6 - Master 2 / Senior Manager
cezars,Data Developer,Data Developer - Sr,Data Developer,4 - Senior
cezarso,Developer,Developer - Mid,Developer,3 - Mid-Level
cfernandes,Software Architect,Software Architect - Sr,Software Architect,4 - Senior
cfigueiredo,DevOps,Not Applicable,Not Applicable,4 - Senior
cfonseca,Project Manager,Project Manager,Project Manager,5 - Master / Manager
cfontana,Senior Manager,Senior Manager,Senior Manager,6 - Master 2 / Senior Manager
cfranco,Tester,QA - Sr,QA,4 - Senior
cgalves,Developer,Developer - Sr,Developer,4 - Senior
cgeorge,Systems Architect,Systems Architect,Systems Architect,5 - Master / Manager
cgrimalde,Developer,Developer - Mid,Developer,3 - Mid-Level
chaianne,Developer,Developer - Jr,Developer,2 - Junior
chaosw,Developer,Developer - Mid,Developer,3 - Mid-Level
charelyz,Associate Developer,Developer - Sr,Developer,4 - Senior
charleneherida,Quality Analyst,QA - Mid,QA,3 - Mid-Level
charles.pereira,Software Architect,Software Architect - Sr,Software Architect,4 - Senior
charles.william,Developer Master,Developer - Master,Developer,5 - Master / Manager
charlesls,Developer,Developer - Mid,Developer,3 - Mid-Level
charlesr,Tester,QA - Sr,QA,4 - Senior
charlesso,Developer,Developer - Mid,Developer,3 - Mid-Level
charlotte,Scrum Master,Scrum Master,Scrum Master,4 - Senior
charlyston,Scrum Master,Scrum Master,Scrum Master,4 - Senior
chauaqueirolo,Business Analyst,Business Analyst - Sr,Business Analyst,4 - Senior
chennan,Tester,QA - Mid,QA,3 - Mid-Level
cherishh,Developer,Developer - Mid,Developer,3 - Mid-Level
chetan.dang,Developer Master,Developer - Master,Developer,5 - Master / Manager
chhollerveger,Software Architect,Software Architect - Sr,Software Architect,4 - Senior
chilice,Software Architect,Software Architect - Sr,Software Architect,4 - Senior
chris.parr,"Senior Director, Technology",Principal Architect,Principal Architect,6 - Master 2 / Senior Manager
chrisb,Developer Master,Developer - Master,Developer,5 - Master / Manager
christian.abada,DevOps,Not Applicable,Not Applicable,3 - Mid-Level
christian.morales,Developer,Developer - Sr,Developer,4 - Senior
christianb,Senior Strategy Director,Not Applicable,Not Applicable,6 - Master 2 / Senior Manager
christiane.pelegrin,Squad Leader,Squad Leader,Squad Leader,5 - Master / Manager
christianjl,Project Manager,Project Manager,Project Manager,5 - Master / Manager
christianob,Systems Architect,Systems Architect,Systems Architect,5 - Master / Manager
christianobr,Developer,Developer - Sr,Developer,4 - Senior
christianor,Software Architect,Software Architect - Sr,Software Architect,4 - Senior
christinan,Squad Leader,Squad Leader,Squad Leader,5 - Master / Manager
cibele,Scrum Master,Scrum Master,Scrum Master,4 - Senior
cibele.vanzela,Product Owner,Business Analyst - Sr,Business Analyst,4 - Senior
cibeleds,Tester,QA - Sr,QA,4 - Senior
cibelef,Developer,Developer - Jr,Developer,2 - Junior
cibeleyumi,Developer,Developer - Sr,Developer,4 - Senior
cibellebertoni,Product Director-Americas,Not Applicable,Not Applicable,5 - Master / Manager
ciceronf,Systems Architect,Systems Architect,Systems Architect,5 - Master / Manager
ciceros,Developer,Developer - Mid,Developer,3 - Mid-Level
cindy.walton,Senior Digital Strategist,Senior Digital Strategist,Senior Digital Strategist,6 - Master 2 / Senior Manager
cindyv,Developer,Developer - Mid,Developer,3 - Mid-Level
cintiabm,Squad Leader,Squad Leader,Squad Leader,5 - Master / Manager
cintiabp,Scrum Master,Scrum Master,Scrum Master,4 - Senior
cintiapm,Product Designer,UI Designer - Mid,UI Designer,3 - Mid-Level
cintiavc,Tester,QA - Mid,QA,3 - Mid-Level
cjustino,Data Developer,Data Developer - Mid,Data Developer,3 - Mid-Level
ckatsuo,Software Architect,Systems Architect,Systems Architect,5 - Master / Manager
ckomeno,Principal Software Developer,Developer - Master,Developer,6 - Master 2 / Senior Manager
claiver,Developer,Developer - Mid,Developer,3 - Mid-Level
clara.scott,Content Strategist,Not Applicable,Not Applicable,4 - Senior
claraff,Developer,Developer - Jr,Developer,2 - Junior
claraft,Developer,Developer - Mid,Developer,3 - Mid-Level
claram,Developer,Developer - Mid,Developer,3 - Mid-Level
clarasl,Developer,Developer - Mid,Developer,3 - Mid-Level
claricecruz,Tester,QA - Sr,QA,4 - Senior
clarissan,Developer,Developer - Sr,Developer,4 - Senior
clarissasoter,Digital Strategist,Digital Strategist,Digital Strategist,5 - Master / Manager
claudemir,DevOps,Not Applicable,Not Applicable,4 - Senior
claudemirj,Software Architect,Software Architect - Sr,Software Architect,4 - Senior
claudiabs,Tester,QA - Mid,QA,3 - Mid-Level
claudiah,Project Manager,Project Manager,Project Manager,4 - Senior
claudiaisoppo,Not Applicable,Not Applicable,Not Applicable,6 - Master 2 / Senior Manager
claudiapaes,Developer,Developer - Mid,Developer,3 - Mid-Level
claudineij,Developer Master,Developer - Master,Developer,5 - Master / Manager
claudio.stevanato,Developer,Developer - Sr,Developer,4 - Senior
claudiocb,Developer,Developer - Mid,Developer,3 - Mid-Level
claudiom,Developer,Developer - Mid,Developer,3 - Mid-Level
claudionc,Developer Master,Developer - Master,Developer,5 - Master / Manager
claudiond,Data Architect,Not Applicable,Not Applicable,4 - Senior
claudiovt,Developer,Developer - Mid,Developer,3 - Mid-Level
claytonfb,Developer,Developer - Mid,Developer,3 - Mid-Level
cleberj,Systems Architect,Systems Architect,Systems Architect,5 - Master / Manager
cleison,Developer,Developer - Sr,Developer,4 - Senior
cleiton.alves,Technical Leader,Software Architect - Sr,Software Architect,4 - Senior
cleitoncj,Developer,Developer - Mid,Developer,3 - Mid-Level
cleitonr,Developer,Developer - Sr,Developer,4 - Senior
cleitons,Systems Architect,Systems Architect,Systems Architect,5 - Master / Manager
cleitonsf,Developer,Developer - Mid,Developer,3 - Mid-Level
cleitonsr,Developer,Developer - Sr,Developer,4 - Senior
cleonices,Squad Leader,Scrum Master,Scrum Master,4 - Senior
clesiosm,Developer,Developer - Sr,Developer,4 - Senior
cleydsons,Developer,Developer - Mid,Developer,3 - Mid-Level
cleyson,Developer,Developer - Mid,Developer,3 - Mid-Level
clongatto,Developer,Developer - Mid,Developer,3 - Mid-Level
clovisbeccon,Software Architect,Software Architect - Sr,Software Architect,4 - Senior
cluis,Senior Manager,Senior Manager,Senior Manager,6 - Master 2 / Senior Manager
cmagalhaes,Developer,Developer - Sr,Developer,4 - Senior
cmagno,Developer,Developer - Jr,Developer,2 - Junior
cmaragno,Developer,Developer - Sr,Developer,4 - Senior
cmarcello,Developer,Developer - Sr,Developer,4 - Senior
cmarcelo,Tester,QA - Mid,QA,3 - Mid-Level
cmarchi,Developer,Developer - Mid,Developer,3 - Mid-Level
cmarco,Systems Architect,Systems Architect,Systems Architect,5 - Master / Manager
cmarcon,Developer,Developer - Sr,Developer,4 - Senior
cmashima,Developer,Developer - Jr,Developer,2 - Junior
cmatias,Software Architect,Software Architect - Sr,Software Architect,4 - Senior
cmatsushita,Tester,QA - Sr,QA,4 - Senior
cmidori,UI Designer,UI Designer - Sr,UI Designer,4 - Senior
cmira,Senior Manager,Senior Manager,Senior Manager,6 - Master 2 / Senior Manager
cmiranda,Developer Master,Developer - Master,Developer,5 - Master / Manager
cmonteiro,Developer,Developer - Sr,Developer,4 - Senior
cocoh,Scrum Master,Scrum Master,Scrum Master,4 - Senior
coliveira,Squad Leader,Squad Leader,Squad Leader,5 - Master / Manager
conn,Developer,Developer - Mid,Developer,3 - Mid-Level
conrhado.rauen,Systems Architect,Systems Architect,Systems Architect,5 - Master / Manager
cpinho,Developer,Developer - Mid,Developer,3 - Mid-Level
cponciano,Developer,Developer - Sr,Developer,4 - Senior
cpopoff,Squad Leader,Squad Leader,Squad Leader,5 - Master / Manager
cportella,Developer,Developer - Mid,Developer,3 - Mid-Level
cprovasi,Product Designer,UI Designer - Sr,UI Designer,4 - Senior
cpuciske,Tester,QA - Jr,QA,2 - Junior
crech,Developer,Developer - Jr,Developer,2 - Junior
crisleidel,Developer,Developer - Mid,Developer,3 - Mid-Level
cristhian,Project Manager,Project Manager,Project Manager,5 - Master / Manager
cristhiang,Developer,Developer - Sr,Developer,4 - Senior
cristian.ochoa,Developer,Developer - Mid,Developer,3 - Mid-Level
cristian.perafan,Developer,Developer - Mid,Developer,3 - Mid-Level
cristian.prada,Tech Intern,Intern,Intern,1 - Intern
cristian.torres,Developer,Developer - Sr,Developer,4 - Senior
cristianafl,Data Developer,Data Developer - Jr,Data Developer,2 - Junior
cristianbc,Developer,Developer - Sr,Developer,4 - Senior
cristianeb,Scrum Master,Scrum Master,Scrum Master,4 - Senior
cristianecp,Squad Leader,Squad Leader,Squad Leader,5 - Master / Manager
cristianejs,Developer,Developer - Jr,Developer,2 - Junior
cristianesantos,Senior Manager,Senior Manager,Senior Manager,6 - Master 2 / Senior Manager
cristianet,Tester Master,QA - Master,QA,5 - Master / Manager
cristianfc,Software Architect,Software Architect - Sr,Software Architect,4 - Senior
cristianoo,Developer,Developer - Sr,Developer,4 - Senior
cristianos,Software Architect,Software Architect - Sr,Software Architect,4 - Senior
cristinab,Developer,Developer - Jr,Developer,2 - Junior
cristinacg,Tester,QA - Sr,QA,4 - Senior
crizolli,Senior Manager,Senior Manager,Senior Manager,6 - Master 2 / Senior Manager
croberto,Squad Leader,Scrum Master,Scrum Master,4 - Senior
crodolpho,Developer,Developer - Jr,Developer,2 - Junior
crossi,DevOps,Not Applicable,Not Applicable,4 - Senior
csamico,Developer Master,Developer - Master,Developer,5 - Master / Manager
csampaio,UI Designer,UI Designer - Jr,UI Designer,2 - Junior
csantana,Developer,Developer - Sr,Developer,4 - Senior
csantiago,Developer Master,Developer - Master,Developer,5 - Master / Manager
cschott,Developer,Developer - Sr,Developer,4 - Senior
csecolin,Developer Master,Developer - Master,Developer,5 - Master / Manager
cstein,Developer,Developer - Sr,Developer,4 - Senior
ctrindade,Developer,Developer - Mid,Developer,3 - Mid-Level
ctseng,Senior Manager,Senior Manager,Senior Manager,6 - Master 2 / Senior Manager
cubych,Scrum Master,Support Analyst - Jr,Support Analyst,2 - Junior
cvasconcelos,Developer,Intern,Intern,1 - Intern
cvilchez,Tester,QA - Sr,QA,4 - Senior
cvilhena,Product Manager,Product Manager,Product Manager,5 - Master / Manager
cvillela,Data & Analytics Specialist,Data Analyst - Sr,Data Analyst,4 - Senior
cvincenzo,Developer,Developer - Mid,Developer,3 - Mid-Level
cvitullo,Developer Master,Developer - Master,Developer,5 - Master / Manager
cwallace,Software Architect,Software Architect - Sr,Software Architect,4 - Senior
cyan,Developer,Developer - Sr,Developer,4 - Senior
cynthialm,Data Developer,Data Developer - Sr,Data Developer,4 - Senior
czampieri,Senior Manager,Senior Manager,Senior Manager,6 - Master 2 / Senior Manager
daguiar,Data & Analytics Specialist,Data Analyst - Sr,Data Analyst,4 - Senior
daiane.venturine,Product Lead,UX Specialist - Sr,UX Specialist,4 - Senior
dalbuquerque,Developer,Developer - Sr,Developer,4 - Senior
dalmo,Squad Leader,Squad Leader,Squad Leader,5 - Master / Manager
damiaosj,Developer,Developer - Mid,Developer,3 - Mid-Level
damorim,Project Manager,Project Manager,Project Manager,5 - Master / Manager
dandaram,Developer,Developer - Sr,Developer,4 - Senior
dandrade,Developer Master,Developer - Master,Developer,5 - Master / Manager
daniel.echeverri,Tech Intern,Intern,Intern,1 - Intern
daniel.goncalves,Developer,Developer - Sr,Developer,4 - Senior
daniel.henao,Developer,Developer - Sr,Developer,4 - Senior
daniel.hoffmann,Developer Master,Developer - Master,Developer,5 - Master / Manager
daniel.jesus,Developer,Developer - Sr,Developer,4 - Senior
daniel.lopes,Tester Master,QA - Master,QA,5 - Master / Manager
daniel.martin,Developer,Developer - Mid,Developer,3 - Mid-Level
daniel.medina,Tech Intern,Intern,Intern,1 - Intern
daniel.mora,Tech Intern,Intern,Intern,1 - Intern
daniel.nascimento,Developer,Developer - Sr,Developer,4 - Senior
daniel.parada,Developer,Developer - Mid,Developer,3 - Mid-Level
daniel.pereira,Developer,Developer - Mid,Developer,3 - Mid-Level
daniel.pinzon,Tech Intern,Intern,Intern,1 - Intern
daniel.pires,Developer,Developer - Jr,Developer,2 - Junior
daniel.prieto,Developer,Developer - Sr,Developer,4 - Senior
daniel.ruy,Developer,Developer - Mid,Developer,3 - Mid-Level
daniel.salcedo,Tech Intern,Intern,Intern,1 - Intern
daniel.santos,Developer,Intern,Intern,1 - Intern
daniela.jagher,Product Designer,UI Designer - Sr,UI Designer,4 - Senior
danielaa,Digital Strategist,Digital Strategist,Digital Strategist,5 - Master / Manager
danielacavalcante,Tester,QA - Sr,QA,4 - Senior
danielah,Developer,Developer - Sr,Developer,4 - Senior
danielahirose,Product Lead,UX Specialist - Sr,UX Specialist,4 - Senior
danielaliberato,Tester,QA - Sr,QA,4 - Senior
danielamr,Developer,Developer - Sr,Developer,4 - Senior
danielar,Product Designer,UI Designer - Jr,UI Designer,2 - Junior
danielarc,Tester,QA - Sr,QA,4 - Senior
danielars,Developer,Developer - Sr,Developer,4 - Senior
danielasd,Developer,Developer - Mid,Developer,3 - Mid-Level
danielavb,Tester,QA - Sr,QA,4 - Senior
danielb,Senior Manager,Senior Manager,Senior Manager,6 - Master 2 / Senior Manager
danielbr,Squad Leader,Scrum Master,Scrum Master,4 - Senior
danielbs,Developer,Developer - Mid,Developer,3 - Mid-Level
danielcastro,Software Architect,Software Architect - Sr,Software Architect,4 - Senior
danielcb,Developer,Developer - Mid,Developer,3 - Mid-Level
danielcf,Developer,Developer - Jr,Developer,2 - Junior
danielcoelho,Developer,Developer - Mid,Developer,3 - Mid-Level
danielcr,Developer,Developer - Jr,Developer,2 - Junior
danieldr,Developer,Developer - Sr,Developer,4 - Senior
danields,Developer,Developer - Mid,Developer,3 - Mid-Level
daniele.scarparo,Tester,QA - Mid,QA,3 - Mid-Level
danieleas,Tester,QA - Jr,QA,2 - Junior
danieleataydes,Data Developer,Data Developer - Mid,Data Developer,3 - Mid-Level
danieleb,Developer,Developer - Sr,Developer,4 - Senior
danieleg,Tester,QA - Mid,QA,3 - Mid-Level
danieleps,Developer,Developer - Sr,Developer,4 - Senior
danielfi,Senior Manager,Senior Manager,Senior Manager,6 - Master 2 / Senior Manager
danielfonseca,Tester,QA - Sr,QA,4 - Senior
danielfs,Support Analyst,Support Analyst - Sr,Support Analyst,4 - Senior
danielgr,Developer,Developer - Mid,Developer,3 - Mid-Level
danielifabiani,Systems Architect,Systems Architect,Systems Architect,5 - Master / Manager
daniellaa,Squad Leader,Scrum Master,Scrum Master,4 - Senior
daniellaoliveira,Software Architect,Software Architect - Sr,Software Architect,4 - Senior
danielle.cirillo,Developer,Developer - Mid,Developer,3 - Mid-Level
danielle.ferreira,Product Lead,UX Specialist - Sr,UX Specialist,4 - Senior
danielle.franca,Developer,Developer - Sr,Developer,4 - Senior
danielle.spall,Project Manager,Project Manager,Project Manager,5 - Master / Manager
danielleevers,Tester,QA - Sr,QA,4 - Senior
daniellef,Developer,Developer - Sr,Developer,4 - Senior
daniellens,Tester,QA - Mid,QA,3 - Mid-Level
danielles,UX/UI Designer,UI Designer - Sr,UI Designer,4 - Senior
daniellobo,Developer,Developer - Sr,Developer,4 - Senior
daniellyms,Developer,Intern,Intern,1 - Intern
danielmartins,Scrum Master,Scrum Master,Scrum Master,4 - Senior
danielmatos,Software Architect,Software Architect - Sr,Software Architect,4 - Senior
danielmc,Developer,Developer - Mid,Developer,3 - Mid-Level
danielmendonca,Squad Leader,Squad Leader,Squad Leader,5 - Master / Manager
danieln,Developer,Developer - Jr,Developer,2 - Junior
danieloshiro,Business Expert,Business Analyst - Sr,Business Analyst,5 - Master / Manager
danielpaixao,Developer,Developer - Sr,Developer,4 - Senior
danielpauli,Developer,Developer - Mid,Developer,3 - Mid-Level
danielpereira,Systems Architect,Systems Architect,Systems Architect,5 - Master / Manager
danielpeters,Squad Leader,Scrum Master,Scrum Master,4 - Senior
danielpino,UI Designer,UI Designer - Sr,UI Designer,4 - Senior
danielps,Systems Architect,Systems Architect,Systems Architect,5 - Master / Manager
danielq,Software Architect,Software Architect - Sr,Software Architect,4 - Senior
danielsg,Developer Master,Developer - Master,Developer,5 - Master / Manager
danielsouza,Developer,Developer - Sr,Developer,4 - Senior
danielt,Developer,Developer - Sr,Developer,4 - Senior
danieltellez,Developer,Developer - Sr,Developer,4 - Senior
danieltp,Business Analyst,Business Analyst - Sr,Business Analyst,4 - Senior
danielv,Developer,Intern,Intern,1 - Intern
danielvalencia,Developer,Developer - Sr,Developer,4 - Senior
danielvuono,Senior Manager,Senior Manager,Senior Manager,6 - Master 2 / Senior Manager
danielw,Developer,Developer - Sr,Developer,4 - Senior
danielxie,Developer,Developer - Mid,Developer,3 - Mid-Level
danillofb,Systems Architect,Systems Architect,Systems Architect,5 - Master / Manager
danilo.gurski,Data Developer,Data Developer - Sr,Data Developer,4 - Senior
danilo.marques,Developer,Developer - Mid,Developer,3 - Mid-Level
daniloac,Tester,QA - Mid,QA,3 - Mid-Level
daniloam,Developer,Developer - Mid,Developer,3 - Mid-Level
daniloandre,Tester,QA - Sr,QA,4 - Senior
daniloaraujo,Tester,QA - Mid,QA,3 - Mid-Level
danilobl,Developer,Intern,Intern,1 - Intern
danilofl,Business Analyst,Business Analyst - Sr,Business Analyst,4 - Senior
danilomv,Developer,Developer - Sr,Developer,4 - Senior
danilons,Software Architect,Software Architect - Sr,Software Architect,4 - Senior
danilorn,Developer,Developer - Mid,Developer,3 - Mid-Level
daniloxs,Developer,Developer - Sr,Developer,4 - Senior
danteluccia,Developer,Developer - Jr,Developer,2 - Junior
danubia,Developer,Developer - Mid,Developer,3 - Mid-Level
danubiag,Developer,Developer - Mid,Developer,3 - Mid-Level
danubian,Scrum Master,Scrum Master,Scrum Master,4 - Senior
danusa,Tester,QA - Mid,QA,3 - Mid-Level
dany.bautista,Developer,Developer - Sr,Developer,4 - Senior
darci.junior,Developer,Developer - Sr,Developer,4 - Senior
darioh,Senior Digital Strategist,Senior Digital Strategist,Senior Digital Strategist,6 - Master 2 / Senior Manager
darionicolas,Developer,Developer - Sr,Developer,4 - Senior
darlan,Developer,Developer - Sr,Developer,4 - Senior
darleisonr,Developer,Intern,Intern,1 - Intern
darlyane,Tester,QA - Sr,QA,4 - Senior
darlysson,Developer,Developer - Sr,Developer,4 - Senior
darren,Product Designer Expert,UI Designer - Master,UI Designer,5 - Master / Manager
dasayeve,Developer Master,Developer - Master,Developer,5 - Master / Manager
dave.gonzales,Developer Master,Developer - Master,Developer,5 - Master / Manager
davellar,Developer,Developer - Sr,Developer,4 - Senior
davemontablan,Quality Analyst,QA - Mid,QA,3 - Mid-Level
davi,Architecture Manager,Principal Architect,Principal Architect,6 - Master 2 / Senior Manager
davi.bispo,Developer Master,Developer - Master,Developer,5 - Master / Manager
davicarvalho,Developer,Developer - Jr,Developer,2 - Junior
david.ferran,Developer,Developer - Sr,Developer,4 - Senior
david.jaimes,Tech Intern,Intern,Intern,1 - Intern
david.jaramillo,Tech Intern,Intern,Intern,1 - Intern
david.martins,Developer,Developer - Jr,Developer,2 - Junior
david.pineros,Data & Analytics Specialist,Data Analyst - Sr,Data Analyst,4 - Senior
david.ramirez,Developer,Developer - Sr,Developer,4 - Senior
davidcl,Developer,Developer - Sr,Developer,4 - Senior
daviddm,Developer Master,Developer - Master,Developer,5 - Master / Manager
davidsouza,Developer,Developer - Sr,Developer,4 - Senior
davidst,Developer,Developer - Sr,Developer,4 - Senior
davifarias,Developer,Developer - Jr,Developer,2 - Junior
davifm,Developer,Developer - Sr,Developer,4 - Senior
davileyendecker,Data Developer,Data Developer - Mid,Data Developer,3 - Mid-Level
davinow,Developer,Developer - Sr,Developer,4 - Senior
davip,Senior Manager,Senior Manager,Senior Manager,6 - Master 2 / Senior Manager
davir,Developer Master,Developer - Master,Developer,5 - Master / Manager
davirodrigues,Developer,Developer - Mid,Developer,3 - Mid-Level
davisilva,Developer,Developer - Jr,Developer,2 - Junior
davisomlt,Squad Leader,Squad Leader,Squad Leader,5 - Master / Manager
davison,Software Architect,Software Architect - Sr,Software Architect,4 - Senior
davissons,Developer,Developer - Mid,Developer,3 - Mid-Level
davisz,Developer,Developer - Mid,Developer,3 - Mid-Level
davizonete,Developer,Developer - Sr,Developer,4 - Senior
dayanac,Developer Master,Developer - Master,Developer,5 - Master / Manager
dayanef,Data Developer,Data Developer - Sr,Data Developer,4 - Senior
dayaner,Squad Leader,Scrum Master,Scrum Master,4 - Senior
dayanes,Developer,Developer - Mid,Developer,3 - Mid-Level
dayvidc,Developer,Intern,Intern,1 - Intern
dbaldasso,Developer,Developer - Sr,Developer,4 - Senior
dbandoch,Project Manager,Project Manager,Project Manager,5 - Master / Manager
dbelizario,Developer,Developer - Mid,Developer,3 - Mid-Level
dbenetta,Associate Product Manager,UX Specialist - Mid,UX Specialist,3 - Mid-Level
dbergami,Developer,Developer - Sr,Developer,4 - Senior
dbisagio,Tester,QA - Sr,QA,4 - Senior
dboas,Developer,Developer - Jr,Developer,2 - Junior
dbordignon,Data & Analytics Specialist,Data Analyst - Mid,Data Analyst,3 - Mid-Level
dbosso,Senior Manager,Senior Manager,Senior Manager,6 - Master 2 / Senior Manager
dbrasil,Software Architect,Software Architect - Sr,Software Architect,4 - Senior
dbregenski,Developer,Developer - Sr,Developer,4 - Senior
dbudoia,Software Architect,Software Architect - Sr,Software Architect,4 - Senior
dcamillo,Developer,Developer - Sr,Developer,4 - Senior
dcanhameiro,Data & Analytics Specialist,Data Analyst - Sr,Data Analyst,4 - Senior
dcardoso,Developer,Developer - Sr,Developer,4 - Senior
dcarrazeiro,Developer,Developer - Mid,Developer,3 - Mid-Level
dcastelhano,Developer,Developer - Sr,Developer,4 - Senior
dcavalcanti,Software Architect,Software Architect - Sr,Software Architect,4 - Senior
dchagas,Developer,Intern,Intern,1 - Intern
dcioqueta,Developer,Developer - Mid,Developer,3 - Mid-Level
dcoimbra,DevOps,Not Applicable,Not Applicable,3 - Mid-Level
dconrado,Developer,Developer - Sr,Developer,4 - Senior
dcremonini,Tester,QA - Sr,QA,4 - Senior
dcunha,Developer,Developer - Mid,Developer,3 - Mid-Level
ddelfino,Developer,Developer - Mid,Developer,3 - Mid-Level
debora,Senior Manager,Senior Manager,Senior Manager,6 - Master 2 / Senior Manager
deboraf,Tester,QA - Mid,QA,3 - Mid-Level
deborafs,Developer,Developer - Mid,Developer,3 - Mid-Level
deborags,Developer,Developer - Mid,Developer,3 - Mid-Level
deborahc,Developer,Developer - Sr,Developer,4 - Senior
deborahlucia,Developer,Developer - Sr,Developer,4 - Senior
deborahm,Project Manager,Project Manager,Project Manager,5 - Master / Manager
deborahn,Tester,QA - Sr,QA,4 - Senior
deboraoliveira,Squad Leader,Scrum Master,Scrum Master,4 - Senior
deborasl,Tester,QA - Mid,QA,3 - Mid-Level
deborat,Developer Master,Developer - Master,Developer,5 - Master / Manager
deboravb,Tester,QA - Sr,QA,4 - Senior
deidi,Support Analyst,Support Analyst - Mid,Support Analyst,3 - Mid-Level
deise,Tester,QA - Sr,QA,4 - Senior
deisers,Developer,Developer - Jr,Developer,2 - Junior
deivid,Developer,Developer - Sr,Developer,4 - Senior
delsonj,Developer,Developer - Sr,Developer,4 - Senior
demetriof,Data Developer,Data Developer - Sr,Data Developer,4 - Senior
demetrius,Senior Manager,Senior Manager,Senior Manager,6 - Master 2 / Senior Manager
deners,Developer,Developer - Mid,Developer,3 - Mid-Level
denersr,Developer,Developer - Mid,Developer,3 - Mid-Level
denilsonaf,Information Security Analyst,Not Applicable,Not Applicable,3 - Mid-Level
deniopj,Developer,Developer - Mid,Developer,3 - Mid-Level
denis.souza,Tester,QA - Mid,QA,3 - Mid-Level
denisds,Tester,QA - Sr,QA,4 - Senior
denisec,Scrum Master,Scrum Master,Scrum Master,4 - Senior
deniseckhard,Data & Analytics Specialist,Data Analyst - Sr,Data Analyst,4 - Senior
denisoliveira,Product Designer,UI Designer - Sr,UI Designer,4 - Senior
denison,Developer,Developer - Sr,Developer,4 - Senior
denisp,Developer,Developer - Mid,Developer,3 - Mid-Level
denisrighi,Developer,Developer - Mid,Developer,3 - Mid-Level
denisrm,Developer,Developer - Sr,Developer,4 - Senior
dennis.laping,Developer,Developer - Mid,Developer,3 - Mid-Level
dennis.oliveira,Developer,Developer - Sr,Developer,4 - Senior
dennis.rojas,Software Architect,Software Architect - Sr,Software Architect,4 - Senior
dennist,Developer,Developer - Mid,Developer,3 - Mid-Level
denysrn,Developer,Developer - Jr,Developer,2 - Junior
derekchen,Developer,Developer - Jr,Developer,2 - Junior
derekl,Scrum Master,Scrum Master,Scrum Master,4 - Senior
derlandy,Developer,Developer - Sr,Developer,4 - Senior
desire,Data & Analytics Specialist,Data Analyst - Jr,Data Analyst,2 - Junior
desiree,Developer,Developer - Mid,Developer,3 - Mid-Level
devanir,Project Manager,Project Manager,Project Manager,5 - Master / Manager
devill,Tester,QA - Jr,QA,2 - Junior
deyvid,Developer,Developer - Mid,Developer,3 - Mid-Level
dfabri,"Senior Director, Technology",Not Applicable,Not Applicable,6 - Master 2 / Senior Manager
dfelisbino,Developer,Developer - Sr,Developer,4 - Senior
dferrari,Systems Architect,Systems Architect,Systems Architect,5 - Master / Manager
dfigueiredo,Tester,QA - Mid,QA,3 - Mid-Level
dfitipaldi,Data Developer,Data Developer - Mid,Data Developer,3 - Mid-Level
dformagio,Developer Master,Developer - Master,Developer,5 - Master / Manager
dfraga,Developer,Developer - Sr,Developer,4 - Senior
dfragoso,Tester,QA - Sr,QA,4 - Senior
dfurtado,Support Analyst,Support Analyst - Jr,Support Analyst,2 - Junior
dgarbim,Developer,Developer - Sr,Developer,4 - Senior
dgiacomello,Software Architect,Software Architect - Sr,Software Architect,4 - Senior
dgiomo,Developer Master,Developer - Master,Developer,5 - Master / Manager
dgrigolon,Architecture Manager,Principal Architect,Principal Architect,6 - Master 2 / Senior Manager
dgustavo,Developer,Developer - Mid,Developer,3 - Mid-Level
dhemes,Developer,Developer - Mid,Developer,3 - Mid-Level
dhiarllon,Developer,Developer - Mid,Developer,3 - Mid-Level
dhiego.carmo,Developer,Developer - Sr,Developer,4 - Senior
dhiroshi,Software Architect,Software Architect - Sr,Software Architect,4 - Senior
diana.cubillos,Quality Analyst Manager,Not Applicable,Not Applicable,5 - Master / Manager
dianac,Quality Analyst Manager,QA - Master,QA,5 - Master / Manager
dianear,Product Lead,UX Specialist - Sr,UX Specialist,4 - Senior
dieferson.cruz,Tester,QA - Sr,QA,4 - Senior
dieggos,Software Architect,Software Architect - Sr,Software Architect,4 - Senior
diego.agudelo,Quality Analyst,QA - Sr,QA,4 - Senior
diego.ariza,Developer,Developer - Mid,Developer,3 - Mid-Level
diego.caballero,Developer Master,Developer - Master,Developer,5 - Master / Manager
diego.diaz,Tech Intern,Intern,Intern,1 - Intern
diego.garcia,Developer,Developer - Sr,Developer,4 - Senior
diego.machado,Software Architect,Software Architect - Sr,Software Architect,4 - Senior
diego.mota,Developer,Developer - Sr,Developer,4 - Senior
diego.perez,Developer,Developer - Sr,Developer,4 - Senior
diego.ramon,Developer,Developer - Sr,Developer,4 - Senior
diego.rocha,Developer,Developer - Sr,Developer,4 - Senior
diego.velasquez,Developer,Developer - Jr,Developer,2 - Junior
diegoacr,Data & Analytics Specialist,Data Developer - Mid,Data Developer,3 - Mid-Level
diegoalves,Software Architect,Software Architect - Sr,Software Architect,4 - Senior
diegoandrade,Developer,Developer - Sr,Developer,4 - Senior
diegoaprigio,Developer,Developer - Sr,Developer,4 - Senior
diegoaraujo,Developer,Developer - Mid,Developer,3 - Mid-Level
diegoarmindo,Developer,Developer - Mid,Developer,3 - Mid-Level
diegob,Architecture Manager,Principal Architect,Principal Architect,6 - Master 2 / Senior Manager
diegobc,Developer,Developer - Sr,Developer,4 - Senior
diegocardoso,Developer,Developer - Jr,Developer,2 - Junior
diegocarvalho,Tester,QA - Sr,QA,4 - Senior
diegodiniz,Developer,Developer - Sr,Developer,4 - Senior
diegodr,Developer,Developer - Sr,Developer,4 - Senior
diegofarias,Tester,QA - Sr,QA,4 - Senior
diegofdc,Developer,Developer - Sr,Developer,4 - Senior
diegogatti,Group Product Manager,Senior Manager,Senior Manager,6 - Master 2 / Senior Manager
diegok,Developer Master,Developer - Master,Developer,5 - Master / Manager
diegols,Software Architect,Software Architect - Sr,Software Architect,4 - Senior
diegom,Systems Architect,Systems Architect,Systems Architect,5 - Master / Manager
diegomd,Data Developer,Data Developer - Sr,Data Developer,4 - Senior
diegomdg,Developer,Developer - Mid,Developer,3 - Mid-Level
diegooliveira,Developer,Developer - Sr,Developer,4 - Senior
diegopassos,Tester,QA - Jr,QA,2 - Junior
diegopc,Developer,Developer - Mid,Developer,3 - Mid-Level
diegopineda,Developer,Developer - Sr,Developer,4 - Senior
diegopn,Systems Architect,Systems Architect,Systems Architect,5 - Master / Manager
diegor,Senior Manager,Senior Manager,Senior Manager,6 - Master 2 / Senior Manager
diegoribeiro,Developer,Developer - Mid,Developer,3 - Mid-Level
diegors,Developer,Developer - Mid,Developer,3 - Mid-Level
diegosf,Data Developer,Data Developer - Sr,Data Developer,4 - Senior
diegosilva,Data Scientist Master,Data Scientist - Master,Data Scientist,5 - Master / Manager
diegovg,Scrum Master,Scrum Master,Scrum Master,4 - Senior
diegovissini,Developer Master,Developer - Master,Developer,5 - Master / Manager
dikex,Developer,Developer - Jr,Developer,2 - Junior
dimarian.herrera,Product Owner,Business Analyst - Mid,Business Analyst,3 - Mid-Level
dingcatubag,Developer,Developer - Mid,Developer,3 - Mid-Level
dinora,Developer,Developer - Mid,Developer,3 - Mid-Level
diogenesk,DevOps,Not Applicable,Not Applicable,4 - Senior
diogo.moura,Data Scientist,Data Scientist - Sr,Data Scientist,4 - Senior
diogogomes,Developer,Developer - Sr,Developer,4 - Senior
diogojg,Developer,Developer - Mid,Developer,3 - Mid-Level
diogom,Developer,Intern,Intern,1 - Intern
diogomarcos,Developer,Developer - Sr,Developer,4 - Senior
diogomc,Systems Architect,Systems Architect,Systems Architect,5 - Master / Manager
diogomp,Tester,QA - Sr,QA,4 - Senior
diogopiza,Process Analyst,Not Applicable,Not Applicable,4 - Senior
diogosales,Developer,Developer - Mid,Developer,3 - Mid-Level
dionatan,Developer,Developer - Sr,Developer,4 - Senior
diones,Developer,Developer - Mid,Developer,3 - Mid-Level
dionism,Developer,Developer - Sr,Developer,4 - Senior
diorgenesr,Systems Architect,Systems Architect,Systems Architect,5 - Master / Manager
diuer,Scrum Master,Scrum Master,Scrum Master,4 - Senior
divinomj,Developer,Developer - Sr,Developer,4 - Senior
djairm,Developer,Developer - Jr,Developer,2 - Junior
djonathan.barros,Systems Architect,Systems Architect,Systems Architect,5 - Master / Manager
dkappauni,Developer,Developer - Mid,Developer,3 - Mid-Level
dkumar,Developer,Developer - Sr,Developer,4 - Senior
dlaminne,Product Manager-EMEA,UI Designer - Sr,UI Designer,4 - Senior
dliberato,Software Architect,Software Architect - Sr,Software Architect,4 - Senior
dlima,Developer Master,Developer - Master,Developer,5 - Master / Manager
dlucca,Data Developer,Data Developer - Mid,Data Developer,3 - Mid-Level
dlucena,Developer,Developer - Mid,Developer,3 - Mid-Level
dmacedo,Developer,Developer - Sr,Developer,4 - Senior
dmaldonado,Developer,Developer - Sr,Developer,4 - Senior
dmarshall,Systems Architect,Systems Architect,Systems Architect,5 - Master / Manager
dmartinelle,Developer Master,Developer - Master,Developer,5 - Master / Manager
dmateus,Developer,Developer - Sr,Developer,4 - Senior
dmattos,Developer,Developer - Jr,Developer,2 - Junior
dmaurer,Developer,Developer - Jr,Developer,2 - Junior
dmaximo,Developer Master,Developer - Master,Developer,5 - Master / Manager
dmello,Scrum Master,Scrum Master,Scrum Master,4 - Senior
dmendonca,Systems Architect,Systems Architect,Systems Architect,5 - Master / Manager
dmenon,Architecture Manager,Principal Architect,Principal Architect,6 - Master 2 / Senior Manager
dmiranda,Developer Master,Developer - Master,Developer,5 - Master / Manager
dmorsoleto,Software Architect,Software Architect - Sr,Software Architect,4 - Senior
dmoura,Developer,Intern,Intern,1 - Intern
dnascimento,Developer,Developer - Sr,Developer,4 - Senior
dnero,Developer,Intern,Intern,1 - Intern
dnicoletti,Developer Master,Developer - Master,Developer,5 - Master / Manager
domingosn,Data Developer,Data Developer - Sr,Data Developer,4 - Senior
domingost,Software Architect,Software Architect - Sr,Software Architect,4 - Senior
donarapinheiro,Tester,QA - Mid,QA,3 - Mid-Level
donizetej,Developer,Developer - Jr,Developer,2 - Junior
donizetep,Product Designer,UI Designer - Sr,UI Designer,4 - Senior
donizettij,Developer,Developer - Sr,Developer,4 - Senior
dora.krajcarz,Client Engagement Director,Scrum Master,Scrum Master,4 - Senior
dorisw,Developer,Developer - Jr,Developer,2 - Junior
doug.mccullough,Systems Architect,Systems Architect,Systems Architect,5 - Master / Manager
douglas,Software Architect,Software Architect - Sr,Software Architect,4 - Senior
douglas.held,Developer,Developer - Sr,Developer,4 - Senior
douglas.nunes,Developer,Intern,Intern,1 - Intern
douglasaurelio,Controllership Analyst,Not Applicable,Not Applicable,4 - Senior
douglasbrandao,Developer,Developer - Sr,Developer,4 - Senior
douglasc,Software Architect,Software Architect - Sr,Software Architect,4 - Senior
douglaseduardo,Developer,Developer - Sr,Developer,4 - Senior
douglasef,Developer Master,Developer - Master,Developer,5 - Master / Manager
douglasfb,Developer,Developer - Sr,Developer,4 - Senior
douglasgf,Tester,QA - Sr,QA,4 - Senior
douglasgomes,Squad Leader,Scrum Master,Scrum Master,4 - Senior
douglasgr,Developer,Developer - Sr,Developer,4 - Senior
douglaslaurindo,Developer,Developer - Mid,Developer,3 - Mid-Level
douglasnascimento,Developer,Developer - Mid,Developer,3 - Mid-Level
douglaso,Developer,Developer - Mid,Developer,3 - Mid-Level
douglasqueiroz,Developer,Developer - Jr,Developer,2 - Junior
douglasr,Squad Leader,Squad Leader,Squad Leader,5 - Master / Manager
douglassilva,Developer,Developer - Sr,Developer,4 - Senior
douglassp,Developer Master,Developer - Master,Developer,5 - Master / Manager
dowglass,Developer,Developer - Mid,Developer,3 - Mid-Level
dpaixao,Developer,Intern,Intern,1 - Intern
dpalhares,Developer,Intern,Intern,1 - Intern
dpalmas,Software Architect,Software Architect - Sr,Software Architect,4 - Senior
dpantoja,Software Architect,Software Architect - Sr,Software Architect,4 - Senior
dpaulino,Systems Architect,Systems Architect,Systems Architect,5 - Master / Manager
dpelegrini,Senior Manager,Senior Manager,Senior Manager,6 - Master 2 / Senior Manager
dperrone,Developer,Developer - Sr,Developer,4 - Senior
dpieper,Senior Manager,Senior Manager,Senior Manager,6 - Master 2 / Senior Manager
dpinheiro,Project Manager,Project Manager,Project Manager,5 - Master / Manager
dpontes,Developer,Developer - Jr,Developer,2 - Junior
dprado,Systems Architect,Software Architect - Sr,Software Architect,4 - Senior
dquevedo,Developer,Developer - Sr,Developer,4 - Senior
drampazzo,Developer,Developer - Sr,Developer,4 - Senior
dreis,Developer,Developer - Sr,Developer,4 - Senior
driellig,Scrum Master,Scrum Master,Scrum Master,4 - Senior
drodrigues,Systems Architect,Systems Architect,Systems Architect,5 - Master / Manager
drojas,Tester,QA - Sr,QA,4 - Senior
dsaleth,Developer,Developer - Mid,Developer,3 - Mid-Level
dscipioni,Developer,Developer - Mid,Developer,3 - Mid-Level
dshang,Developer,Developer - Mid,Developer,3 - Mid-Level
dsimoes,Product Designer Expert,UI Designer - Master,UI Designer,5 - Master / Manager
dssousa,Product Owner,Business Analyst - Sr,Business Analyst,4 - Senior
dtrevisan,Tester,QA - Jr,QA,2 - Junior
duilio,Architecture Manager,Principal Architect,Principal Architect,6 - Master 2 / Senior Manager
dukep,Data Developer,Data Developer - Mid,Data Developer,3 - Mid-Level
dumasc,Developer,Developer - Sr,Developer,4 - Senior
durval,Developer Master,Developer - Master,Developer,5 - Master / Manager
dvaranda,Systems Architect,Systems Architect,Systems Architect,5 - Master / Manager
dveltri,Tester,QA - Mid,QA,3 - Mid-Level
dveras,Developer,Developer - Sr,Developer,4 - Senior
dvicente,Tester,QA - Mid,QA,3 - Mid-Level
dvidal,Developer,Developer - Sr,Developer,4 - Senior
dvissotto,Developer,Developer - Mid,Developer,3 - Mid-Level
dyanzhao,Developer,Developer - Mid,Developer,3 - Mid-Level
dybalaz,Developer,Developer - Jr,Developer,2 - Junior
dyeison,Software Architect,Software Architect - Sr,Software Architect,4 - Senior
dylanl,Tester,QA - Mid,QA,3 - Mid-Level
dzambon,Developer,Developer - Jr,Developer,2 - Junior
dzanardo,Developer Master,Developer - Master,Developer,5 - Master / Manager
eadmundl,Developer,Developer - Mid,Developer,3 - Mid-Level
eaffonso,Developer Master,Developer - Master,Developer,5 - Master / Manager
ealcantara,Developer,Developer - Mid,Developer,3 - Mid-Level
ealencar,Developer,Developer - Sr,Developer,4 - Senior
ealmeida,Developer,Developer - Jr,Developer,2 - Junior
earchioli,Squad Leader,Scrum Master,Scrum Master,4 - Senior
eazevedo,Data Developer,Data Developer - Sr,Data Developer,4 - Senior
ebalthazar,Developer,Developer - Mid,Developer,3 - Mid-Level
ebarbieri,Developer,Developer - Mid,Developer,3 - Mid-Level
ebassi,Developer,Intern,Intern,1 - Intern
ebernardo,Developer Master,Developer - Master,Developer,5 - Master / Manager
ebispo,Developer,Intern,Intern,1 - Intern
ebordon,Senior Manager,Senior Manager,Senior Manager,6 - Master 2 / Senior Manager
ebruno,Developer,Developer - Mid,Developer,3 - Mid-Level
ecaldeira,Data Developer,Data Developer - Sr,Data Developer,4 - Senior
ecalegari,Developer,Developer - Sr,Developer,4 - Senior
ecampos,Systems Architect,Systems Architect,Systems Architect,5 - Master / Manager
ecapovilla,Developer,Developer - Sr,Developer,4 - Senior
echuanw,Developer,Developer - Mid,Developer,3 - Mid-Level
eclisc,Data Developer,Data Developer - Sr,Data Developer,4 - Senior
ecoelho,Developer,Intern,Intern,1 - Intern
ecominotti,Support Analyst,Support Analyst - Sr,Support Analyst,4 - Senior
ecorrea,Developer,Developer - Mid,Developer,3 - Mid-Level
ecrozatti,Developer,Developer - Mid,Developer,3 - Mid-Level
edeilsonsouza,Data Developer,Data Developer - Sr,Data Developer,4 - Senior
edenilsonwt,Squad Leader,Squad Leader,Squad Leader,5 - Master / Manager
eder.catini,Software Architect,Software Architect - Sr,Software Architect,4 - Senior
eder.dionisio,Developer,Developer - Sr,Developer,4 - Senior
eder.martins,Developer,Developer - Mid,Developer,3 - Mid-Level
ederlg,Developer,Developer - Sr,Developer,4 - Senior
edert,Developer,Developer - Sr,Developer,4 - Senior
edfajardo,Developer,Developer - Sr,Developer,4 - Senior
edgar.davila,Tech Intern,Intern,Intern,1 - Intern
edgarcardoso,Developer,Developer - Mid,Developer,3 - Mid-Level
edgarjr,Developer,Developer - Mid,Developer,3 - Mid-Level
edgarsm,Developer,Developer - Mid,Developer,3 - Mid-Level
edias,Principal Software Developer,Developer - Master,Developer,6 - Master 2 / Senior Manager
edilaine,Tester,QA - Mid,QA,3 - Mid-Level
edilbert,Tester,QA - Mid,QA,3 - Mid-Level
edilsonr,Developer,Developer - Sr,Developer,4 - Senior
edilsonsm,Developer Master,Developer - Master,Developer,5 - Master / Manager
edimaras,Developer,Developer - Mid,Developer,3 - Mid-Level
edird,Developer,Developer - Sr,Developer,4 - Senior
edisonf,Communication Designer Expert,Not Applicable,Not Applicable,5 - Master / Manager
edlyngarcia,Developer,Developer - Sr,Developer,4 - Senior
edmarc,Senior Manager,Senior Manager,Senior Manager,6 - Master 2 / Senior Manager
edmard,Support Analyst,Support Analyst - Jr,Support Analyst,2 - Junior
edmarvabril,Developer,Developer - Sr,Developer,4 - Senior
ednaldo,Developer,Developer - Sr,Developer,4 - Senior
ednaldos,Developer,Developer - Sr,Developer,4 - Senior
ednardo,Developer Master,Developer - Master,Developer,5 - Master / Manager
ednas,Product Designer,UI Designer - Sr,UI Designer,4 - Senior
ednei.betti,Senior Manager,Senior Manager,Senior Manager,6 - Master 2 / Senior Manager
edneygo,Software Architect,Systems Architect,Systems Architect,5 - Master / Manager
ednilson,Developer,Developer - Mid,Developer,3 - Mid-Level
edrian,Developer,Developer - Sr,Developer,4 - Senior
edson.arantes,Senior Manager,Senior Manager,Senior Manager,6 - Master 2 / Senior Manager
edson.ruiz,Developer,Developer - Sr,Developer,4 - Senior
edsoncarlos,Developer,Developer - Sr,Developer,4 - Senior
edsongj,Tester,QA - Mid,QA,3 - Mid-Level
edsongr,Senior Data & Analytics Manager,Not Applicable,Not Applicable,6 - Master 2 / Senior Manager
edsonlima,Developer,Developer - Jr,Developer,2 - Junior
eduardag,Developer,Developer - Mid,Developer,3 - Mid-Level
eduardap,Developer,Developer - Mid,Developer,3 - Mid-Level
eduardo,Squad Leader,Squad Leader,Squad Leader,5 - Master / Manager
eduardo.alevi,Developer Master,Developer - Master,Developer,5 - Master / Manager
eduardo.costa,Systems Architect,Systems Architect,Systems Architect,5 - Master / Manager
eduardo.curti,Product Designer Expert,UI Designer - Master,UI Designer,5 - Master / Manager
eduardo.judici,Systems Architect,Systems Architect,Systems Architect,5 - Master / Manager
eduardo.lima,Software Architect,Software Architect - Sr,Software Architect,4 - Senior
eduardo.oliveira,Developer,Developer - Sr,Developer,4 - Senior
eduardoam,Data Developer,Data Developer - Mid,Data Developer,3 - Mid-Level
eduardoazevedo,Developer,Developer - Mid,Developer,3 - Mid-Level
eduardobellis,Principal Data Architect,Principal Architect,Principal Architect,6 - Master 2 / Senior Manager
eduardobesson,Data & Analytics Specialist,Data Analyst - Mid,Data Analyst,3 - Mid-Level
eduardobh,Data & Analytics Specialist,Data Analyst - Sr,Data Analyst,4 - Senior
eduardocastro,Developer,Developer - Mid,Developer,3 - Mid-Level
eduardocb,Developer,Developer - Mid,Developer,3 - Mid-Level
eduardocg,Scrum Master,Scrum Master,Scrum Master,4 - Senior
eduardocq,Tester,QA - Sr,QA,4 - Senior
eduardodp,Developer,Developer - Mid,Developer,3 - Mid-Level
eduardoes,Software Architect,Software Architect - Sr,Software Architect,4 - Senior
eduardofacanha,Developer,Developer - Mid,Developer,3 - Mid-Level
eduardoferreira,Developer,Developer - Mid,Developer,3 - Mid-Level
eduardogm,Developer,Developer - Sr,Developer,4 - Senior
eduardohs,Developer,Developer - Sr,Developer,4 - Senior
eduardoky,Developer,Developer - Sr,Developer,4 - Senior
eduardolo,Developer,Developer - Sr,Developer,4 - Senior
eduardomn,Squad Leader,Scrum Master,Scrum Master,4 - Senior
eduardomuller,Developer,Developer - Sr,Developer,4 - Senior
eduardopaixao,DevOps,Not Applicable,Not Applicable,4 - Senior
eduardopereira,Developer,Developer - Mid,Developer,3 - Mid-Level
eduardoruela,Developer,Developer - Jr,Developer,2 - Junior
eduardos,Scrum Master,Scrum Master,Scrum Master,4 - Senior
eduardosaute,Developer Master,Developer - Master,Developer,5 - Master / Manager
eduardosf,Senior Manager,Senior Manager,Senior Manager,6 - Master 2 / Senior Manager
eduardovc,Developer,Developer - Sr,Developer,4 - Senior
eduardox,Developer,Developer - Mid,Developer,3 - Mid-Level
edulopes,Developer,Developer - Sr,Developer,4 - Senior
edwardg,Squad Leader,Squad Leader,Squad Leader,5 - Master / Manager
edwardw,Software Architect,Software Architect - Sr,Software Architect,4 - Senior
efrezzarin,Support Master,Scrum Master,Scrum Master,4 - Senior
egavronski,Developer,Developer - Mid,Developer,3 - Mid-Level
eguanwen,Developer,Developer - Sr,Developer,4 - Senior
eguidi,Squad Leader,Squad Leader,Squad Leader,5 - Master / Manager
eileench,Developer,Developer - Mid,Developer,3 - Mid-Level
eileenw,Tester,QA - Jr,QA,2 - Junior
eimereenalido,Developer,Developer - Sr,Developer,4 - Senior
ejunior,Developer,Developer - Sr,Developer,4 - Senior
ekoziol,Developer,Developer - Sr,Developer,4 - Senior
elaineargolo,Tester,QA - Jr,QA,2 - Junior
elained,Tester Master,QA - Master,QA,5 - Master / Manager
elainef,Squad Leader,Squad Leader,Squad Leader,5 - Master / Manager
elaineg,Data Developer,Data Developer - Sr,Data Developer,4 - Senior
elaineldo,Tester,QA - Mid,QA,3 - Mid-Level
elainepalomar,Support Analyst,Support Analyst - Mid,Support Analyst,3 - Mid-Level
elaines,Tester,QA - Sr,QA,4 - Senior
elainesantos,Project Manager,Project Manager,Project Manager,5 - Master / Manager
elainesn,Tester,QA - Mid,QA,3 - Mid-Level
elany,Developer,Developer - Jr,Developer,2 - Junior
elaynep,Tester,QA - Sr,QA,4 - Senior
elber,Developer,Developer - Jr,Developer,2 - Junior
elciosj,Developer,Developer - Sr,Developer,4 - Senior
elderb,Software Architect,Software Architect - Sr,Software Architect,4 - Senior
eldersantos,Developer,Developer - Sr,Developer,4 - Senior
eleandro,Squad Leader,Squad Leader,Squad Leader,5 - Master / Manager
elen.salustiano,Developer,Developer - Mid,Developer,3 - Mid-Level
eleng,Data Developer,Data Developer - Mid,Data Developer,3 - Mid-Level
eleveny,Developer,Developer - Mid,Developer,3 - Mid-Level
elexsandro,Developer,Developer - Sr,Developer,4 - Senior
eliabe,Data Developer,Data Developer - Mid,Data Developer,3 - Mid-Level
eliakim,Tester,QA - Sr,QA,4 - Senior
elianags,Tester,QA - Sr,QA,4 - Senior
elianamunoz,Business Analyst,Business Analyst - Sr,Business Analyst,4 - Senior
elianep,Developer,Developer - Jr,Developer,2 - Junior
eliasfr,Developer,Developer - Sr,Developer,4 - Senior
eliasr,Developer,Developer - Sr,Developer,4 - Senior
elidamaris,Squad Leader,Scrum Master,Scrum Master,4 - Senior
eliel,Systems Architect,Systems Architect,Systems Architect,5 - Master / Manager
eliel.oliveira,Developer,Intern,Intern,1 - Intern
elielc,Developer,Developer - Jr,Developer,2 - Junior
eliertonc,Developer,Developer - Sr,Developer,4 - Senior
elimaracs,Tester,QA - Mid,QA,3 - Mid-Level
elisabethd,Business Expert,Business Analyst - Sr,Business Analyst,5 - Master / Manager
elisabethf,Developer,Developer - Mid,Developer,3 - Mid-Level
elisaresende,Developer,Developer - Jr,Developer,2 - Junior
elisiane,Developer,Developer - Jr,Developer,2 - Junior
eliza,Squad Leader,Scrum Master,Scrum Master,4 - Senior
elizabethm,UX Researcher,UI Designer - Jr,UI Designer,2 - Junior
elizabethp,Software Architect,Software Architect - Sr,Software Architect,4 - Senior
elizeucv,Developer,Developer - Mid,Developer,3 - Mid-Level
elizeun,Developer,Intern,Intern,1 - Intern
elland,Developer,Developer - Sr,Developer,4 - Senior
ellencaroline,Tester,QA - Mid,QA,3 - Mid-Level
ellengv,Developer,Developer - Sr,Developer,4 - Senior
ellenm,Developer,Intern,Intern,1 - Intern
ellenn,Tester,QA - Mid,QA,3 - Mid-Level
ellenv,Developer,Developer - Mid,Developer,3 - Mid-Level
elmirsn,Developer,Developer - Sr,Developer,4 - Senior
eloisaa,Developer,Developer - Mid,Developer,3 - Mid-Level
elquiasj,Developer,Intern,Intern,1 - Intern
elton.rodrigues,Developer,Developer - Sr,Developer,4 - Senior
eltonalmeida,Developer,Developer - Sr,Developer,4 - Senior
eltonbraga,Developer Master,Developer - Master,Developer,5 - Master / Manager
eltond,Developer,Developer - Sr,Developer,4 - Senior
eltongomes,Senior Digital Strategist,Senior Digital Strategist,Senior Digital Strategist,6 - Master 2 / Senior Manager
eltonjohn,Developer,Developer - Sr,Developer,4 - Senior
eltonpereira,Tester,QA - Sr,QA,4 - Senior
eltonr,Systems Architect,Systems Architect,Systems Architect,5 - Master / Manager
eltonsilva,Developer,Developer - Jr,Developer,2 - Junior
eltonsm,"Senior Director, Technology",Not Applicable,Not Applicable,6 - Master 2 / Senior Manager
elvesonc,Developer,Intern,Intern,1 - Intern
emannuell,Tester,QA - Mid,QA,3 - Mid-Level
emannuelv,Tester,QA - Mid,QA,3 - Mid-Level
emanuel.silva,Developer,Intern,Intern,1 - Intern
emanuelc,Developer,Intern,Intern,1 - Intern
emanuellebs,Product Development Manager,Not Applicable,Not Applicable,6 - Master 2 / Senior Manager
emanuelm,Developer,Developer - Jr,Developer,2 - Junior
emanuels,Tester,QA - Sr,QA,4 - Senior
emanuelvictor,Tester,QA - Sr,QA,4 - Senior
emartoni,Software Architect,Software Architect - Sr,Software Architect,4 - Senior
emausa,Developer,Developer - Mid,Developer,3 - Mid-Level
emelo,Systems Architect,Systems Architect,Systems Architect,5 - Master / Manager
emersonbs,Architecture Manager,Principal Architect,Principal Architect,6 - Master 2 / Senior Manager
emersondiego,Systems Architect,Systems Architect,Systems Architect,5 - Master / Manager
emersonfalcao,Developer,Developer - Sr,Developer,4 - Senior
emersonfl,Developer,Developer - Sr,Developer,4 - Senior
emersonfo,Developer,Developer - Sr,Developer,4 - Senior
emersonj,Developer Master,Developer - Master,Developer,5 - Master / Manager
emersonms,Developer,Developer - Sr,Developer,4 - Senior
emersonp,Developer,Developer - Mid,Developer,3 - Mid-Level
emersonsilva,Developer,Developer - Mid,Developer,3 - Mid-Level
emikow,Developer,Developer - Jr,Developer,2 - Junior
emilanoy,Developer,Intern,Intern,1 - Intern
emile.tavares,Developer,Developer - Mid,Developer,3 - Mid-Level
emilio.mason,Senior Manager,Senior Manager,Senior Manager,6 - Master 2 / Senior Manager
emillyn,Developer,Developer - Mid,Developer,3 - Mid-Level
emillyp,Developer,Developer - Sr,Developer,4 - Senior
emillyvitoria,Developer,Developer - Jr,Developer,2 - Junior
emily.badillo,Tech Intern,Intern,Intern,1 - Intern
emily.buchanan,Quality Analyst,QA - Sr,QA,4 - Senior
emilyds,Developer,Developer - Jr,Developer,2 - Junior
emilysilva,Developer,Developer - Mid,Developer,3 - Mid-Level
emilyz,Support Analyst,Support Analyst - Jr,Support Analyst,2 - Junior
emorais,Developer,Developer - Sr,Developer,4 - Senior
emre.turan,Developer,Developer - Sr,Developer,4 - Senior
enaile.rebello,Developer,Developer - Sr,Developer,4 - Senior
endersonr,Software Architect,Software Architect - Sr,Software Architect,4 - Senior
endryus,Developer,Developer - Sr,Developer,4 - Senior
eniojunior,Developer,Developer - Sr,Developer,4 - Senior
enonnemacher,Developer,Developer - Mid,Developer,3 - Mid-Level
enoronha,Data Developer,Data Developer - Mid,Data Developer,3 - Mid-Level
enrico.manfron,Data Scientist,Data Scientist - Sr,Data Scientist,4 - Senior
enzo.aldoney,Data Scientist,Data Scientist - Sr,Data Scientist,4 - Senior
enzo.posse,UX Designer,UX Specialist - Mid,UX Specialist,3 - Mid-Level
enzoalteia,Developer,Developer - Sr,Developer,4 - Senior
enzoq,Developer,Developer - Jr,Developer,2 - Junior
enzors,Developer,Developer - Mid,Developer,3 - Mid-Level
eokada,Principal Software Developer,Developer - Master,Developer,6 - Master 2 / Senior Manager
epapts,Scrum Master,Scrum Master,Scrum Master,3 - Mid-Level
eparente,Developer,Developer - Sr,Developer,4 - Senior
epitacioj,Developer,Developer - Sr,Developer,4 - Senior
epolicarpo,Developer,Developer - Mid,Developer,3 - Mid-Level
eramos,Architecture Manager,Principal Architect,Principal Architect,6 - Master 2 / Senior Manager
ercilia,Developer,Developer - Sr,Developer,4 - Senior
erezende,Developer,Developer - Jr,Developer,2 - Junior
erialex,Developer,Developer - Sr,Developer,4 - Senior
eribeiro,Developer,Developer - Mid,Developer,3 - Mid-Level
erica.jones,Product Owner,Not Applicable,Not Applicable,4 - Senior
ericacarneiro,Data Scientist,Data Scientist - Sr,Data Scientist,4 - Senior
ericav,Senior Manager,Senior Manager,Senior Manager,6 - Master 2 / Senior Manager
ericavalarini,Tester,QA - Jr,QA,2 - Junior
ericaw,Tester,QA - Mid,QA,3 - Mid-Level
ericchagas,Developer,Developer - Sr,Developer,4 - Senior
ericdegomar,Tester,QA - Mid,QA,3 - Mid-Level
ericjangola,Developer Master,Developer - Master,Developer,5 - Master / Manager
erick.shinotsuka,Data & Analytics Specialist,Data Analyst - Mid,Data Analyst,3 - Mid-Level
erick.vergara,Developer,Developer - Mid,Developer,3 - Mid-Level
erickbs,Tester,QA - Jr,QA,2 - Junior
erickfs,Developer,Developer - Mid,Developer,3 - Mid-Level
erickj,Systems Architect,Systems Architect,Systems Architect,5 - Master / Manager
ericks,Developer,Developer - Sr,Developer,4 - Senior
erickss,Tester,QA - Sr,QA,4 - Senior
ericktrettel,Developer,Developer - Sr,Developer,4 - Senior
ericles,Tester,QA - Mid,QA,3 - Mid-Level
erics,Architecture Manager,Principal Architect,Principal Architect,6 - Master 2 / Senior Manager
erijames,Data Developer,Data Developer - Sr,Data Developer,4 - Senior
erik.endler,Developer,Developer - Jr,Developer,2 - Junior
erik.thalheimer,Developer,Developer - Jr,Developer,2 - Junior
erika.tanigawa,Developer,Developer - Sr,Developer,4 - Senior
erikaag,Developer,Developer - Jr,Developer,2 - Junior
erikabda,Developer,Developer - Mid,Developer,3 - Mid-Level
erikaif,UX Designer,UX Specialist - Sr,UX Specialist,4 - Senior
erikap,Senior Manager,Senior Manager,Senior Manager,6 - Master 2 / Senior Manager
erikas,Tester,QA - Mid,QA,3 - Mid-Level
eriksantos,Developer,Developer - Sr,Developer,4 - Senior
erildojc,Developer,Developer - Mid,Developer,3 - Mid-Level
erinz,Scrum Master,Scrum Master,Scrum Master,4 - Senior
erivaldosj,Developer,Developer - Jr,Developer,2 - Junior
erlhiton,Developer,Developer - Mid,Developer,3 - Mid-Level
erloncabral,Developer,Developer - Sr,Developer,4 - Senior
ernanefl,Developer Master,Developer - Master,Developer,5 - Master / Manager
ernestoc,Software Architect,Software Architect - Sr,Software Architect,4 - Senior
esaheki,Data Architect,Not Applicable,Not Applicable,4 - Senior
eschneiker,Developer,Developer - Mid,Developer,3 - Mid-Level
esdrascastro,Developer,Developer - Sr,Developer,4 - Senior
esdrasp,Developer,Developer - Sr,Developer,4 - Senior
esiqueira,Squad Leader,Squad Leader,Squad Leader,5 - Master / Manager
esli,Software Architect,Software Architect - Sr,Software Architect,4 - Senior
esouza,Developer,Developer - Mid,Developer,3 - Mid-Level
esteban,Senior Manager,Senior Manager,Senior Manager,6 - Master 2 / Senior Manager
esteban.ariza,Data Developer,Data Developer - Sr,Data Developer,4 - Senior
esteban.salazar,Data Developer,Data Developer - Sr,Data Developer,4 - Senior
estefanel,Developer,Intern,Intern,1 - Intern
estefanib,Developer,Intern,Intern,1 - Intern
esterb,Digital Strategist,Digital Strategist,Digital Strategist,5 - Master / Manager
estergc,Developer,Developer - Mid,Developer,3 - Mid-Level
estersilva,Developer,Developer - Mid,Developer,3 - Mid-Level
estevaom,Tester,QA - Sr,QA,4 - Senior
esthefaniem,Developer,Developer - Sr,Developer,4 - Senior
esther.silgado,Product Manager,Product Manager,Product Manager,5 - Master / Manager
estherbm,Developer,Developer - Mid,Developer,3 - Mid-Level
estomj,Developer,Developer - Jr,Developer,2 - Junior
estorolli,Senior Manager,Senior Manager,Senior Manager,6 - Master 2 / Senior Manager
etof,Scrum Master,Scrum Master,Scrum Master,4 - Senior
eudoprimo,Developer,Developer - Sr,Developer,4 - Senior
eugeney,Developer,Developer - Sr,Developer,4 - Senior
eulateixeira,Developer,Developer - Jr,Developer,2 - Junior
eures,Developer,Intern,Intern,1 - Intern
eva.satiro,Tester,QA - Sr,QA,4 - Senior
evaldol,Developer,Developer - Sr,Developer,4 - Senior
evanchen,Developer,Developer - Mid,Developer,3 - Mid-Level
evandrofg,Developer,Developer - Sr,Developer,4 - Senior
evandroj,Developer,Developer - Jr,Developer,2 - Junior
evandronascimento,Developer,Developer - Sr,Developer,4 - Senior
evanyhelen,Developer,Developer - Jr,Developer,2 - Junior
evelek,Developer,Developer - Mid,Developer,3 - Mid-Level
evelinef,Product Designer,UI Designer - Sr,UI Designer,4 - Senior
evelineg,Data Developer,Data Developer - Sr,Data Developer,4 - Senior
evellyn,Tester,QA - Mid,QA,3 - Mid-Level
evellync,Developer,Developer - Mid,Developer,3 - Mid-Level
evelyn.guimaraes,Scrum Master,Scrum Master,Scrum Master,3 - Mid-Level
evelynsilva,Developer,Developer - Mid,Developer,3 - Mid-Level
evelynz,Tester,QA - Jr,QA,2 - Junior
evenceslau,Scrum Master,Scrum Master,Scrum Master,3 - Mid-Level
everson,Systems Architect,Systems Architect,Systems Architect,5 - Master / Manager
eversonc,Developer,Developer - Sr,Developer,4 - Senior
evertonmelo,Software Architect,Software Architect - Sr,Software Architect,4 - Senior
evertonreis,Developer,Developer - Sr,Developer,4 - Senior
evertonts,Developer,Developer - Mid,Developer,3 - Mid-Level
evertonwm,Developer,Intern,Intern,1 - Intern
evilasio,Software Architect,Software Architect - Sr,Software Architect,4 - Senior
evinz,Developer,Developer - Mid,Developer,3 - Mid-Level
evirtuoso,Developer,Developer - Sr,Developer,4 - Senior
ewatanabe,Squad Leader,Squad Leader,Squad Leader,5 - Master / Manager
ewellyn,Senior Manager,Senior Manager,Senior Manager,6 - Master 2 / Senior Manager
ewertonsantos,Developer,Developer - Sr,Developer,4 - Senior
ewertonss,Developer,Developer - Jr,Developer,2 - Junior
ewolf,Tester,Not Applicable,Not Applicable,2 - Junior
ezampieri,Developer,Intern,Intern,1 - Intern
ezequielb,Developer,Developer - Sr,Developer,4 - Senior
ezequieljm,Developer Master,Developer - Master,Developer,5 - Master / Manager
fabia,Product Designer,UI Designer - Sr,UI Designer,4 - Senior
fabian.acuna,Quality Analyst,QA - Sr,QA,4 - Senior
fabiana,Senior Manager,Senior Manager,Senior Manager,6 - Master 2 / Senior Manager
fabiana.leite,Senior Manager,Senior Manager,Senior Manager,6 - Master 2 / Senior Manager
fabianaf,Tester,QA - Mid,QA,3 - Mid-Level
fabianam,Data Developer,Data Developer - Sr,Data Developer,4 - Senior
fabianas,Tester,QA - Mid,QA,3 - Mid-Level
fabianat,Data & Analytics Manager,Data Analyst - Master,Data Analyst,5 - Master / Manager
fabianea,Senior Manager,Senior Manager,Senior Manager,6 - Master 2 / Senior Manager
fabianes,Support Master,Scrum Master,Scrum Master,4 - Senior
fabiano.audazi,Not Applicable,Not Applicable,Not Applicable,4 - Senior
fabianol,Senior Manager,Senior Manager,Senior Manager,6 - Master 2 / Senior Manager
fabianolima,Software Architect,Software Architect - Sr,Software Architect,4 - Senior
fabianolv,Developer,Developer - Sr,Developer,4 - Senior
fabianon,Developer,Developer - Mid,Developer,3 - Mid-Level
fabianosr,Developer,Developer - Jr,Developer,2 - Junior
fabiellivaz,Tester,QA - Mid,QA,3 - Mid-Level
fabio.amaral,Data Developer,Data Developer - Sr,Data Developer,4 - Senior
fabio.kazenok,Project Manager,Project Manager,Project Manager,5 - Master / Manager
fabio.machado,Developer,Developer - Mid,Developer,3 - Mid-Level
fabio.vieira,Squad Leader,Scrum Master,Scrum Master,4 - Senior
fabioalves,Architecture Manager,Principal Architect,Principal Architect,6 - Master 2 / Senior Manager
fabioej,Tester,QA - Sr,QA,4 - Senior
fabioelias,Software Architect,Software Architect - Sr,Software Architect,4 - Senior
fabiofilpi,Principal Software Developer,Developer - Master,Developer,6 - Master 2 / Senior Manager
fabiogodoy,Data & Analytics Specialist,Data Analyst - Sr,Data Analyst,4 - Senior
fabiohp,Developer,Developer - Sr,Developer,4 - Senior
fabioi,Developer,Intern,Intern,1 - Intern
fabiojun,DevOps,Not Applicable,Not Applicable,4 - Senior
fabiok,Developer,Developer - Sr,Developer,4 - Senior
fabiokc,Software Architect,Software Architect - Sr,Software Architect,4 - Senior
fabiola,Squad Leader,Squad Leader,Squad Leader,5 - Master / Manager
fabiomaia,Developer Master,Developer - Master,Developer,5 - Master / Manager
fabiomartins,Systems Architect,Systems Architect,Systems Architect,5 - Master / Manager
fabioml,Data & Analytics Specialist Master,Data Analyst - Master,Data Analyst,5 - Master / Manager
fabionaoto,Developer,Developer - Mid,Developer,3 - Mid-Level
fabiosf,Developer,Developer - Mid,Developer,3 - Mid-Level
fabioth,Tester,QA - Mid,QA,3 - Mid-Level
fabiots,Developer,Developer - Sr,Developer,4 - Senior
fabison,Developer,Intern,Intern,1 - Intern
fabisouza,Architecture Manager,Principal Architect,Principal Architect,6 - Master 2 / Senior Manager
fabricio.cerci,Systems Architect,Systems Architect,Systems Architect,5 - Master / Manager
fabricio.godoy,Developer,Developer - Sr,Developer,4 - Senior
fabricio.uema,Support Analyst,Support Analyst - Mid,Support Analyst,3 - Mid-Level
fabriciob,Developer Master,Developer - Master,Developer,5 - Master / Manager
fabriciobraga,Developer,Developer - Sr,Developer,4 - Senior
fabriciols,Developer,Developer - Sr,Developer,4 - Senior
fabriciomd,UI Designer,UI Designer - Jr,UI Designer,2 - Junior
fabriciond,Developer,Developer - Sr,Developer,4 - Senior
fabriciopujol,Developer,Developer - Sr,Developer,4 - Senior
fagner.santos,Software Architect,Software Architect - Sr,Software Architect,4 - Senior
fagnerdias,Developer,Developer - Sr,Developer,4 - Senior
fantunes,Software Architect,Software Architect - Sr,Software Architect,4 - Senior
farid.medina,Quality Analyst,QA - Mid,QA,3 - Mid-Level
farruda,Developer,Developer - Mid,Developer,3 - Mid-Level
fassion,Software Architect,Software Architect - Sr,Software Architect,4 - Senior
faustosm,Data Developer Master,Data Developer - Master,Data Developer,5 - Master / Manager
fayz,Tester,QA - Mid,QA,3 - Mid-Level
fbachesque,Tester,QA - Mid,QA,3 - Mid-Level
fbarreto,Data Developer,Data Developer - Sr,Data Developer,4 - Senior
fbarros,Developer,Developer - Sr,Developer,4 - Senior
fbenik,Developer,Developer - Sr,Developer,4 - Senior
fbenito,Product Designer,UI Designer - Sr,UI Designer,4 - Senior
fberchof,Developer,Developer - Mid,Developer,3 - Mid-Level
fbergamo,Developer,Developer - Sr,Developer,4 - Senior
fbertoni,Developer Master,Developer - Master,Developer,5 - Master / Manager
fbonfat,Tester,QA - Sr,QA,4 - Senior
fbonon,Systems Architect,Systems Architect,Systems Architect,5 - Master / Manager
fbordon,Developer,Developer - Mid,Developer,3 - Mid-Level
fbortoli,Developer,Developer - Sr,Developer,4 - Senior
fbrolesi,Data & Analytics Manager,Data Analyst - Master,Data Analyst,5 - Master / Manager
fcalcagno,Developer,Developer - Mid,Developer,3 - Mid-Level
fcaldas,Project Manager,Project Manager,Project Manager,5 - Master / Manager
fcampidelli,Developer,Developer - Mid,Developer,3 - Mid-Level
fcampina,Developer,Developer - Mid,Developer,3 - Mid-Level
fcappi,Systems Architect,Systems Architect,Systems Architect,5 - Master / Manager
fcaraffini,Developer,Developer - Sr,Developer,4 - Senior
fcarmo,Developer,Developer - Mid,Developer,3 - Mid-Level
fcassio,Developer,Developer - Jr,Developer,2 - Junior
fcatalani,Developer,Developer - Mid,Developer,3 - Mid-Level
fcesar,Developer,Developer - Sr,Developer,4 - Senior
fcestari,Architecture Manager,Principal Architect,Principal Architect,6 - Master 2 / Senior Manager
fchufi,Principal Software Developer,Developer - Master,Developer,6 - Master 2 / Senior Manager
fcoimbra,Developer,Developer - Sr,Developer,4 - Senior
fcomunello,Developer,Developer - Sr,Developer,4 - Senior
fcoqui,Developer,Developer - Sr,Developer,4 - Senior
fcrescencio,Developer,Developer - Master,Developer,5 - Master / Manager
fdan,Developer,Intern,Intern,1 - Intern
fdanielle,Developer,Developer - Mid,Developer,3 - Mid-Level
fdantas,Tester,QA - Mid,QA,3 - Mid-Level
fdestro,Software Architect,Software Architect - Sr,Software Architect,4 - Senior
fdewulf,Architecture Manager,Principal Architect,Principal Architect,6 - Master 2 / Senior Manager
fdias,Software Architect,Software Architect - Sr,Software Architect,4 - Senior
fdonadelli,Developer,Developer - Sr,Developer,4 - Senior
feliex,Developer,Developer - Mid,Developer,3 - Mid-Level
felipe.alves,Squad Leader,Squad Leader,Squad Leader,5 - Master / Manager
felipe.botero,Developer Master,Developer - Master,Developer,5 - Master / Manager
felipe.brito,Developer,Intern,Intern,1 - Intern
felipe.lavandeira,Developer,Developer - Sr,Developer,4 - Senior
felipe.rocha,Developer,Developer - Mid,Developer,3 - Mid-Level
felipe.siqueira,Business Analyst,Business Analyst - Sr,Business Analyst,4 - Senior
felipe.villa,Business Analyst,Business Analyst - Sr,Business Analyst,4 - Senior
felipeac,Developer Master,Developer - Master,Developer,5 - Master / Manager
felipead,Tester,QA - Mid,QA,3 - Mid-Level
felipealexandre,Developer,Developer - Sr,Developer,4 - Senior
felipearvani,Developer,Developer - Mid,Developer,3 - Mid-Level
felipeas,Developer,Developer - Sr,Developer,4 - Senior
felipeaxc,Squad Leader,Squad Leader,Squad Leader,5 - Master / Manager
felipebm,Developer,Developer - Mid,Developer,3 - Mid-Level
felipecesar,Squad Leader,Squad Leader,Squad Leader,5 - Master / Manager
felipecestari,Data & Analytics Specialist,Data Analyst - Sr,Data Analyst,4 - Senior
felipecorrea,Data Scientist,Data Scientist - Sr,Data Scientist,4 - Senior
felipecp,Architecture Manager,Principal Architect,Principal Architect,6 - Master 2 / Senior Manager
felipefernandes,Developer,Developer - Sr,Developer,4 - Senior
felipeferreira,Developer,Developer - Sr,Developer,4 - Senior
felipefo,Support Analyst,Support Analyst - Mid,Support Analyst,3 - Mid-Level
felipefreire,Software Architect,Software Architect - Sr,Software Architect,4 - Senior
felipegc,Developer,Developer - Master,Developer,5 - Master / Manager
felipegs,Developer Master,Developer - Master,Developer,5 - Master / Manager
felipehm,Developer,Intern,Intern,1 - Intern
felipehs,Developer,Developer - Mid,Developer,3 - Mid-Level
felipeis,Software Architect,Software Architect - Sr,Software Architect,4 - Senior
felipek,Developer,Developer - Sr,Developer,4 - Senior
felipelima,Developer Master,Developer - Master,Developer,5 - Master / Manager
felipelp,Software Architect,Software Architect - Sr,Software Architect,4 - Senior
felipem,Systems Architect,Systems Architect,Systems Architect,5 - Master / Manager
felipemaia,Developer,Developer - Sr,Developer,4 - Senior
felipemarques,Developer,Developer - Mid,Developer,3 - Mid-Level
felipemc,Developer,Developer - Sr,Developer,4 - Senior
felipemg,Developer,Developer - Mid,Developer,3 - Mid-Level
felipemoraes,UX Designer,UX Specialist - Sr,UX Specialist,4 - Senior
felipemr,Scrum Master,Scrum Master,Scrum Master,4 - Senior
felipems,Developer,Developer - Mid,Developer,3 - Mid-Level
felipeo,Developer,Developer - Mid,Developer,3 - Mid-Level
felipeoliveira,Tester,QA - Mid,QA,3 - Mid-Level
felipeop,Developer Master,Developer - Master,Developer,5 - Master / Manager
felipepedro,Developer,Developer - Mid,Developer,3 - Mid-Level
felipepereira,Squad Leader,Scrum Master,Scrum Master,4 - Senior
felipepg,Developer,Developer - Sr,Developer,4 - Senior
felipepj,Developer,Developer - Sr,Developer,4 - Senior
felipeproenca,Data Developer,Data Developer - Sr,Data Developer,4 - Senior
felipereis,Developer,Developer - Sr,Developer,4 - Senior
felipert,Developer Master,Developer - Master,Developer,5 - Master / Manager
felipeshimakawa,Software Architect,Software Architect - Sr,Software Architect,4 - Senior
felipesilveira,Tester,QA - Mid,QA,3 - Mid-Level
felipesn,Developer,Developer - Jr,Developer,2 - Junior
felipesp,Squad Leader,Support Analyst - Mid,Support Analyst,3 - Mid-Level
felipess,Developer,Developer - Sr,Developer,4 - Senior
felipevictor,Developer,Developer - Mid,Developer,3 - Mid-Level
felipevr,Data Developer,Data Developer - Mid,Data Developer,3 - Mid-Level
felipevs,Developer,Developer - Mid,Developer,3 - Mid-Level
felippe.souza,Developer,Developer - Mid,Developer,3 - Mid-Level
felixdu,Tester,QA - Jr,QA,2 - Junior
fellipe.mendes,Tester,Not Applicable,Not Applicable,5 - Master / Manager
fellipesouza,Business Analyst,Business Analyst - Sr,Business Analyst,4 - Senior
fernanda.gubert,Data Scientist,Data Scientist - Mid,Data Scientist,3 - Mid-Level
fernanda.lima,Not Applicable,Not Applicable,Not Applicable,6 - Master 2 / Senior Manager
fernanda.ricardo,Not Applicable,Not Applicable,Not Applicable,6 - Master 2 / Senior Manager
fernandaafaz,Tester Master,QA - Master,QA,5 - Master / Manager
fernandaaguilar,Tester,QA - Sr,QA,4 - Senior
fernandab,Developer,Developer - Sr,Developer,4 - Senior
fernandacampelo,Data & Analytics Specialist,Data Analyst - Sr,Data Analyst,4 - Senior
fernandagb,Support Analyst,Support Analyst - Jr,Support Analyst,2 - Junior
fernandals,Software Architect,Software Architect - Sr,Software Architect,4 - Senior
fernandamm,Product Designer,UI Designer - Sr,UI Designer,4 - Senior
fernandamn,Developer Master,Developer - Master,Developer,5 - Master / Manager
fernandaz,Data & Analytics Specialist,Data Analyst - Sr,Data Analyst,4 - Senior
fernandes,Software Architect,Software Architect - Sr,Software Architect,4 - Senior
fernando.filho,Tester,QA - Mid,QA,3 - Mid-Level
fernando.junior,Developer,Intern,Intern,1 - Intern
fernando.molina,Developer,Developer - Sr,Developer,4 - Senior
fernando.rauber,Developer,Developer - Sr,Developer,4 - Senior
fernando.ribeiro,Developer,Developer - Sr,Developer,4 - Senior
fernando.rodrigues,Developer,Developer - Mid,Developer,3 - Mid-Level
fernando.vendramin,Developer,Developer - Sr,Developer,4 - Senior
fernandoac,Developer,Developer - Jr,Developer,2 - Junior
fernandoavanzo,Developer,Developer - Sr,Developer,4 - Senior
fernandodg,Software Architect,Software Architect - Sr,Software Architect,4 - Senior
fernandodias,Business Analyst,Business Analyst - Sr,Business Analyst,4 - Senior
fernandof,Developer Master,Developer - Master,Developer,5 - Master / Manager
fernandoleite,Developer,Developer - Sr,Developer,4 - Senior
fernandom,Senior Manager,Senior Manager,Senior Manager,6 - Master 2 / Senior Manager
fernandomiranda,Architecture Manager,Principal Architect,Principal Architect,6 - Master 2 / Senior Manager
fernandomj,Systems Architect,Systems Architect,Systems Architect,5 - Master / Manager
fernandoo,Developer,Developer - Sr,Developer,4 - Senior
fernandooliveira,Software Architect,Software Architect - Sr,Software Architect,4 - Senior
fernandori,Developer,Developer - Mid,Developer,3 - Mid-Level
fernandorodrigues,Software Architect,Software Architect - Sr,Software Architect,4 - Senior
fernandosilva,Developer,Developer - Sr,Developer,4 - Senior
fernandosm,Architecture Manager,Principal Architect,Principal Architect,6 - Master 2 / Senior Manager
ferreira,Developer,Developer - Mid,Developer,3 - Mid-Level
ffaez,Project Manager,Project Manager,Project Manager,5 - Master / Manager
ffagian,Developer,Developer - Sr,Developer,4 - Senior
ffedel,Systems Architect,Systems Architect,Systems Architect,5 - Master / Manager
fferrandin,Software Architect,Software Architect - Sr,Software Architect,4 - Senior
fferreira,Tester Master,QA - Master,QA,5 - Master / Manager
ffialho,Developer,Developer - Sr,Developer,4 - Senior
ffidalgo,Squad Leader,Squad Leader,Squad Leader,5 - Master / Manager
ffilipin,Business Analyst,Business Analyst - Mid,Business Analyst,3 - Mid-Level
ffortunato,Developer,Developer - Sr,Developer,4 - Senior
ffrancisco,Tester,QA - Mid,QA,3 - Mid-Level
fgambarra,Developer,Developer - Sr,Developer,4 - Senior
fganzert,Developer,Developer - Sr,Developer,4 - Senior
fgiacon,Data & Analytics Specialist,Data Analyst - Sr,Data Analyst,4 - Senior
fgibin,Developer,Developer - Mid,Developer,3 - Mid-Level
fgiffoni,Tester,QA - Mid,QA,3 - Mid-Level
fgoncalves,Squad Leader,Scrum Master,Scrum Master,4 - Senior
fgouveia,Developer,Intern,Intern,1 - Intern
fgraebin,Developer,Developer - Mid,Developer,3 - Mid-Level
fgraziuso,Data Developer,Data Developer - Sr,Data Developer,4 - Senior
fgualberto,Data Developer,Data Developer - Sr,Data Developer,4 - Senior
fguebert,Developer,Developer - Sr,Developer,4 - Senior
fheidi,Developer Master,Developer - Master,Developer,5 - Master / Manager
fidena,Tester,QA - Jr,QA,2 - Junior
filemonr,Scrum Master,Scrum Master,Scrum Master,4 - Senior
filipea,Developer,Intern,Intern,1 - Intern
filipebarbosa,Developer,Developer - Mid,Developer,3 - Mid-Level
filipeg,Tester,QA - Mid,QA,3 - Mid-Level
filipeh,Developer,Developer - Sr,Developer,4 - Senior
filipelb,Developer,Developer - Mid,Developer,3 - Mid-Level
filipemf,Developer,Developer - Jr,Developer,2 - Junior
filipen,Developer,Developer - Jr,Developer,2 - Junior
filiper,Developer Master,Developer - Master,Developer,5 - Master / Manager
filiperibeiro,Data & Analytics Specialist,Data Analyst - Sr,Data Analyst,4 - Senior
filipesa,Tester,QA - Mid,QA,3 - Mid-Level
filipesv,Developer,Developer - Sr,Developer,4 - Senior
fjcarvalho,Squad Leader,Scrum Master,Scrum Master,4 - Senior
fjunior,Developer,Developer - Mid,Developer,3 - Mid-Level
fkleinubing,Developer,Developer - Mid,Developer,3 - Mid-Level
flavia,Data & Analytics Specialist,Data Analyst - Mid,Data Analyst,3 - Mid-Level
flavia.morelli,Tester,QA - Mid,QA,3 - Mid-Level
flaviad,Scrum Master,Scrum Master,Scrum Master,3 - Mid-Level
flaviagomes,Developer,Developer - Sr,Developer,4 - Senior
flaviass,Developer,Developer - Jr,Developer,2 - Junior
flavio.furlanetto,Senior Manager,Senior Manager,Senior Manager,6 - Master 2 / Senior Manager
flaviobeck,Project Manager,Project Manager,Project Manager,5 - Master / Manager
flavioeb,Principal Software Developer,Developer - Master,Developer,6 - Master 2 / Senior Manager
flaviog,Developer,Developer - Sr,Developer,4 - Senior
flaviogs,Developer,Developer - Sr,Developer,4 - Senior
flaviohigashi,Data & Analytics Specialist,Data Analyst - Sr,Data Analyst,4 - Senior
flaviom,Developer,Developer - Jr,Developer,2 - Junior
flaviomendes,Data & Analytics Specialist,Data Analyst - Sr,Data Analyst,4 - Senior
flavior,Software Architect,Software Architect - Sr,Software Architect,4 - Senior
flaviorc,Developer,Developer - Sr,Developer,4 - Senior
flaviors,Developer,Developer - Jr,Developer,2 - Junior
flavios,Data & Analytics Specialist,Data Analyst - Sr,Data Analyst,4 - Senior
flaviosm,Tester,QA - Sr,QA,4 - Senior
flaviosoares,Architecture Manager,Principal Architect,Principal Architect,6 - Master 2 / Senior Manager
flaviot,Software Architect,Software Architect - Sr,Software Architect,4 - Senior
flaviots,Data Developer,Data Developer - Sr,Data Developer,4 - Senior
flealdini,Developer,Developer - Sr,Developer,4 - Senior
flisbao,Developer Master,Developer - Master,Developer,5 - Master / Manager
flora,Scrum Master,Scrum Master,Scrum Master,4 - Senior
florenzoni,Software Architect,Software Architect - Sr,Software Architect,4 - Senior
fmaldonado,Senior Manager,Senior Manager,Senior Manager,6 - Master 2 / Senior Manager
fmantovani,Software Architect,Software Architect - Sr,Software Architect,4 - Senior
fmanzano,Scrum Master,Scrum Master,Scrum Master,4 - Senior
fmarcal,Product Designer,UI Designer - Sr,UI Designer,4 - Senior
fmarcondes,Developer Master,Developer - Master,Developer,5 - Master / Manager
fmarouvo,Developer,Developer - Sr,Developer,4 - Senior
fmascarelo,Developer,Developer - Sr,Developer,4 - Senior
fmasiero,Squad Leader,Squad Leader,Squad Leader,5 - Master / Manager
fmattos,Systems Architect,Systems Architect,Systems Architect,5 - Master / Manager
fmayer,Developer,Intern,Intern,1 - Intern
fmedeiros,Developer,Developer - Sr,Developer,4 - Senior
fmeira,Developer Master,Developer - Master,Developer,5 - Master / Manager
fmeirelles,Project Manager,Project Manager,Project Manager,5 - Master / Manager
fmelo,Developer,Developer - Mid,Developer,3 - Mid-Level
fmendonca,Developer Master,Developer - Master,Developer,5 - Master / Manager
fmichiura,Developer,Developer - Sr,Developer,4 - Senior
fmirandola,Developer,Developer - Mid,Developer,3 - Mid-Level
fmontezani,Tester,QA - Sr,QA,4 - Senior
fmorais,Developer,Developer - Mid,Developer,3 - Mid-Level
fmoreno,Data Developer Master,Data Developer - Master,Data Developer,5 - Master / Manager
fmota,Data & Analytics Specialist,Data Analyst - Mid,Data Analyst,3 - Mid-Level
fmuniz,Squad Leader,Scrum Master,Scrum Master,4 - Senior
fnetto,Software Architect,Software Architect - Sr,Software Architect,4 - Senior
fnicolau,Developer Master,Developer - Master,Developer,5 - Master / Manager
fnorato,Developer,Developer - Sr,Developer,4 - Senior
fnovaes,Developer,Developer - Sr,Developer,4 - Senior
fosorio,Developer,Intern,Intern,1 - Intern
fpallini,Senior Manager,Senior Manager,Senior Manager,6 - Master 2 / Senior Manager
fpancote,Developer,Developer - Sr,Developer,4 - Senior
fparmezani,Developer Master,Developer - Master,Developer,6 - Master 2 / Senior Manager
fpasqualotto,Developer Master,Developer - Master,Developer,5 - Master / Manager
fpazzoto,Senior Manager,Senior Manager,Senior Manager,6 - Master 2 / Senior Manager
fpedrozo,Developer,Developer - Mid,Developer,3 - Mid-Level
fpelagaggi,Developer,Developer - Mid,Developer,3 - Mid-Level
fpenna,Scrum Master,Scrum Master,Scrum Master,4 - Senior
fpierri,Developer,Developer - Sr,Developer,4 - Senior
fpigato,Senior Data & Analytics Manager,Senior Manager,Senior Manager,6 - Master 2 / Senior Manager
fpigiani,Developer,Developer - Jr,Developer,2 - Junior
fpinatti,Developer Master,Developer - Master,Developer,5 - Master / Manager
fpochini,Scrum Master,Scrum Master,Scrum Master,4 - Senior
fpoloni,Developer Master,Developer - Master,Developer,5 - Master / Manager
fportioli,Developer,Developer - Sr,Developer,4 - Senior
fpozzer,Project Manager,Senior Manager,Senior Manager,6 - Master 2 / Senior Manager
fprestefelippe,Not Applicable,Not Applicable,Not Applicable,6 - Master 2 / Senior Manager
fpreviatti,Developer,Developer - Mid,Developer,3 - Mid-Level
fprovencale,Data Developer,Data Developer - Sr,Data Developer,4 - Senior
framon,Developer,Developer - Sr,Developer,4 - Senior
franciele.cunha,Squad Leader,Squad Leader,Squad Leader,5 - Master / Manager
francielerf,Project Manager,Project Manager,Project Manager,5 - Master / Manager
francielle.sutil,Squad Leader,Scrum Master,Scrum Master,4 - Senior
franciellyp,Quality Analyst,QA - Mid,QA,3 - Mid-Level
francielydb,Developer,Developer - Mid,Developer,3 - Mid-Level
francinet,Scrum Master,Scrum Master,Scrum Master,4 - Senior
francisca,Tester,QA - Mid,QA,3 - Mid-Level
francisco.formagio,Not Applicable,Not Applicable,Not Applicable,2 - Junior
franciscoa,Developer,Developer - Sr,Developer,4 - Senior
franciscoacacio,Developer,Developer - Mid,Developer,3 - Mid-Level
franciscobm,Information Security Expert,Developer - Master,Developer,5 - Master / Manager
franciscocardoso,Developer,Developer - Mid,Developer,3 - Mid-Level
franciscof,Tester,QA - Mid,QA,3 - Mid-Level
franciscofj,Developer,Developer - Sr,Developer,4 - Senior
franciscol,Software Architect,Software Architect - Sr,Software Architect,4 - Senior
franciscoln,Developer,Developer - Sr,Developer,4 - Senior
franciscos,Project Manager,Project Manager,Project Manager,5 - Master / Manager
francisr,Systems Architect,Software Architect - Sr,Software Architect,4 - Senior
francisrs,Squad Leader,Scrum Master,Scrum Master,4 - Senior
francyneloiola,Systems Architect,Systems Architect,Systems Architect,5 - Master / Manager
frank.cooke,Developer Master,Developer - Master,Developer,5 - Master / Manager
frank.persinotto,Tester,QA - Sr,QA,4 - Senior
frankd,Developer,Developer - Mid,Developer,3 - Mid-Level
frankj,Developer,Developer - Sr,Developer,4 - Senior
franksons,Data Developer,Data Developer - Mid,Data Developer,3 - Mid-Level
franky,Software Architect,Software Architect - Sr,Software Architect,4 - Senior
frederico.machado,Product Designer,UI Designer - Sr,UI Designer,4 - Senior
fredericofm,Developer,Developer - Sr,Developer,4 - Senior
fredericorl,Tester,QA - Sr,QA,4 - Senior
fredericosh,Developer,Developer - Mid,Developer,3 - Mid-Level
fredericot,Developer,Developer - Sr,Developer,4 - Senior
fredsonr,Developer,Developer - Sr,Developer,4 - Senior
freef,Developer,Developer - Mid,Developer,3 - Mid-Level
frelvas,Developer,Developer - Sr,Developer,4 - Senior
fribeiro,Systems Architect,Systems Architect,Systems Architect,5 - Master / Manager
frogerio,Developer Master,Developer - Master,Developer,5 - Master / Manager
frosa,Senior Manager,Senior Manager,Senior Manager,6 - Master 2 / Senior Manager
frossell,Developer,Developer - Sr,Developer,4 - Senior
fruys,Support Master,Scrum Master,Scrum Master,4 - Senior
fsalviano,Developer,Developer - Mid,Developer,3 - Mid-Level
fsamano,Developer,Developer - Sr,Developer,4 - Senior
fsamuel,Developer,Developer - Mid,Developer,3 - Mid-Level
fsantiago,Architecture Manager,Principal Architect,Principal Architect,6 - Master 2 / Senior Manager
fsantini,Systems Architect,Systems Architect,Systems Architect,5 - Master / Manager
fsartori,Developer,Developer - Mid,Developer,3 - Mid-Level
fschappo,Developer,Developer - Sr,Developer,4 - Senior
fsousa,Developer,Intern,Intern,1 - Intern
fstasiuk,Developer,Developer - Sr,Developer,4 - Senior
ftontini,Squad Leader,Squad Leader,Squad Leader,5 - Master / Manager
ftorelli,Senior Manager,Senior Manager,Senior Manager,6 - Master 2 / Senior Manager
furlan,Developer,Developer - Sr,Developer,4 - Senior
fvidal,Developer,Developer - Jr,Developer,2 - Junior
fvieira,Systems Architect,Systems Architect,Systems Architect,5 - Master / Manager
fvmendes,Senior Manager,Senior Manager,Senior Manager,6 - Master 2 / Senior Manager
fzanelato,Developer,Developer - Sr,Developer,4 - Senior
gabriel,Squad Leader,Squad Leader,Squad Leader,5 - Master / Manager
gabriel.aldivan,Data Developer,Data Developer - Mid,Data Developer,3 - Mid-Level
gabriel.araujo,Tester,QA - Mid,QA,3 - Mid-Level
gabriel.brito,Tester,QA - Mid,QA,3 - Mid-Level
gabriel.bucalon,Developer,Developer - Sr,Developer,4 - Senior
gabriel.camargo,Data & Analytics Specialist,Data Analyst - Sr,Data Analyst,4 - Senior
gabriel.carvalho,Developer,Intern,Intern,1 - Intern
gabriel.dragoni,Software Architect,Software Architect - Sr,Software Architect,4 - Senior
gabriel.fonseca,Developer,Developer - Mid,Developer,3 - Mid-Level
gabriel.mario,Developer,Intern,Intern,1 - Intern
gabriel.marques,Developer,Developer - Mid,Developer,3 - Mid-Level
gabriel.martins,Developer,Developer - Mid,Developer,3 - Mid-Level
gabriel.nascimento,DevOps,Not Applicable,Not Applicable,3 - Mid-Level
gabriel.paula,Tester,QA - Mid,QA,3 - Mid-Level
gabriel.rapozo,Developer,Developer - Sr,Developer,4 - Senior
gabriel.ribeiro,Developer,Developer - Sr,Developer,4 - Senior
gabriel.santana,Developer,Developer - Mid,Developer,3 - Mid-Level
gabriel.scavassa,Developer,Developer - Sr,Developer,4 - Senior
gabriel.silva,Developer,Developer - Mid,Developer,3 - Mid-Level
gabriel.vasconcelos,Developer,Developer - Mid,Developer,3 - Mid-Level
gabriel.vieira,Developer,Developer - Mid,Developer,3 - Mid-Level
gabriela.cruz,Data & Analytics Specialist,Data Analyst - Sr,Data Analyst,4 - Senior
gabriela.lozano,UI Designer,UI Designer - Mid,UI Designer,3 - Mid-Level
gabrielaalegrim,Developer,Developer - Mid,Developer,3 - Mid-Level
gabrielab,UI Designer,UI Designer - Sr,UI Designer,4 - Senior
gabrielacosta,Tester,QA - Jr,QA,2 - Junior
gabrielad,Project Manager,Project Manager,Project Manager,5 - Master / Manager
gabrielaec,Developer,Developer - Mid,Developer,3 - Mid-Level
gabrielafarias,UX Designer,UX Specialist - Sr,UX Specialist,4 - Senior
gabrielals,UI Designer,UI Designer - Mid,UI Designer,3 - Mid-Level
gabrielam,Product Designer,UI Designer - Sr,UI Designer,4 - Senior
gabrielaoliveira,Data Developer,Data Developer - Jr,Data Developer,2 - Junior
gabrielar,Content Specialist,Not Applicable,Not Applicable,3 - Mid-Level
gabrielarf,Developer,Developer - Jr,Developer,2 - Junior
gabrielasantos,Developer,Developer - Mid,Developer,3 - Mid-Level
gabrielaseverino,Data Developer,Data Developer - Jr,Data Developer,2 - Junior
gabrielasouza,Developer,Developer - Sr,Developer,4 - Senior
gabrielbaron,Developer,Developer - Mid,Developer,3 - Mid-Level
gabrielbp,Squad Leader,Scrum Master,Scrum Master,4 - Senior
gabrielbr,Developer,Developer - Sr,Developer,4 - Senior
gabrielbrito,Systems Architect,Systems Architect,Systems Architect,5 - Master / Manager
gabrielbs,Tester,QA - Mid,QA,3 - Mid-Level
gabrielcampos,Developer,Developer - Sr,Developer,4 - Senior
gabrielcm,Developer,Developer - Jr,Developer,2 - Junior
gabrielcorrea,Systems Architect,Systems Architect,Systems Architect,5 - Master / Manager
gabrielcr,Developer,Developer - Mid,Developer,3 - Mid-Level
gabrielct,Developer,Developer - Mid,Developer,3 - Mid-Level
gabrield,Developer,Intern,Intern,1 - Intern
gabrieldantas,Developer,Developer - Sr,Developer,4 - Senior
gabrieldf,Developer,Intern,Intern,1 - Intern
gabrieldm,Developer,Intern,Intern,1 - Intern
gabrieldv,Developer,Developer - Jr,Developer,2 - Junior
gabrielec,Data Developer,Data Developer - Mid,Data Developer,3 - Mid-Level
gabrielevb,Developer,Developer - Sr,Developer,4 - Senior
gabrielfa,Data Developer,Data Developer - Mid,Data Developer,3 - Mid-Level
gabrielfernandes,Tester,QA - Mid,QA,3 - Mid-Level
gabrielferrari,Systems Architect,Systems Architect,Systems Architect,5 - Master / Manager
gabrielferreira,Software Architect,Software Architect - Sr,Software Architect,4 - Senior
gabrielfox,Developer,Developer - Sr,Developer,4 - Senior
gabrielfreire,Developer,Developer - Sr,Developer,4 - Senior
gabrielga,Developer,Developer - Mid,Developer,3 - Mid-Level
gabrielgl,Developer,Developer - Sr,Developer,4 - Senior
gabrielgreco,Squad Leader,Scrum Master,Scrum Master,4 - Senior
gabrielhb,Developer,Intern,Intern,1 - Intern
gabrielhn,Tester,QA - Mid,QA,3 - Mid-Level
gabrielhs,Systems Architect,Systems Architect,Systems Architect,5 - Master / Manager
gabrielkj,Developer,Developer - Mid,Developer,3 - Mid-Level
gabrielle.oliveira,Scrum Master,Scrum Master,Scrum Master,4 - Senior
gabriellepoli,Developer,Developer - Mid,Developer,3 - Mid-Level
gabrielles,Developer,Developer - Jr,Developer,2 - Junior
gabriellincoln,Developer,Developer - Mid,Developer,3 - Mid-Level
gabriellisboa,Developer,Developer - Mid,Developer,3 - Mid-Level
gabrielliv,Developer,Developer - Jr,Developer,2 - Junior
gabriellopes,Developer,Developer - Mid,Developer,3 - Mid-Level
gabriellr,Developer,Developer - Mid,Developer,3 - Mid-Level
gabriellsantos,Tester,QA - Mid,QA,3 - Mid-Level
gabrielm,Data Developer,Data Developer - Sr,Data Developer,4 - Senior
gabrielmarinho,Developer,Developer - Jr,Developer,2 - Junior
gabrielnardy,Developer,Intern,Intern,1 - Intern
gabrielnetto,Scrum Master,Scrum Master,Scrum Master,4 - Senior
gabrielpadilha,Tester,QA - Sr,QA,4 - Senior
gabrielpr,Developer,Developer - Sr,Developer,4 - Senior
gabrielrinaldi,Tester,QA - Mid,QA,3 - Mid-Level
gabrielroveri,Developer,Developer - Mid,Developer,3 - Mid-Level
gabrielrs,Developer,Developer - Sr,Developer,4 - Senior
gabrielsd,Developer,Developer - Sr,Developer,4 - Senior
gabrielsimoes,Tester,QA - Sr,QA,4 - Senior
gabrielsl,Squad Leader,Scrum Master,Scrum Master,4 - Senior
gabrielsp,Developer,Developer - Mid,Developer,3 - Mid-Level
gabrielturco,Developer,Developer - Sr,Developer,4 - Senior
gabrielv,Developer,Intern,Intern,1 - Intern
gabrielva,Developer,Developer - Mid,Developer,3 - Mid-Level
gabrielvecchia,Developer,Developer - Sr,Developer,4 - Senior
gabrielvieira,Developer,Developer - Sr,Developer,4 - Senior
gabrielvp,Developer,Developer - Sr,Developer,4 - Senior
gabrielyc,Developer,Developer - Jr,Developer,2 - Junior
gabrielzc,Tester,QA - Sr,QA,4 - Senior
gabrinne,Developer,Developer - Sr,Developer,4 - Senior
galenhu,Developer,Developer - Mid,Developer,3 - Mid-Level
galinag,Tester,QA - Mid,QA,3 - Mid-Level
gaquino,Developer,Intern,Intern,1 - Intern
gareth,Tester,QA - Mid,QA,3 - Mid-Level
garyt,Developer,Developer - Jr,Developer,2 - Junior
garyz,Software Architect,Software Architect - Sr,Software Architect,4 - Senior
gasparv,Developer,Developer - Sr,Developer,4 - Senior
gaugusto,Data Developer,Data Developer - Sr,Data Developer,4 - Senior
gbacelar,Software Architect,Software Architect - Sr,Software Architect,4 - Senior
gbach,Developer,Intern,Intern,1 - Intern
gbaida,Data & Analytics Specialist,Data Analyst - Mid,Data Analyst,3 - Mid-Level
gbarbieri,Scrum Master,Scrum Master,Scrum Master,4 - Senior
gbarros,Developer,Developer - Mid,Developer,3 - Mid-Level
gbastos,Tester,QA - Sr,QA,4 - Senior
gbatista,Software Architect,Software Architect - Sr,Software Architect,4 - Senior
gbazante,Developer,Developer - Sr,Developer,4 - Senior
gbenatti,Developer,Developer - Sr,Developer,4 - Senior
gbettoni,Developer,Developer - Mid,Developer,3 - Mid-Level
gbezerra,Data Scientist,Data Scientist - Sr,Data Scientist,4 - Senior
gbianchi,Developer,Intern,Intern,1 - Intern
gbiasi,Developer,Developer - Mid,Developer,3 - Mid-Level
gbim,Principal Software Developer,Developer - Master,Developer,6 - Master 2 / Senior Manager
gboscolo,Developer,Developer - Mid,Developer,3 - Mid-Level
gbrandao,Systems Architect,Systems Architect,Systems Architect,5 - Master / Manager
gcaitano,Developer,Developer - Mid,Developer,3 - Mid-Level
gcaixeta,Developer,Developer - Mid,Developer,3 - Mid-Level
gcalixto,Business Analyst,Business Analyst - Sr,Business Analyst,4 - Senior
gcamargo,Software Architect,Software Architect - Sr,Software Architect,4 - Senior
gcamilo,Developer,Intern,Intern,1 - Intern
gcampopiano,Developer,Intern,Intern,1 - Intern
gcampos,Developer,Developer - Sr,Developer,4 - Senior
gcanavarollo,Developer,Developer - Sr,Developer,4 - Senior
gcangiani,Developer,Developer - Mid,Developer,3 - Mid-Level
gcarmo,Architecture Manager,Principal Architect,Principal Architect,6 - Master 2 / Senior Manager
gcassiano,Software Architect,Software Architect - Sr,Software Architect,4 - Senior
gcastellani,Software Architect,Software Architect - Sr,Software Architect,4 - Senior
gcastro,Architecture Manager,Principal Architect,Principal Architect,6 - Master 2 / Senior Manager
gceballos,Developer,Developer - Mid,Developer,3 - Mid-Level
gcnunes,Project Manager,Project Manager,Project Manager,5 - Master / Manager
gcoelho,Developer,Developer - Sr,Developer,4 - Senior
gconte,Developer,Developer - Jr,Developer,2 - Junior
gcoradini,Systems Architect,Systems Architect,Systems Architect,5 - Master / Manager
gcordeiro,Developer,Developer - Sr,Developer,4 - Senior
gcsilva,Developer,Developer - Mid,Developer,3 - Mid-Level
gcunha,Data Developer,Data Developer - Mid,Data Developer,3 - Mid-Level
gdalmas,Squad Leader,Squad Leader,Squad Leader,5 - Master / Manager
gdamatto,Data Developer,Data Developer - Sr,Data Developer,4 - Senior
gdomingues,Developer,Intern,Intern,1 - Intern
geander.rodrigues,Developer,Developer - Sr,Developer,4 - Senior
geane,Communication Designer,UI Designer - Jr,UI Designer,2 - Junior
geicianas,Developer,Developer - Jr,Developer,2 - Junior
geisars,Scrum Master,Scrum Master,Scrum Master,4 - Senior
geisyla,Developer,Developer - Jr,Developer,2 - Junior
genesson,Developer,Developer - Sr,Developer,4 - Senior
genilton.marcos,Developer,Developer - Sr,Developer,4 - Senior
georgaugusto,Developer,Developer - Sr,Developer,4 - Senior
georgealves,Developer,Developer - Mid,Developer,3 - Mid-Level
georgefc,Software Architect,Software Architect - Sr,Software Architect,4 - Senior
geovanea,Developer,Developer - Jr,Developer,2 - Junior
geovanes,Developer,Developer - Sr,Developer,4 - Senior
geovaniferreira,Data & Analytics Specialist,Data Analyst - Sr,Data Analyst,4 - Senior
geovannar,Developer,Developer - Mid,Developer,3 - Mid-Level
geovanni,Systems Architect,Systems Architect,Systems Architect,5 - Master / Manager
geovannyb,Developer,Developer - Jr,Developer,2 - Junior
geovanys,Tester,QA - Sr,QA,4 - Senior
geraldo.lacerda,Software Architect,Software Architect - Sr,Software Architect,4 - Senior
gerry,Developer,Developer - Sr,Developer,4 - Senior
gerson.lima,Systems Architect,Systems Architect,Systems Architect,5 - Master / Manager
gersonb,Developer,Developer - Sr,Developer,4 - Senior
gersonjl,Developer,Developer - Mid,Developer,3 - Mid-Level
gersonkoji,Developer Master,Developer - Master,Developer,5 - Master / Manager
gersonmf,Product Designer,UI Designer - Sr,UI Designer,4 - Senior
gesieleb,Data & Analytics Manager,Data Analyst - Master,Data Analyst,5 - Master / Manager
gessiane.martinelle,Squad Leader,Squad Leader,Squad Leader,5 - Master / Manager
gessicajs,Developer,Developer - Mid,Developer,3 - Mid-Level
gferrara,Developer,Developer - Jr,Developer,2 - Junior
gfloriano,Software Architect,Software Architect - Sr,Software Architect,4 - Senior
gfonseca,Tester,QA - Sr,QA,4 - Senior
gfumio,Developer,Developer - Master,Developer,5 - Master / Manager
gfurlan,Tester,QA - Mid,QA,3 - Mid-Level
ggaldino,Developer,Developer - Sr,Developer,4 - Senior
ggallicchio,Support Analyst,Support Analyst - Sr,Support Analyst,4 - Senior
gganzer,Data Scientist,Data Scientist - Sr,Data Scientist,4 - Senior
ggarrido,Developer,Developer - Mid,Developer,3 - Mid-Level
ggerotto,Developer,Developer - Sr,Developer,4 - Senior
ggiacomini,Developer,Intern,Intern,1 - Intern
ggobbo,Developer Master,Developer - Master,Developer,5 - Master / Manager
ggranato,Tester,QA - Mid,QA,3 - Mid-Level
ggrecco,Support Analyst,Support Analyst - Mid,Support Analyst,3 - Mid-Level
ghachimine,Data Developer,Data Developer - Mid,Data Developer,3 - Mid-Level
ghervatin,Developer,Developer - Jr,Developer,2 - Junior
ghussein,Developer,Developer - Mid,Developer,3 - Mid-Level
gianaa,Developer Master,Developer - Master,Developer,5 - Master / Manager
giancarlo.junior,Developer,Developer - Sr,Developer,4 - Senior
gianeulloa,Tester,QA - Mid,QA,3 - Mid-Level
gianln,Principal Software Developer,Developer - Master,Developer,6 - Master 2 / Senior Manager
gianncarlo,Developer,Developer - Sr,Developer,4 - Senior
gianr,Data Developer Master,Data Developer - Master,Data Developer,5 - Master / Manager
gideao,Tester,QA - Mid,QA,3 - Mid-Level
giffard,Senior Product Director - Americas,Not Applicable,Not Applicable,6 - Master 2 / Senior Manager
gil,Developer,Intern,Intern,1 - Intern
gildenio,Developer,Developer - Sr,Developer,4 - Senior
gilmarlj,Developer,Developer - Sr,Developer,4 - Senior
gilmarresende,Developer,Developer - Mid,Developer,3 - Mid-Level
gilrocha,Data Developer,Data Developer - Mid,Data Developer,3 - Mid-Level
gilsonw,Software Architect,Software Architect - Sr,Software Architect,4 - Senior
gilssilany,Developer,Developer - Jr,Developer,2 - Junior
gilvanl,Developer Master,Developer - Master,Developer,5 - Master / Manager
ginaw,Support Analyst,Support Analyst - Jr,Support Analyst,2 - Junior
giovanad,Product Manager,Product Manager,Product Manager,5 - Master / Manager
giovanag,Developer,Developer - Sr,Developer,4 - Senior
giovanahg,Communication Designer,UI Designer - Sr,UI Designer,4 - Senior
giovanasm,Developer,Developer - Mid,Developer,3 - Mid-Level
giovanaz,Developer,Developer - Mid,Developer,3 - Mid-Level
giovani,Developer,Developer - Sr,Developer,4 - Senior
giovaniss,Developer,Developer - Mid,Developer,3 - Mid-Level
giovannals,Data Developer,Data Developer - Mid,Data Developer,3 - Mid-Level
giovannama,Developer,Developer - Mid,Developer,3 - Mid-Level
giovannaoliveira,Developer,Developer - Mid,Developer,3 - Mid-Level
giovannap,Software Architect,Software Architect - Sr,Software Architect,4 - Senior
giovannas,Developer,Developer - Sr,Developer,4 - Senior
giovannic,Developer,Developer - Sr,Developer,4 - Senior
giovannigm,DevOps,Not Applicable,Not Applicable,4 - Senior
giovannir,Developer,Intern,Intern,1 - Intern
giovanyrm,Developer,Intern,Intern,1 - Intern
gisela.rodrigues,Tester,Not Applicable,Not Applicable,5 - Master / Manager
giseleas,Developer,Developer - Mid,Developer,3 - Mid-Level
giseleb,Senior Digital Strategist,Senior Digital Strategist,Senior Digital Strategist,6 - Master 2 / Senior Manager
giselefv,Data & Analytics Specialist,Data Analyst - Sr,Data Analyst,4 - Senior
giselemn,Tester,QA - Sr,QA,4 - Senior
giseleps,Tester,Not Applicable,Not Applicable,5 - Master / Manager
giselev,Software Architect,Software Architect - Sr,Software Architect,4 - Senior
gisleines,Tester,QA - Sr,QA,4 - Senior
giuliac,Tester,QA - Mid,QA,3 - Mid-Level
giuliana,Scrum Master,Scrum Master,Scrum Master,4 - Senior
giuliana.peixer,Product Owner,Business Analyst - Sr,Business Analyst,4 - Senior
giulianac,Business Analyst,Business Analyst - Mid,Business Analyst,3 - Mid-Level
giuliano.gialluca,Scrum Master,Scrum Master,Scrum Master,3 - Mid-Level
givanildo,Developer,Developer - Sr,Developer,4 - Senior
gjamami,Data Developer,Data Developer - Mid,Data Developer,3 - Mid-Level
gjanuario,Software Architect,Software Architect - Sr,Software Architect,4 - Senior
gjeronimo,Developer,Developer - Mid,Developer,3 - Mid-Level
gjonatas,Developer,Developer - Jr,Developer,2 - Junior
gkimura,Squad Leader,Squad Leader,Squad Leader,5 - Master / Manager
glacykelly,Developer,Developer - Mid,Developer,3 - Mid-Level
gladston,Developer Master,Developer - Master,Developer,5 - Master / Manager
glaubercamelo,Software Architect,Software Architect - Sr,Software Architect,4 - Senior
glauberf,Senior Manager,Senior Manager,Senior Manager,6 - Master 2 / Senior Manager
glauberh,Developer,Developer - Sr,Developer,4 - Senior
glauberl,Developer,Developer - Sr,Developer,4 - Senior
glaubervs,Data & Analytics Specialist,Data Analyst - Sr,Data Analyst,4 - Senior
glauciam,Squad Leader,Squad Leader,Squad Leader,5 - Master / Manager
glauco,Developer Master,Developer - Master,Developer,5 - Master / Manager
glayce,Business Analyst,Business Analyst - Sr,Business Analyst,4 - Senior
gleison,Developer Master,Developer - Master,Developer,5 - Master / Manager
gleme,Tester,QA - Mid,QA,3 - Mid-Level
glemos,Developer,Developer - Mid,Developer,3 - Mid-Level
glenng,Developer,Developer - Jr,Developer,2 - Junior
gleonel,Developer,Intern,Intern,1 - Intern
gleycepereira,UI Designer,UI Designer - Sr,UI Designer,4 - Senior
gleysons,Developer,Developer - Sr,Developer,4 - Senior
glivi,Data Developer,Data Developer - Mid,Data Developer,3 - Mid-Level
glocatelli,Developer,Intern,Intern,1 - Intern
glopes,Developer,Intern,Intern,1 - Intern
gluzzi,Developer,Developer - Sr,Developer,4 - Senior
gmacedo,Product Designer,UI Designer - Sr,UI Designer,4 - Senior
gmadureira,Developer,Developer - Jr,Developer,2 - Junior
gmagalhaes,Systems Architect,Systems Architect,Systems Architect,5 - Master / Manager
gmaltoni,Squad Leader,Squad Leader,Squad Leader,5 - Master / Manager
gmarafon,Developer,Developer - Master,Developer,5 - Master / Manager
gmarcel,Developer,Developer - Sr,Developer,4 - Senior
gmaretti,Architecture Manager,Principal Architect,Principal Architect,6 - Master 2 / Senior Manager
gmarques,Developer,Developer - Sr,Developer,4 - Senior
gmarra,Fiscal Analyst,Not Applicable,Not Applicable,4 - Senior
gmarvin,Developer,Developer - Mid,Developer,3 - Mid-Level
gmatoso,Data & Analytics Specialist,Data Analyst - Mid,Data Analyst,3 - Mid-Level
gmattioni,Developer,Developer - Sr,Developer,4 - Senior
gmenoni,Developer,Intern,Intern,1 - Intern
gmesquita,Tester,QA - Sr,QA,4 - Senior
gminatelle,Developer,Developer - Mid,Developer,3 - Mid-Level
gmiranda,Business Analyst,Business Analyst - Sr,Business Analyst,4 - Senior
gmonteiro,Developer,Developer - Mid,Developer,3 - Mid-Level
gnicoletti,Tester,Not Applicable,Not Applicable,5 - Master / Manager
gnobre,Developer,Intern,Intern,1 - Intern
gnonato,Developer,Developer - Sr,Developer,4 - Senior
goliani,Systems Architect,Systems Architect,Systems Architect,5 - Master / Manager
gonzalo.devarona,Developer,Developer - Sr,Developer,4 - Senior
gpaes,UX Expert,UX Specialist - Master,UX Specialist,5 - Master / Manager
gpagliarini,Developer,Developer - Sr,Developer,4 - Senior
gparpineli,Support Analyst,Support Analyst - Mid,Support Analyst,3 - Mid-Level
gpatuci,Senior Manager,Senior Manager,Senior Manager,6 - Master 2 / Senior Manager
gpavan,Developer,Developer - Mid,Developer,3 - Mid-Level
gpedro,Developer,Developer - Jr,Developer,2 - Junior
gpellison,Developer,Developer - Mid,Developer,3 - Mid-Level
gpernicone,Developer,Developer - Sr,Developer,4 - Senior
gpersijn,Developer,Developer - Jr,Developer,2 - Junior
gpinali,Developer,Developer - Mid,Developer,3 - Mid-Level
gpiva,Developer,Developer - Mid,Developer,3 - Mid-Level
gpoletto,Developer,Developer - Mid,Developer,3 - Mid-Level
gporto,Developer,Developer - Mid,Developer,3 - Mid-Level
gpreviatti,Developer,Developer - Sr,Developer,4 - Senior
gprovedel,Developer,Developer - Jr,Developer,2 - Junior
gquintella,Developer,Intern,Intern,1 - Intern
grace.usdin,Senior Manager,Senior Manager,Senior Manager,6 - Master 2 / Senior Manager
gracianeventura,Squad Leader,Scrum Master,Scrum Master,4 - Senior
gramalho,Systems Architect,Systems Architect,Systems Architect,5 - Master / Manager
graziele,Tester Master,QA - Master,QA,5 - Master / Manager
graziella.pusinhol,Squad Leader,Squad Leader,Squad Leader,5 - Master / Manager
graziellasr,Squad Leader,Scrum Master,Scrum Master,4 - Senior
greg.santos,Developer Master,Developer - Master,Developer,5 - Master / Manager
gregory.oliveira,Developer,Developer - Sr,Developer,4 - Senior
gregs,Developer,Developer - Master,Developer,5 - Master / Manager
grosa,Developer,Intern,Intern,1 - Intern
gsabino,Systems Architect,Systems Architect,Systems Architect,5 - Master / Manager
gsacchi,Scrum Master,Scrum Master,Scrum Master,4 - Senior
gsalmazo,Developer,Intern,Intern,1 - Intern
gsanchez,Developer Master,Developer - Master,Developer,5 - Master / Manager
gsandoli,Data Developer,Data Developer - Mid,Data Developer,3 - Mid-Level
gsantana,Developer,Intern,Intern,1 - Intern
gsanvido,Systems Architect,Systems Architect,Systems Architect,5 - Master / Manager
gseabra,Developer,Developer - Sr,Developer,4 - Senior
gsequeira,Squad Leader,Scrum Master,Scrum Master,4 - Senior
gsifuentes,Developer Master,Developer - Master,Developer,5 - Master / Manager
gsigoli,Developer,Developer - Sr,Developer,4 - Senior
gstein,Software Architect,Software Architect - Sr,Software Architect,4 - Senior
gstivanin,Developer,Developer - Mid,Developer,3 - Mid-Level
gstone,Tester,QA - Sr,QA,4 - Senior
gstrauss,Information Security Analyst,Not Applicable,Not Applicable,3 - Mid-Level
gstrozi,Software Architect,Software Architect - Sr,Software Architect,4 - Senior
gsuehiro,Developer,Developer - Mid,Developer,3 - Mid-Level
gtaveira,DevOps,Not Applicable,Not Applicable,3 - Mid-Level
gterni,Developer,Developer - Mid,Developer,3 - Mid-Level
gthomazini,Developer,Developer - Sr,Developer,4 - Senior
gtorres,Architecture Manager,Principal Architect,Principal Architect,6 - Master 2 / Senior Manager
gtrifoni,Developer,Intern,Intern,1 - Intern
guilherme.braga,Developer Master,Developer - Master,Developer,5 - Master / Manager
guilherme.campos,Developer,Developer - Jr,Developer,2 - Junior
guilherme.drumond,Developer,Developer - Mid,Developer,3 - Mid-Level
guilherme.fonseca,Tester,QA - Sr,QA,4 - Senior
guilherme.henrique,Developer,Intern,Intern,1 - Intern
guilherme.oliveira,Support Analyst,Support Analyst - Mid,Support Analyst,3 - Mid-Level
guilherme.paula,Developer,Developer - Mid,Developer,3 - Mid-Level
guilherme.resende,Developer,Intern,Intern,1 - Intern
guilherme.rosendo,Software Architect,Software Architect - Sr,Software Architect,4 - Senior
guilherme.vilela,Developer Master,Developer - Master,Developer,5 - Master / Manager
guilhermea,Senior Manager,Senior Manager,Senior Manager,6 - Master 2 / Senior Manager
guilhermeaa,Developer,Intern,Intern,1 - Intern
guilhermeal,Developer,Developer - Jr,Developer,2 - Junior
guilhermealbino,Support Analyst,Support Analyst - Sr,Support Analyst,4 - Senior
guilhermeap,Data & Analytics Specialist,Data Analyst - Jr,Data Analyst,2 - Junior
guilhermebk,Developer,Developer - Mid,Developer,3 - Mid-Level
guilhermebonis,Developer Master,Developer - Master,Developer,5 - Master / Manager
guilhermebs,Developer,Developer - Mid,Developer,3 - Mid-Level
guilhermebury,Developer,Developer - Sr,Developer,4 - Senior
guilhermecandeloro,Squad Leader,Scrum Master,Scrum Master,4 - Senior
guilhermecastro,Tester,QA - Sr,QA,4 - Senior
guilhermecc,Data & Analytics Leader,Data Analyst - Sr,Data Analyst,4 - Senior
guilhermecd,Developer,Developer - Sr,Developer,4 - Senior
guilhermecruz,Developer,Developer - Mid,Developer,3 - Mid-Level
guilhermedias,Data Developer,Data Developer - Sr,Data Developer,4 - Senior
guilhermeds,Developer,Developer - Sr,Developer,4 - Senior
guilhermefc,Tester,QA - Sr,QA,4 - Senior
guilhermefn,Developer,Intern,Intern,1 - Intern
guilhermeft,Developer,Developer - Mid,Developer,3 - Mid-Level
guilhermegb,Developer,Developer - Mid,Developer,3 - Mid-Level
guilhermegomes,Developer,Developer - Sr,Developer,4 - Senior
guilhermehc,Developer,Developer - Mid,Developer,3 - Mid-Level
guilhermehf,Developer,Developer - Sr,Developer,4 - Senior
guilhermehr,Developer,Developer - Sr,Developer,4 - Senior
guilhermehs,Developer,Developer - Mid,Developer,3 - Mid-Level
guilhermehz,Developer,Developer - Mid,Developer,3 - Mid-Level
guilhermeihara,Developer,Developer - Sr,Developer,4 - Senior
guilhermejn,Senior Manager,Senior Manager,Senior Manager,6 - Master 2 / Senior Manager
guilhermek,Software Architect,Software Architect - Sr,Software Architect,4 - Senior
guilhermekila,Tester,QA - Sr,QA,4 - Senior
guilhermeleite,Developer,Developer - Sr,Developer,4 - Senior
guilhermelemes,Tester,QA - Mid,QA,3 - Mid-Level
guilhermelorentz,Developer,Developer - Mid,Developer,3 - Mid-Level
guilhermeloyola,Developer,Developer - Sr,Developer,4 - Senior
guilhermelustri,Developer,Developer - Sr,Developer,4 - Senior
guilhermelv,Developer,Developer - Mid,Developer,3 - Mid-Level
guilhermemc,Developer,Developer - Sr,Developer,4 - Senior
guilhermeol,Data Developer,Data Developer - Sr,Data Developer,4 - Senior
guilhermeottoni,Developer,Developer - Sr,Developer,4 - Senior
guilhermepa,Data Developer,Data Developer - Jr,Data Developer,2 - Junior
guilhermepv,Developer,Intern,Intern,1 - Intern
guilhermeq,Squad Leader,Scrum Master,Scrum Master,4 - Senior
guilhermerocha,Developer,Developer - Jr,Developer,2 - Junior
guilhermerovaron,Developer,Developer - Sr,Developer,4 - Senior
guilhermerr,Developer,Developer - Mid,Developer,3 - Mid-Level
guilhermesantos,Data Developer,Data Developer - Mid,Data Developer,3 - Mid-Level
guilhermesm,Tester,QA - Sr,QA,4 - Senior
guilhermesp,Software Architect,Software Architect - Sr,Software Architect,4 - Senior
guilhermetm,Developer,Developer - Sr,Developer,4 - Senior
guilhermetoquete,Developer Master,Developer - Master,Developer,5 - Master / Manager
guilhermevj,Developer,Developer - Mid,Developer,3 - Mid-Level
guilhermew,Developer,Developer - Mid,Developer,3 - Mid-Level
guilhermeyamada,Developer,Developer - Mid,Developer,3 - Mid-Level
guilhermez,Developer Master,Developer - Master,Developer,5 - Master / Manager
guillermorp,Digital Strategist,Senior Digital Strategist,Senior Digital Strategist,6 - Master 2 / Senior Manager
guilmour,Developer,Developer - Mid,Developer,3 - Mid-Level
guimaraes,Developer,Developer - Sr,Developer,4 - Senior
gunjan,Developer Master,Developer - Master,Developer,5 - Master / Manager
gustavo.antunes,Developer,Intern,Intern,1 - Intern
gustavo.canute,Product Designer Expert,UI Designer - Master,UI Designer,5 - Master / Manager
gustavo.fonseca,Developer,Developer - Jr,Developer,2 - Junior
gustavo.marques,Software Architect,Software Architect - Sr,Software Architect,4 - Senior
gustavo.razera,Developer,Developer - Master,Developer,5 - Master / Manager
gustavoa,Business Analyst,Business Analyst - Sr,Business Analyst,4 - Senior
gustavoalves,Developer,Developer - Mid,Developer,3 - Mid-Level
gustavoamancio,Tester,QA - Mid,QA,3 - Mid-Level
gustavoanacleto,Developer,Developer - Mid,Developer,3 - Mid-Level
gustavoaugusto,Developer,Developer - Mid,Developer,3 - Mid-Level
gustavobarbosa,Senior Manager,Senior Manager,Senior Manager,6 - Master 2 / Senior Manager
gustavobd,Developer,Developer - Sr,Developer,4 - Senior
gustavobraz,Developer,Developer - Sr,Developer,4 - Senior
gustavocamargo,Developer,Developer - Mid,Developer,3 - Mid-Level
gustavocb,Developer,Developer - Sr,Developer,4 - Senior
gustavocm,Tester,QA - Sr,QA,4 - Senior
gustavods,Tester,QA - Sr,QA,4 - Senior
gustavofa,Developer,Developer - Sr,Developer,4 - Senior
gustavofaria,Developer,Developer - Jr,Developer,2 - Junior
gustavofreitas,Data & Analytics Specialist,Data Analyst - Jr,Data Analyst,2 - Junior
gustavofs,Developer,Developer - Sr,Developer,4 - Senior
gustavogm,Developer,Developer - Jr,Developer,2 - Junior
gustavoha,Data Scientist,Data Scientist - Sr,Data Scientist,4 - Senior
gustavohc,Software Architect,Software Architect - Sr,Software Architect,4 - Senior
gustavohermeto,Data & Analytics Specialist,Data Analyst - Sr,Data Analyst,4 - Senior
gustavohj,Developer,Developer - Sr,Developer,4 - Senior
gustavohoffman,Developer,Developer - Jr,Developer,2 - Junior
gustavohs,Senior Manager,Senior Manager,Senior Manager,6 - Master 2 / Senior Manager
gustavol,Developer,Developer - Jr,Developer,2 - Junior
gustavolm,Squad Leader,Squad Leader,Squad Leader,5 - Master / Manager
gustavolourenco,Tester,QA - Sr,QA,4 - Senior
gustavolp,Data Scientist,Data Scientist - Sr,Data Scientist,4 - Senior
gustavom,Developer,Developer - Mid,Developer,3 - Mid-Level
gustavomc,Developer,Developer - Mid,Developer,3 - Mid-Level
gustavomg,Developer,Developer - Sr,Developer,4 - Senior
gustavon,Developer,Developer - Jr,Developer,2 - Junior
gustavons,Systems Architect,Systems Architect,Systems Architect,5 - Master / Manager
gustavooc,Developer,Developer - Mid,Developer,3 - Mid-Level
gustavopn,Developer,Developer - Sr,Developer,4 - Senior
gustavoq,Systems Architect,Systems Architect,Systems Architect,5 - Master / Manager
gustavor,Developer,Developer - Sr,Developer,4 - Senior
gustavorl,Data Developer,Data Developer - Sr,Data Developer,4 - Senior
gustavorolim,Software Architect,Software Architect - Sr,Software Architect,4 - Senior
gustavosales,Data Developer,Data Developer - Mid,Data Developer,3 - Mid-Level
gustavosantos,Developer,Developer - Sr,Developer,4 - Senior
gustavosb,Developer,Developer - Sr,Developer,4 - Senior
gustavosf,Developer,Developer - Sr,Developer,4 - Senior
gustavosm,Developer Master,Developer - Master,Developer,5 - Master / Manager
gustavosq,Scrum Master,Scrum Master,Scrum Master,4 - Senior
gustavot,Senior Manager,Senior Manager,Senior Manager,6 - Master 2 / Senior Manager
guzg,Scrum Master,Scrum Master,Scrum Master,4 - Senior
gvellasco,Developer,Developer - Mid,Developer,3 - Mid-Level
gvenancio,Developer,Developer - Jr,Developer,2 - Junior
gventurini,Developer,Developer - Mid,Developer,3 - Mid-Level
gverissimo,Data Developer,Data Developer - Sr,Data Developer,4 - Senior
gversati,Developer,Developer - Jr,Developer,2 - Junior
gvertamatti,Technical Leader,Not Applicable,Not Applicable,5 - Master / Manager
gverzola,Developer,Developer - Sr,Developer,4 - Senior
gvilela,Developer,Developer - Sr,Developer,4 - Senior
gvital,Content Strategy Manager,Not Applicable,Not Applicable,5 - Master / Manager
gviterbo,Data Developer,Data Developer - Sr,Data Developer,4 - Senior
gvoltolino,Data Developer,Data Developer - Mid,Data Developer,3 - Mid-Level
gwatanabe,Developer,Developer - Mid,Developer,3 - Mid-Level
gwilber,Developer,Developer - Mid,Developer,3 - Mid-Level
gxavier,Developer Master,Developer - Master,Developer,5 - Master / Manager
gzeni,Developer,Developer - Sr,Developer,4 - Senior
habnerc,Developer,Developer - Jr,Developer,2 - Junior
haibing,Developer,Developer - Mid,Developer,3 - Mid-Level
hakawa,Developer,Developer - Sr,Developer,4 - Senior
hallans,Developer,Developer - Mid,Developer,3 - Mid-Level
hannah.darley,Senior Strategy Director,Not Applicable,Not Applicable,6 - Master 2 / Senior Manager
hannah.lee,Product Director-Americas,Not Applicable,Not Applicable,5 - Master / Manager
hans,Data Developer,Data Developer - Sr,Data Developer,4 - Senior
haoni,Developer,Developer - Sr,Developer,4 - Senior
haraujo,Squad Leader,Scrum Master,Scrum Master,4 - Senior
hardyh,Associate Developer,Developer - Sr,Developer,4 - Senior
harielpc,Developer,Developer - Sr,Developer,4 - Senior
haroldl,Developer Master,Developer - Master,Developer,5 - Master / Manager
haroldo,Developer,Developer - Sr,Developer,4 - Senior
harry.bolser,"Client Director, EMEA",Not Applicable,Not Applicable,5 - Master / Manager
haruka,Product Designer,UI Designer - Mid,UI Designer,3 - Mid-Level
hassanin,"Senior Business Director, EMEA",Senior Manager,Senior Manager,6 - Master 2 / Senior Manager
haysas,Developer,Developer - Sr,Developer,4 - Senior
hazevedo,Developer,Developer - Jr,Developer,2 - Junior
hbarroco,Developer Master,Developer - Master,Developer,5 - Master / Manager
hbezerra,Developer,Developer - Sr,Developer,4 - Senior
hcampos,Developer,Intern,Intern,1 - Intern
hcarmona,Digital Strategist,Digital Strategist,Digital Strategist,5 - Master / Manager
hcipriano,Developer,Developer - Mid,Developer,3 - Mid-Level
hcirielli,Tester,QA - Sr,QA,4 - Senior
hcrepaldi,Developer,Developer - Jr,Developer,2 - Junior
hcrispin,Developer,Intern,Intern,1 - Intern
hdantas,Developer,Developer - Sr,Developer,4 - Senior
hdiniz,Systems Architect,Systems Architect,Systems Architect,5 - Master / Manager
hdorigon,Architecture Manager,Principal Architect,Principal Architect,6 - Master 2 / Senior Manager
heather.clary,Strategist Master,Not Applicable,Not Applicable,6 - Master 2 / Senior Manager
hebert,Developer,Developer - Sr,Developer,4 - Senior
hectorangulo,Principal Software Developer,Developer - Master,Developer,6 - Master 2 / Senior Manager
hectorhernandez,Developer Master,Developer - Master,Developer,5 - Master / Manager
hederg,Developer,Developer - Sr,Developer,4 - Senior
heitor.souza,Developer,Developer - Mid,Developer,3 - Mid-Level
heitorhc,Developer Master,Developer - Master,Developer,5 - Master / Manager
heitorlima,Developer,Developer - Sr,Developer,4 - Senior
hekic,Developer,Developer - Mid,Developer,3 - Mid-Level
helder,Systems Architect,Systems Architect,Systems Architect,5 - Master / Manager
helderm,Developer Master,Developer - Master,Developer,5 - Master / Manager
helenac,Developer,Developer - Mid,Developer,3 - Mid-Level
helenov,Developer Master,Developer - Master,Developer,5 - Master / Manager
helenz,Tester,QA - Mid,QA,3 - Mid-Level
heliandro.lavor,Software Architect,Software Architect - Sr,Software Architect,4 - Senior
heliod,Squad Leader,Squad Leader,Squad Leader,5 - Master / Manager
heliorfn,Developer,Developer - Mid,Developer,3 - Mid-Level
helioterto,Developer,Developer - Sr,Developer,4 - Senior
hellenlr,Developer,Developer - Jr,Developer,2 - Junior
hellenm,Tester,QA - Sr,QA,4 - Senior
hellison.oliveira,Developer,Developer - Sr,Developer,4 - Senior
helmut,Developer,Developer - Sr,Developer,4 - Senior
heloisabusquim,Developer,Developer - Mid,Developer,3 - Mid-Level
heloisamuniz,Business Analyst,Business Analyst - Sr,Business Analyst,4 - Senior
heloisapm,Tester,QA - Sr,QA,4 - Senior
heloisaz,Developer,Developer - Jr,Developer,2 - Junior
heloise.magaton,Squad Leader,Squad Leader,Squad Leader,5 - Master / Manager
heloisem,Developer,Developer - Sr,Developer,4 - Senior
helong,Developer,Developer - Jr,Developer,2 - Junior
heltonss,Developer,Developer - Mid,Developer,3 - Mid-Level
helyezerteofilo,Developer,Developer - Mid,Developer,3 - Mid-Level
henrique,Software Architect,Software Architect - Sr,Software Architect,4 - Senior
henriqueam,Developer,Developer - Jr,Developer,2 - Junior
henriquecl,Software Architect,Software Architect - Sr,Software Architect,4 - Senior
henriqued,Developer,Developer - Jr,Developer,2 - Junior
henriquedc,Developer,Developer - Mid,Developer,3 - Mid-Level
henriquef,Developer,Developer - Sr,Developer,4 - Senior
henriqueg,Architecture Manager,Principal Architect,Principal Architect,6 - Master 2 / Senior Manager
henriquel,Data Developer,Data Developer - Sr,Data Developer,4 - Senior
henriqueleite,Developer,Developer - Sr,Developer,4 - Senior
henriquelima,Developer,Developer - Sr,Developer,4 - Senior
henriquem,Developer,Developer - Mid,Developer,3 - Mid-Level
henriquems,Data Developer,Data Developer - Sr,Data Developer,4 - Senior
henriquemt,Developer,Developer - Mid,Developer,3 - Mid-Level
henriqueno,Developer,Developer - Sr,Developer,4 - Senior
henriqueo,Developer,Developer - Mid,Developer,3 - Mid-Level
henriquepm,Developer,Developer - Sr,Developer,4 - Senior
henriqueps,Developer,Developer - Sr,Developer,4 - Senior
henriquerosa,Developer,Developer - Mid,Developer,3 - Mid-Level
henriquet,Business Analyst,Business Analyst - Sr,Business Analyst,4 - Senior
henriquett,Developer,Developer - Mid,Developer,3 - Mid-Level
henriquev,Systems Architect,Systems Architect,Systems Architect,5 - Master / Manager
henriquevg,Developer,Developer - Mid,Developer,3 - Mid-Level
henriquey,Developer,Developer - Mid,Developer,3 - Mid-Level
henzogomes,Developer,Developer - Sr,Developer,4 - Senior
heriks,Developer,Developer - Sr,Developer,4 - Senior
hermione,Tester,QA - Jr,QA,2 - Junior
hestefaneli,Developer,Developer - Mid,Developer,3 - Mid-Level
heuller,Developer,Developer - Sr,Developer,4 - Senior
hewerthons,Tester,QA - Sr,QA,4 - Senior
hezrai,Developer,Developer - Sr,Developer,4 - Senior
hgeneroso,Developer,Developer - Sr,Developer,4 - Senior
hguimaraes,Data Developer,Data Developer - Mid,Data Developer,3 - Mid-Level
hguttmann,Squad Leader,Squad Leader,Squad Leader,5 - Master / Manager
hiagob,Tester,QA - Sr,QA,4 - Senior
hiagof,Developer,Developer - Mid,Developer,3 - Mid-Level
hiagoguedes,Developer,Developer - Mid,Developer,3 - Mid-Level
hiagor,Tester,QA - Mid,QA,3 - Mid-Level
hicarov,Developer,Developer - Sr,Developer,4 - Senior
higorb,Systems Architect,Systems Architect,Systems Architect,5 - Master / Manager
higorfh,Developer,Developer - Mid,Developer,3 - Mid-Level
higors,Systems Architect,Systems Architect,Systems Architect,5 - Master / Manager
hiurafernandes,Product Designer,UI Designer - Sr,UI Designer,4 - Senior
hjacinto,Developer,Developer - Jr,Developer,2 - Junior
hjunior,Tester,QA - Sr,QA,4 - Senior
hlacerda,Squad Leader,Scrum Master,Scrum Master,4 - Senior
hleonardo,Developer,Developer - Sr,Developer,4 - Senior
hmarcilio,Data & Analytics Specialist,Data Analyst - Sr,Data Analyst,4 - Senior
hmarthan,Developer,Developer - Mid,Developer,3 - Mid-Level
hmendes,Developer,Developer - Mid,Developer,3 - Mid-Level
hmiranda,Developer,Developer - Mid,Developer,3 - Mid-Level
hmoraes,Developer,Developer - Mid,Developer,3 - Mid-Level
holiveira,Developer,Developer - Sr,Developer,4 - Senior
hollyl,Tester,QA - Jr,QA,2 - Junior
homerod,Product Designer Expert,UI Designer - Master,UI Designer,5 - Master / Manager
hongbo,Developer,Developer - Mid,Developer,3 - Mid-Level
hongxianf,Tester,QA - Mid,QA,3 - Mid-Level
honorio,Developer,Developer - Sr,Developer,4 - Senior
houssam.mansouri,Developer,Developer - Sr,Developer,4 - Senior
houston,Developer,Developer - Mid,Developer,3 - Mid-Level
howard.zhang,Systems Architect,Systems Architect,Systems Architect,5 - Master / Manager
hpadilha,Support Analyst,Support Analyst - Mid,Support Analyst,3 - Mid-Level
hperin,Tester,QA - Mid,QA,3 - Mid-Level
hperozini,Developer,Developer - Sr,Developer,4 - Senior
hpetters,Developer,Developer - Sr,Developer,4 - Senior
hpires,Developer,Intern,Intern,1 - Intern
hpungs,Developer,Developer - Sr,Developer,4 - Senior
hqueifer,Developer,Developer - Mid,Developer,3 - Mid-Level
hruiz,Developer,Developer - Mid,Developer,3 - Mid-Level
hsanches,Developer,Intern,Intern,1 - Intern
htakeo,"Senior Director, Architecture",Principal Architect,Principal Architect,6 - Master 2 / Senior Manager
htorquetti,Tester,QA - Mid,QA,3 - Mid-Level
htrigueiro,Developer,Developer - Sr,Developer,4 - Senior
huandys,Data Developer,Data Developer - Jr,Data Developer,2 - Junior
hubo,Developer,Developer - Mid,Developer,3 - Mid-Level
hudsonpj,Developer,Developer - Mid,Developer,3 - Mid-Level
huelton,Developer,Developer - Sr,Developer,4 - Senior
hugobf,Developer,Developer - Sr,Developer,4 - Senior
hugoc,Software Architect,Software Architect - Sr,Software Architect,4 - Senior
hugoh,Developer,Developer - Mid,Developer,3 - Mid-Level
hugois,Developer,Developer - Jr,Developer,2 - Junior
hugoms,Developer,Developer - Jr,Developer,2 - Junior
hugosg,Data Developer,Data Developer - Sr,Data Developer,4 - Senior
hugothomaz,Developer,Developer - Sr,Developer,4 - Senior
huldaw,Tester,QA - Mid,QA,3 - Mid-Level
huym,Scrum Master,Scrum Master,Scrum Master,4 - Senior
huziwei,Tester,QA - Jr,QA,2 - Junior
hyagorios,Developer,Developer - Sr,Developer,4 - Senior
hycreezeh,Developer,Developer - Sr,Developer,4 - Senior
hytalo,Developer,Developer - Sr,Developer,4 - Senior
iagof,Developer,Developer - Mid,Developer,3 - Mid-Level
iagoln,Developer,Developer - Sr,Developer,4 - Senior
iagomachado,Developer,Developer - Sr,Developer,4 - Senior
iagomarinheiro,Developer,Developer - Sr,Developer,4 - Senior
iagomileo,Developer,Developer - Sr,Developer,4 - Senior
iagooliveira,Software Architect,Software Architect - Sr,Software Architect,4 - Senior
iagosilva,Data Developer,Data Developer - Jr,Data Developer,2 - Junior
ialmeida,Developer,Intern,Intern,1 - Intern
ian.ramirez,Developer,Developer - Mid,Developer,3 - Mid-Level
ianap,Developer,Developer - Jr,Developer,2 - Junior
ianilenburg,Architecture Manager,Principal Architect,Principal Architect,6 - Master 2 / Senior Manager
ianm,Developer,Developer - Sr,Developer,4 - Senior
ianmiranda,Data & Analytics Specialist,Data Analyst - Mid,Data Analyst,3 - Mid-Level
iarasm,Squad Leader,Squad Leader,Squad Leader,5 - Master / Manager
iaraujo,Tester,QA - Mid,QA,3 - Mid-Level
ibagio,Developer,Developer - Mid,Developer,3 - Mid-Level
ibarbosa,Data Developer,Data Developer - Mid,Data Developer,3 - Mid-Level
icae,Developer,Intern,Intern,1 - Intern
icaetano,Developer,Developer - Sr,Developer,4 - Senior
icandeia,Developer,Developer - Sr,Developer,4 - Senior
icaro.nunes,Developer,Developer - Mid,Developer,3 - Mid-Level
icaro.silva,Developer,Developer - Mid,Developer,3 - Mid-Level
icarosantos,Developer Master,Developer - Master,Developer,5 - Master / Manager
icarosoares,Software Architect,Software Architect - Sr,Software Architect,4 - Senior
ierddan,Developer,Developer - Sr,Developer,4 - Senior
ifernandes,Tester,QA - Mid,QA,3 - Mid-Level
iferracini,UX Designer,UX Designer - Master,UX Designer,5 - Master / Manager
ifonseca,Developer,Developer - Sr,Developer,4 - Senior
igogomes,Developer,Developer - Mid,Developer,3 - Mid-Level
igor.leal,Developer,Developer - Sr,Developer,4 - Senior
igorb,Developer,Intern,Intern,1 - Intern
igorcortez,Developer,Developer - Mid,Developer,3 - Mid-Level
igordelesposti,Developer,Developer - Mid,Developer,3 - Mid-Level
igorfx,Business Analyst,Business Analyst - Sr,Business Analyst,4 - Senior
igorg,Developer,Intern,Intern,1 - Intern
igors,Software Architect,Software Architect - Sr,Software Architect,4 - Senior
igorsg,Developer,Developer - Sr,Developer,4 - Senior
igorvinicius,Developer,Developer - Mid,Developer,3 - Mid-Level
igorx,Developer,Developer - Mid,Developer,3 - Mid-Level
iguasti,Developer,Intern,Intern,1 - Intern
iguilherme,Developer,Developer - Sr,Developer,4 - Senior
ijavorsky,Data Developer,Data Developer - Mid,Data Developer,3 - Mid-Level
ikarobs,Developer,Developer - Sr,Developer,4 - Senior
ilessa,Developer,Developer - Mid,Developer,3 - Mid-Level
ilima,Data Developer,Data Developer - Sr,Data Developer,4 - Senior
ilinhares,Developer,Developer - Jr,Developer,2 - Junior
imarsaioli,Marketing Analyst,Not Applicable,Not Applicable,3 - Mid-Level
indayara,Data & Analytics Specialist,Data Analyst - Mid,Data Analyst,3 - Mid-Level
ingrid,Developer,Developer - Sr,Developer,4 - Senior
ingridchaves,Scrum Master,Scrum Master,Scrum Master,3 - Mid-Level
ingridcp,Developer,Developer - Sr,Developer,4 - Senior
ingridj,Tester,QA - Mid,QA,3 - Mid-Level
ingridp,Senior Manager,Senior Manager,Senior Manager,6 - Master 2 / Senior Manager
ingrids,Developer,Developer - Jr,Developer,2 - Junior
ipannunzio,Developer,Developer - Jr,Developer,2 - Junior
ipereira,Developer,Developer - Mid,Developer,3 - Mid-Level
irates,Software Architect,Software Architect - Sr,Software Architect,4 - Senior
irisamado,Squad Leader,Scrum Master,Scrum Master,4 - Senior
irisas,Tester,QA - Jr,QA,2 - Junior
irisfranco,Administrative Analyst,Not Applicable,Not Applicable,3 - Mid-Level
irisg,Squad Leader,Scrum Master,Scrum Master,4 - Senior
iriskarina,Developer,Developer - Mid,Developer,3 - Mid-Level
iriss,Tester,QA - Sr,QA,4 - Senior
irlonsl,Developer,Developer - Mid,Developer,3 - Mid-Level
irodrigues,Developer,Developer - Sr,Developer,4 - Senior
isa.manfredini,Developer,Developer - Sr,Developer,4 - Senior
isabelag,Developer,Developer - Sr,Developer,4 - Senior
isabelam,Developer,Developer - Mid,Developer,3 - Mid-Level
isabelamuniz,Software Architect,Software Architect - Sr,Software Architect,4 - Senior
isabelaoliveira,Tester,QA - Sr,QA,4 - Senior
isabelaqueiroz,Developer,Developer - Mid,Developer,3 - Mid-Level
isabelass,Developer,Developer - Mid,Developer,3 - Mid-Level
isabelathais,Commercial Partner,Not Applicable,Not Applicable,3 - Mid-Level
isabelg,Tester,QA - Sr,QA,4 - Senior
isabella.bottini,Product Designer,UI Designer - Sr,UI Designer,4 - Senior
isabella.rivera,Tech Intern,Intern,Intern,1 - Intern
isabellaa,Data Developer,Data Developer - Jr,Data Developer,2 - Junior
isabellaco,Developer,Developer - Jr,Developer,2 - Junior
isabellag,Developer,Developer - Mid,Developer,3 - Mid-Level
isabellang,UI Designer,UI Designer - Mid,UI Designer,3 - Mid-Level
isabelle.david,Product Designer,UI Designer - Sr,UI Designer,4 - Senior
isabelleg,Developer,Developer - Mid,Developer,3 - Mid-Level
isabellem,Developer,Intern,Intern,1 - Intern
isabelss,Developer,Developer - Sr,Developer,4 - Senior
isadorabraz,Scrum Master,Scrum Master,Scrum Master,4 - Senior
isadoramc,Developer,Developer - Mid,Developer,3 - Mid-Level
isadorasilva,Developer,Developer - Mid,Developer,3 - Mid-Level
isahann,Developer,Developer - Mid,Developer,3 - Mid-Level
isaiasj,Squad Leader,Scrum Master,Scrum Master,4 - Senior
isan.campos,Developer,Developer - Sr,Developer,4 - Senior
isaque.coelho,Developer,Developer - Sr,Developer,4 - Senior
isaqueandrade,Data & Analytics Specialist,Data Analyst - Mid,Data Analyst,3 - Mid-Level
iscaglia,Developer,Developer - Sr,Developer,4 - Senior
islands,Developer,Developer - Mid,Developer,3 - Mid-Level
ismaykeos,Software Architect,Software Architect - Sr,Software Architect,4 - Senior
israel.kudlaviec,Developer,Developer - Sr,Developer,4 - Senior
israelfj,Developer,Developer - Sr,Developer,4 - Senior
israelsoares,Developer,Developer - Sr,Developer,4 - Senior
italo.brilhante,Squad Leader,Scrum Master,Scrum Master,4 - Senior
italoasc,Developer,Developer - Mid,Developer,3 - Mid-Level
italoc,Developer,Developer - Sr,Developer,4 - Senior
italod,Tester,QA - Mid,QA,3 - Mid-Level
italoegypto,Tester,QA - Sr,QA,4 - Senior
italofernandes,Developer,Developer - Sr,Developer,4 - Senior
italogustavo,Developer,Developer - Mid,Developer,3 - Mid-Level
italoricci,Developer Master,Developer - Master,Developer,5 - Master / Manager
italos,Developer,Intern,Intern,1 - Intern
iteles,Developer,Intern,Intern,1 - Intern
itomaz,UX Expert,UX Specialist - Master,UX Specialist,5 - Master / Manager
iuliana.archire,Designer,UI Designer - Sr,UI Designer,4 - Senior
iuri,Tester Master,QA - Master,QA,5 - Master / Manager
iuribruski,Developer,Developer - Sr,Developer,4 - Senior
iurim,Developer Master,Developer - Master,Developer,5 - Master / Manager
ivan.kimura,Developer,Developer - Sr,Developer,4 - Senior
ivan.pagnoncelli,Developer,Developer - Sr,Developer,4 - Senior
ivana.souza,Developer,Developer - Mid,Developer,3 - Mid-Level
ivanaa,Project Manager,Project Manager,Project Manager,5 - Master / Manager
ivanc,Developer Master,Developer - Master,Developer,5 - Master / Manager
ivanildoj,Developer,Intern,Intern,1 - Intern
ivankabuto,Developer,Developer - Jr,Developer,2 - Junior
ivanlf,Developer,Developer - Mid,Developer,3 - Mid-Level
ivanr,Systems Architect,Systems Architect,Systems Architect,5 - Master / Manager
ivansc,Developer,Developer - Mid,Developer,3 - Mid-Level
iviturino,Developer,Developer - Mid,Developer,3 - Mid-Level
izabelagarcia,Tester,QA - Mid,QA,3 - Mid-Level
izabella,Developer,Developer - Mid,Developer,3 - Mid-Level
izabelm,Developer,Developer - Sr,Developer,4 - Senior
izabelsilva,Developer,Developer - Mid,Developer,3 - Mid-Level
izabelvs,Project Manager,Project Manager,Project Manager,5 - Master / Manager
izabely,Tester,QA - Sr,QA,4 - Senior
izacgaldino,Developer,Developer - Sr,Developer,4 - Senior
izaquielc,Developer,Developer - Sr,Developer,4 - Senior
jackiec,Developer,Developer - Jr,Developer,2 - Junior
jackson.antunes,Developer,Developer - Sr,Developer,4 - Senior
jackson.cruz,Developer,Developer - Sr,Developer,4 - Senior
jackson.lima,Developer,Developer - Sr,Developer,4 - Senior
jacksonc,Developer Master,Developer - Master,Developer,5 - Master / Manager
jacksonf,Developer,Intern,Intern,1 - Intern
jacksonl,Project Manager,Project Manager,Project Manager,5 - Master / Manager
jacksons,Developer,Developer - Mid,Developer,3 - Mid-Level
jackw,Developer,Developer - Mid,Developer,3 - Mid-Level
jacobj,Developer,Developer - Jr,Developer,2 - Junior
jacobo,Developer Master,Developer - Master,Developer,5 - Master / Manager
jacoboa,Developer,Developer - Jr,Developer,2 - Junior
jacquelinesm,Communication Designer,UI Designer - Sr,UI Designer,4 - Senior
jadecs,Developer,Developer - Sr,Developer,4 - Senior
jadielma,Developer,Developer - Mid,Developer,3 - Mid-Level
jailson.silveira,Software Architect,Software Architect - Sr,Software Architect,4 - Senior
jairoln,Tester,QA - Sr,QA,4 - Senior
jairos,Developer,Developer - Sr,Developer,4 - Senior
jairsj,Squad Leader,Scrum Master,Scrum Master,4 - Senior
jairuseslit,Developer,Developer - Sr,Developer,4 - Senior
jairxg,Developer Master,Developer - Master,Developer,5 - Master / Manager
jakelinenl,Developer,Developer - Mid,Developer,3 - Mid-Level
jakez,Scrum Master,Scrum Master,Scrum Master,4 - Senior
jalenx,Tester,QA - Mid,QA,3 - Mid-Level
jaluisio,Senior Manager,Senior Manager,Senior Manager,6 - Master 2 / Senior Manager
jamerico,Developer,Developer - Mid,Developer,3 - Mid-Level
james.gutierrez,Quality Analyst,QA - Sr,QA,4 - Senior
janainaborges,Developer,Developer - Sr,Developer,4 - Senior
janainaim,Developer,Developer - Mid,Developer,3 - Mid-Level
janainaps,Developer,Developer - Mid,Developer,3 - Mid-Level
janedt.carmona,Tech Intern,Intern,Intern,1 - Intern
janey,Developer,Developer - Jr,Developer,2 - Junior
janio,UX Designer,UX Specialist - Sr,UX Specialist,4 - Senior
jansen,Developer,Developer - Mid,Developer,3 - Mid-Level
jansley,Developer,Developer - Mid,Developer,3 - Mid-Level
jaquelinec,Data & Analytics Specialist Master,Data Analyst - Master,Data Analyst,5 - Master / Manager
jaquelinecs,Scrum Master,Scrum Master,Scrum Master,3 - Mid-Level
jaquelinefr,Developer,Developer - Mid,Developer,3 - Mid-Level
jaquelinem,Developer,Developer - Sr,Developer,4 - Senior
jaquelines,Project Manager,Project Manager,Project Manager,5 - Master / Manager
jarruda,Product Manager,Product Manager,Product Manager,5 - Master / Manager
jason.wright,Senior Digital Strategist,Senior Digital Strategist,Senior Digital Strategist,6 - Master 2 / Senior Manager
jasonclark,Product Lead,UI Designer - Sr,UI Designer,4 - Senior
jasonf,"Senior Director of Technology, North America",Principal Architect,Principal Architect,6 - Master 2 / Senior Manager
jasony,Senior Manager,Senior Manager,Senior Manager,6 - Master 2 / Senior Manager
javier.jimenez,Support Analyst,Support Analyst - Mid,Support Analyst,3 - Mid-Level
javier.munoz,Data Developer,Data Developer - Mid,Data Developer,3 - Mid-Level
javier.palacios,Developer,Developer - Mid,Developer,3 - Mid-Level
javierjaimes,Developer,Developer - Sr,Developer,4 - Senior
jayl,Data Developer,Data Developer - Sr,Data Developer,4 - Senior
jayme,Developer,Developer - Sr,Developer,4 - Senior
jazminevallejos,Developer,Developer - Mid,Developer,3 - Mid-Level
jbaldassi,Software Architect,Software Architect - Sr,Software Architect,4 - Senior
jbaraldi,Software Architect,Software Architect - Sr,Software Architect,4 - Senior
jbarreto,Squad Leader,Squad Leader,Squad Leader,5 - Master / Manager
jbeltrame,Developer,Developer - Sr,Developer,4 - Senior
jbenatti,Data Developer Master,Data Developer - Master,Data Developer,5 - Master / Manager
jbernardes,Developer Master,Developer - Master,Developer,5 - Master / Manager
jbernardis,Developer,Intern,Intern,1 - Intern
jbettine,Project Manager,Project Manager,Project Manager,5 - Master / Manager
jbezerra,Developer,Intern,Intern,1 - Intern
jblado,Support Analyst,Support Analyst - Jr,Support Analyst,2 - Junior
jbohana,Developer,Developer - Mid,Developer,3 - Mid-Level
jbraga,Support Master,Scrum Master,Scrum Master,4 - Senior
jbraz,Developer,Developer - Sr,Developer,4 - Senior
jcadar,Data & Analytics Specialist,Data Analyst - Mid,Data Analyst,3 - Mid-Level
jcamargo,Developer,Developer - Sr,Developer,4 - Senior
jcaroline,Tester,QA - Mid,QA,3 - Mid-Level
jcarvalho,Developer,Developer - Mid,Developer,3 - Mid-Level
jcasarotti,Senior Manager,Senior Manager,Senior Manager,6 - Master 2 / Senior Manager
jcastioni,Software Architect,Software Architect - Sr,Software Architect,4 - Senior
jcavalcanti,Developer,Developer - Jr,Developer,2 - Junior
jcella,Scrum Master,Scrum Master,Scrum Master,4 - Senior
jchagas,Developer,Intern,Intern,1 - Intern
jchaves,Developer,Developer - Mid,Developer,3 - Mid-Level
jchiozzini,Developer,Intern,Intern,1 - Intern
jcoletto,Developer,Developer - Sr,Developer,4 - Senior
jcolombo,Support Analyst,Support Analyst - Mid,Support Analyst,3 - Mid-Level
jcrodrigues,Architecture Manager,Principal Architect,Principal Architect,6 - Master 2 / Senior Manager
jcurvelo,DevOps,Not Applicable,Not Applicable,3 - Mid-Level
jdamaceno,Developer,Developer - Mid,Developer,3 - Mid-Level
jdavalos,Developer,Developer - Mid,Developer,3 - Mid-Level
jeancb,Software Architect,Software Architect - Sr,Software Architect,4 - Senior
jeands,Developer,Developer - Mid,Developer,3 - Mid-Level
jeanfrank,Senior Manager,Senior Manager,Senior Manager,6 - Master 2 / Senior Manager
jeangrijp,Developer,Developer - Mid,Developer,3 - Mid-Level
jeanjustino,Systems Architect,Systems Architect,Systems Architect,5 - Master / Manager
jeanmartins,Tester,QA - Sr,QA,4 - Senior
jeanmh,Developer,Developer - Sr,Developer,4 - Senior
jeanp,Software Architect,Software Architect - Sr,Software Architect,4 - Senior
jeanpr,Data Developer,Data Developer - Mid,Data Developer,3 - Mid-Level
jeanribeiro,Developer,Developer - Mid,Developer,3 - Mid-Level
jeansipriani,Tester,QA - Mid,QA,3 - Mid-Level
jeanvp,Developer,Developer - Jr,Developer,2 - Junior
jecard,Scrum Master,Scrum Master,Scrum Master,4 - Senior
jecianes,Developer,Developer - Jr,Developer,2 - Junior
jefersonheleno,Developer,Developer - Sr,Developer,4 - Senior
jefersonm,Squad Leader,Scrum Master,Scrum Master,4 - Senior
jefersonms,Support Analyst,Support Analyst - Mid,Support Analyst,3 - Mid-Level
jefersonsantos,Developer,Developer - Mid,Developer,3 - Mid-Level
jefferson,Developer Master,Developer - Master,Developer,5 - Master / Manager
jefferson.moreira,Developer,Developer - Mid,Developer,3 - Mid-Level
jefferson.silveira,Data & Analytics Specialist,Data Analyst - Sr,Data Analyst,4 - Senior
jefferson.valverde,Developer,Developer - Sr,Developer,4 - Senior
jeffersonf,Developer Master,Developer - Master,Developer,5 - Master / Manager
jeffersongo,Developer,Developer - Sr,Developer,4 - Senior
jeffersongs,Software Architect,Software Architect - Mid,Software Architect,3 - Mid-Level
jeffersonjs,Developer,Developer - Sr,Developer,4 - Senior
jeffersonm,Tester,QA - Sr,QA,4 - Senior
jeffersonmn,Developer,Developer - Sr,Developer,4 - Senior
jeffersonn,Developer,Developer - Sr,Developer,4 - Senior
jeffersonrs,Developer,Developer - Mid,Developer,3 - Mid-Level
jeffersonsf,Developer,Developer - Sr,Developer,4 - Senior
jeffersontg,Developer,Developer - Mid,Developer,3 - Mid-Level
jefrey.padilla,Developer,Developer - Sr,Developer,4 - Senior
jefte,Developer,Developer - Mid,Developer,3 - Mid-Level
jeimmy.camacho,Quality Analyst,QA - Sr,QA,4 - Senior
jeisonp,Tester,QA - Mid,QA,3 - Mid-Level
jeisson.lazo,Developer,Developer - Sr,Developer,4 - Senior
jeissyguimaraes,Tester,QA - Sr,QA,4 - Senior
jenn,Senior Manager,Senior Manager,Senior Manager,6 - Master 2 / Senior Manager
jenniferjb,Systems Architect,Systems Architect,Systems Architect,5 - Master / Manager
jenniferrs,Developer,Developer - Jr,Developer,2 - Junior
jennyy,Tester,QA - Jr,QA,2 - Junior
jeordanecb,Software Architect,Software Architect - Sr,Software Architect,4 - Senior
jeremias,UI Designer,UI Designer - Sr,UI Designer,4 - Senior
jeremyw,Data Developer,Data Developer - Mid,Data Developer,3 - Mid-Level
jerichogarol,Quality Analyst,QA - Mid,QA,3 - Mid-Level
jessey,Developer,Developer - Mid,Developer,3 - Mid-Level
jessica,Systems Architect,Systems Architect,Systems Architect,5 - Master / Manager
jessica.ferreira,Developer,Developer - Jr,Developer,2 - Junior
jessica.magalhaes,Tester,QA - Sr,QA,4 - Senior
jessica.nascimento,Developer,Developer - Jr,Developer,2 - Junior
jessica.santos,Product Designer,UI Designer - Sr,UI Designer,4 - Senior
jessicaalves,Developer,Developer - Jr,Developer,2 - Junior
jessicaam,Tester,QA - Mid,QA,3 - Mid-Level
jessicaas,Data & Analytics Specialist,Data Analyst - Sr,Data Analyst,4 - Senior
jessicaassuncao,Data Scientist,Data Scientist - Mid,Data Scientist,3 - Mid-Level
jessicab,Developer,Developer - Mid,Developer,3 - Mid-Level
jessicach,Scrum Master,Scrum Master,Scrum Master,4 - Senior
jessicacs,Developer,Developer - Mid,Developer,3 - Mid-Level
jessicaferreira,Scrum Master,Scrum Master,Scrum Master,4 - Senior
jessicalima,Tester,QA - Jr,QA,2 - Junior
jessican,Developer,Developer - Jr,Developer,2 - Junior
jessicapl,Developer,Developer - Mid,Developer,3 - Mid-Level
jessicaps,Developer,Intern,Intern,1 - Intern
jessicasc,Developer,Intern,Intern,1 - Intern
jessikaf,Tester,QA - Mid,QA,3 - Mid-Level
jesus.olaciregui,Systems Architect,Systems Architect,Systems Architect,5 - Master / Manager
jezielle,Developer,Developer - Jr,Developer,2 - Junior
jfabre,Developer,Developer - Sr,Developer,4 - Senior
jfavetti,Software Architect,Software Architect - Sr,Software Architect,4 - Senior
jfelix,Tester,QA - Jr,QA,2 - Junior
jfidelis,Developer,Developer - Mid,Developer,3 - Mid-Level
jfigueredo,Tester,QA - Sr,QA,4 - Senior
jfinck,Architecture Manager,Principal Architect,Principal Architect,6 - Master 2 / Senior Manager
jflores,Developer,Developer - Sr,Developer,4 - Senior
jfortunato,Data Scientist,Data Scientist - Sr,Data Scientist,4 - Senior
jfranca,Developer,Developer - Sr,Developer,4 - Senior
jfreire,Developer,Developer - Mid,Developer,3 - Mid-Level
jfurigo,Tester,QA - Mid,QA,3 - Mid-Level
jg,Digital Strategist,Digital Strategist,Digital Strategist,4 - Senior
jgiacomello,Scrum Master,Scrum Master,Scrum Master,4 - Senior
jgilberto,Systems Architect,Systems Architect,Systems Architect,5 - Master / Manager
jgiuzio,Software Architect,Software Architect - Sr,Software Architect,4 - Senior
jgobbo,Project Manager,Project Manager,Project Manager,5 - Master / Manager
jgpereira,Developer,Developer - Sr,Developer,4 - Senior
jguedes,Developer,Developer - Jr,Developer,2 - Junior
jguimaraes,Developer,Developer - Sr,Developer,4 - Senior
jhanssen,Principal Software Developer,Developer - Master,Developer,6 - Master 2 / Senior Manager
jheimes,Squad Leader,Scrum Master,Scrum Master,4 - Senior
jhenifers,Software Architect,Software Architect - Sr,Software Architect,4 - Senior
jhenrique,Developer,Developer - Sr,Developer,4 - Senior
jhergert,Developer,Developer - Mid,Developer,3 - Mid-Level
jhoglas,Developer,Developer - Sr,Developer,4 - Senior
jhon.acevedo,Developer,Developer - Sr,Developer,4 - Senior
jhonatan,Developer,Developer - Sr,Developer,4 - Senior
jhonatan.acevedo,Developer,Developer - Mid,Developer,3 - Mid-Level
jhonatan.silva,Squad Leader,Scrum Master,Scrum Master,4 - Senior
jhonatanjs,Developer,Developer - Jr,Developer,2 - Junior
jhonatann,Developer,Developer - Sr,Developer,4 - Senior
jhonatant,Systems Architect,Systems Architect,Systems Architect,5 - Master / Manager
jhonatasas,Developer,Developer - Sr,Developer,4 - Senior
jhonatav,Developer,Developer - Mid,Developer,3 - Mid-Level
jianli,Developer,Developer - Mid,Developer,3 - Mid-Level
jieyyal,Systems Architect,Systems Architect,Systems Architect,5 - Master / Manager
jimmyj,Developer,Developer - Mid,Developer,3 - Mid-Level
jimmyl,UI Designer,UI Designer - Mid,UI Designer,3 - Mid-Level
jins,Product Designer,Not Applicable,Not Applicable,3 - Mid-Level
jjulio,Developer,Developer - Sr,Developer,4 - Senior
jkim,Developer,Developer - Sr,Developer,4 - Senior
jkoslowisk,Tester,QA - Mid,QA,3 - Mid-Level
jleal,Developer,Developer - Mid,Developer,3 - Mid-Level
jlemus,Developer,Developer - Sr,Developer,4 - Senior
jleonel,Scrum Master,Scrum Master,Scrum Master,4 - Senior
jlmelo,Developer,Developer - Sr,Developer,4 - Senior
jlopez,Architecture Manager,Principal Architect,Principal Architect,6 - Master 2 / Senior Manager
jlourenco,Tester,QA - Sr,QA,4 - Senior
jlramos,Developer,Developer - Mid,Developer,3 - Mid-Level
jmagioli,Data Developer,Data Developer - Sr,Data Developer,4 - Senior
jmaldonado,Data Developer,Data Developer - Sr,Data Developer,4 - Senior
jmamoni,Tester,QA - Sr,QA,4 - Senior
jmanara,Developer,Developer - Jr,Developer,2 - Junior
jmanzini,Systems Architect,Systems Architect,Systems Architect,5 - Master / Manager
jmarao,Developer,Developer - Mid,Developer,3 - Mid-Level
jmarchiori,Data & Analytics Specialist,Data Analyst - Jr,Data Analyst,2 - Junior
jmarcucci,Squad Leader,Scrum Master,Scrum Master,4 - Senior
jmarcus,Developer,Intern,Intern,1 - Intern
jmartinelli,Developer,Developer - Sr,Developer,4 - Senior
jmartorelli,Tester,QA - Sr,QA,4 - Senior
jmateus,Developer,Developer - Mid,Developer,3 - Mid-Level
jmatos,Data Developer,Data Developer - Sr,Data Developer,4 - Senior
jmedina,Developer,Developer - Sr,Developer,4 - Senior
jmelara,Developer,Intern,Intern,1 - Intern
jmichelan,Developer,Developer - Sr,Developer,4 - Senior
jmiguel,Tester,QA - Sr,QA,4 - Senior
jmihalich,Developer Master,Developer - Master,Developer,5 - Master / Manager
jmikaella,Developer,Developer - Mid,Developer,3 - Mid-Level
jmizarela,Developer,Developer - Mid,Developer,3 - Mid-Level
jmorbeck,Developer,Intern,Intern,1 - Intern
jmsanche,Scrum Master,Squad Leader,Squad Leader,5 - Master / Manager
jmuller,UX Expert,UX Specialist - Master,UX Specialist,5 - Master / Manager
jmurilo,Developer,Intern,Intern,1 - Intern
jnascimento,Tester,QA - Sr,QA,4 - Senior
jnicodemos,Software Architect,Software Architect - Sr,Software Architect,4 - Senior
jnovais,Scrum Master,Scrum Master,Scrum Master,4 - Senior
joan.avila,Tech Intern,Intern,Intern,1 - Intern
joanasl,Developer,Developer - Mid,Developer,3 - Mid-Level
joanvaldez,Tester,QA - Mid,QA,3 - Mid-Level
joao.alves,Project Manager,Project Manager,Project Manager,5 - Master / Manager
joao.cabral,Tester,QA - Mid,QA,3 - Mid-Level
joao.dutra,Product Designer,UI Designer - Sr,UI Designer,4 - Senior
joao.filgueiras,Developer,Developer - Sr,Developer,4 - Senior
joao.gomes,Developer,Intern,Intern,1 - Intern
joao.luz,Tester,QA - Sr,QA,4 - Senior
joao.porto,Developer,Developer - Sr,Developer,4 - Senior
joao.sales,Software Architect,Software Architect - Sr,Software Architect,4 - Senior
joao.salmoria,Product Designer Expert,UI Designer - Master,UI Designer,5 - Master / Manager
joao.sobrinho,Developer,Developer - Sr,Developer,4 - Senior
joao.toledo,Tester,QA - Mid,QA,3 - Mid-Level
joaoa,Developer,Developer - Sr,Developer,4 - Senior
joaoalcoforado,Data Developer,Data Developer - Sr,Data Developer,4 - Senior
joaoaraujo,Developer,Developer - Mid,Developer,3 - Mid-Level
joaobr,Developer,Developer - Sr,Developer,4 - Senior
joaobs,Developer,Developer - Sr,Developer,4 - Senior
joaobv,Tester,QA - Sr,QA,4 - Senior
joaoc,Developer,Intern,Intern,1 - Intern
joaocb,Developer,Developer - Sr,Developer,4 - Senior
joaodn,Developer,Developer - Mid,Developer,3 - Mid-Level
joaoe,Developer,Intern,Intern,1 - Intern
joaofb,Tester,QA - Sr,QA,4 - Senior
joaogalante,Developer,Developer - Mid,Developer,3 - Mid-Level
joaogomes,Digital Strategist,Digital Strategist,Digital Strategist,5 - Master / Manager
joaogp,Software Architect,Software Architect - Sr,Software Architect,4 - Senior
joaohonorato,Developer,Developer - Sr,Developer,4 - Senior
joaoismael,Tester,QA - Sr,QA,4 - Senior
joaojm,Developer,Developer - Mid,Developer,3 - Mid-Level
joaokl,Developer,Developer - Mid,Developer,3 - Mid-Level
joaolj,Developer,Developer - Sr,Developer,4 - Senior
joaolumi,Developer,Developer - Jr,Developer,2 - Junior
joaoma,Developer,Intern,Intern,1 - Intern
joaomachado,Developer,Developer - Mid,Developer,3 - Mid-Level
joaomartins,Tester,QA - Sr,QA,4 - Senior
joaomc,Developer,Developer - Jr,Developer,2 - Junior
joaomoraes,Developer,Developer - Mid,Developer,3 - Mid-Level
joaoms,Developer,Developer - Sr,Developer,4 - Senior
joaoneto,Tester,QA - Mid,QA,3 - Mid-Level
joaonf,Software Architect,Software Architect - Sr,Software Architect,4 - Senior
joaonneto,Developer,Developer - Mid,Developer,3 - Mid-Level
joaoocker,Tester,QA - Mid,QA,3 - Mid-Level
joaoom,Developer,Developer - Sr,Developer,4 - Senior
joaopaiva,Developer,Developer - Sr,Developer,4 - Senior
joaopanini,Developer,Developer - Mid,Developer,3 - Mid-Level
joaor,Developer Master,Developer - Master,Developer,5 - Master / Manager
joaord,Developer,Developer - Mid,Developer,3 - Mid-Level
joaorocha,Developer,Developer - Sr,Developer,4 - Senior
joaos,Developer,Developer - Mid,Developer,3 - Mid-Level
joaosantana,Tester,QA - Sr,QA,4 - Senior
joaosb,Developer,Developer - Sr,Developer,4 - Senior
joaosf,Developer,Developer - Sr,Developer,4 - Senior
joaosn,Developer,Developer - Mid,Developer,3 - Mid-Level
joaosv,Developer,Intern,Intern,1 - Intern
joaotr,Developer Master,Developer - Master,Developer,5 - Master / Manager
joaovf,Developer,Developer - Jr,Developer,2 - Junior
joaovm,Developer,Developer - Mid,Developer,3 - Mid-Level
joaovn,Developer,Developer - Mid,Developer,3 - Mid-Level
joaovp,Developer,Developer - Jr,Developer,2 - Junior
joaovr,Developer,Developer - Sr,Developer,4 - Senior
jocelynw,Developer,Developer - Jr,Developer,2 - Junior
jodaltroc,Developer,Developer - Sr,Developer,4 - Senior
joelk,Senior Strategist,Senior Digital Strategist,Senior Digital Strategist,6 - Master 2 / Senior Manager
joelt,Developer,Intern,Intern,1 - Intern
johan.cardona,Quality Analyst,QA - Sr,QA,4 - Senior
johan.meneses,Developer,Developer - Sr,Developer,4 - Senior
johank,Developer,Developer - Sr,Developer,4 - Senior
johanr,Software Architect,Software Architect - Sr,Software Architect,4 - Senior
john.appleyard,Product Director-EMEA,Product Manager,Product Manager,5 - Master / Manager
johnathanp,Developer,Developer - Jr,Developer,2 - Junior
johncarlos,Developer,Developer - Sr,Developer,4 - Senior
johnd,Tester,QA - Jr,QA,2 - Junior
johnealves,Developer,Developer - Mid,Developer,3 - Mid-Level
johnlimuelzoleta,Developer,Developer - Sr,Developer,4 - Senior
johnmoreira,Architecture Manager,Principal Architect,Principal Architect,6 - Master 2 / Senior Manager
johnnes,Developer,Developer - Sr,Developer,4 - Senior
johnny.lamus,Developer,Developer - Sr,Developer,4 - Senior
johnny.souza,Project Manager,Project Manager,Project Manager,5 - Master / Manager
johnnyl,UI Designer,UI Designer - Mid,UI Designer,3 - Mid-Level
johnnym,Tester,QA - Sr,QA,4 - Senior
joicefd,Product Manager,Product Manager,Product Manager,5 - Master / Manager
jonas,Squad Leader,Scrum Master,Scrum Master,4 - Senior
jonas.epstein,Senior Manager,Senior Manager,Senior Manager,6 - Master 2 / Senior Manager
jonas.marcelino,Developer,Developer - Mid,Developer,3 - Mid-Level
jonas.ninni,Developer,Developer - Sr,Developer,4 - Senior
jonasg,Software Architect,Software Architect - Sr,Software Architect,4 - Senior
jonasneves,Developer,Developer - Mid,Developer,3 - Mid-Level
jonasp,Developer,Developer - Sr,Developer,4 - Senior
jonasps,Developer,Developer - Mid,Developer,3 - Mid-Level
jonatansr,DevOps,Not Applicable,Not Applicable,4 - Senior
jonatasfb,Tester,QA - Sr,QA,4 - Senior
jonatasps,Developer,Developer - Jr,Developer,2 - Junior
jonatasraatz,Software Architect,Software Architect - Sr,Software Architect,4 - Senior
jonathan.pulecio,Developer,Developer - Sr,Developer,4 - Senior
jonathan.salas,Architecture Manager,Principal Architect,Principal Architect,6 - Master 2 / Senior Manager
jonathan.sandoval,Product Owner,Business Analyst - Mid,Business Analyst,3 - Mid-Level
jonathan.silva,Developer,Developer - Sr,Developer,4 - Senior
jonathanb,Developer,Developer - Mid,Developer,3 - Mid-Level
jonathang,Developer,Developer - Sr,Developer,4 - Senior
jonathanlauro,Developer,Developer - Mid,Developer,3 - Mid-Level
jonathansantos,Developer,Developer - Sr,Developer,4 - Senior
jonathas.silva,Developer,Developer - Sr,Developer,4 - Senior
jonathasb,Systems Architect,Systems Architect,Systems Architect,5 - Master / Manager
jonel,Developer,Developer - Mid,Developer,3 - Mid-Level
jonessoares,Developer,Developer - Sr,Developer,4 - Senior
jonnyg,Developer,Developer - Sr,Developer,4 - Senior
jorge.barco,Tech Intern,Intern,Intern,1 - Intern
jorge.gordillo,Developer,Developer - Sr,Developer,4 - Senior
jorge.hernandez,Developer,Developer - Sr,Developer,4 - Senior
jorge.olarte,Developer,Developer - Sr,Developer,4 - Senior
jorge.parrado,Developer,Developer - Sr,Developer,4 - Senior
jorge.pino,Tech Intern,Intern,Intern,1 - Intern
jorgeal,Developer,Developer - Mid,Developer,3 - Mid-Level
jorgecastro,Developer,Developer - Mid,Developer,3 - Mid-Level
jorgecn,Developer,Developer - Sr,Developer,4 - Senior
jorgeh,Developer Master,Developer - Master,Developer,5 - Master / Manager
jorgemd,Software Architect,Software Architect - Sr,Software Architect,4 - Senior
jorgenj,Systems Architect,Systems Architect,Systems Architect,5 - Master / Manager
jorger,Data Developer,Data Developer - Mid,Data Developer,3 - Mid-Level
jorges,Developer,Developer - Jr,Developer,2 - Junior
jorgesn,Software Architect,Software Architect - Sr,Software Architect,4 - Senior
jose.contreras,Software Architect,Software Architect - Sr,Software Architect,4 - Senior
jose.escobar,Data Developer,Data Developer - Sr,Data Developer,4 - Senior
jose.filho,Developer,Developer - Mid,Developer,3 - Mid-Level
jose.lopez,Tech Intern,Intern,Intern,1 - Intern
jose.paiva,Developer,Developer - Sr,Developer,4 - Senior
jose.ribeiro,Product Designer,UI Designer - Mid,UI Designer,3 - Mid-Level
jose.tadeu,Senior Manager,Senior Manager,Senior Manager,6 - Master 2 / Senior Manager
josealan,Tester,QA - Mid,QA,3 - Mid-Level
josealves,Developer,Developer - Sr,Developer,4 - Senior
josearaujo,Developer,Developer - Sr,Developer,4 - Senior
joseaugusto,Developer,Developer - Jr,Developer,2 - Junior
josebalbin,Developer,Developer - Sr,Developer,4 - Senior
josebf,Developer,Developer - Sr,Developer,4 - Senior
joseelbertanacan,Developer,Developer - Mid,Developer,3 - Mid-Level
joseff,Developer,Developer - Mid,Developer,3 - Mid-Level
josefreitas,Developer,Developer - Mid,Developer,3 - Mid-Level
josegs,Developer,Developer - Sr,Developer,4 - Senior
josehauck,Developer,Developer - Mid,Developer,3 - Mid-Level
josehp,Developer,Developer - Mid,Developer,3 - Mid-Level
josel,Developer,Developer - Mid,Developer,3 - Mid-Level
joself,Developer,Developer - Sr,Developer,4 - Senior
joseliap,Developer,Developer - Mid,Developer,3 - Mid-Level
joselins,Tester,QA - Mid,QA,3 - Mid-Level
joselucas,Developer,Developer - Mid,Developer,3 - Mid-Level
josemaramorim,Developer,Developer - Sr,Developer,4 - Senior
josemauad,Developer,Developer - Mid,Developer,3 - Mid-Level
josenildo.costa,Software Architect,Software Architect - Sr,Software Architect,4 - Senior
joseramos,Scrum Master,Scrum Master,Scrum Master,4 - Senior
joses,Developer,Developer - Mid,Developer,3 - Mid-Level
josesantos,Scrum Master,Scrum Master,Scrum Master,3 - Mid-Level
josesd,Developer,Developer - Sr,Developer,4 - Senior
josesf,Developer,Developer - Jr,Developer,2 - Junior
josezn,Data & Analytics Specialist,Data Analyst - Mid,Data Analyst,3 - Mid-Level
joshua,Developer,Intern,Intern,1 - Intern
josianes,Senior Manager,Senior Manager,Senior Manager,6 - Master 2 / Senior Manager
josiara,Squad Leader,Squad Leader,Squad Leader,5 - Master / Manager
josiasn,Developer,Developer - Mid,Developer,3 - Mid-Level
josiete.carmo,UX Expert,UX Specialist - Master,UX Specialist,5 - Master / Manager
josue.molina,Developer,Developer - Sr,Developer,4 - Senior
josuef,Developer,Developer - Mid,Developer,3 - Mid-Level
josuej,Developer,Intern,Intern,1 - Intern
josuenr,Developer,Developer - Sr,Developer,4 - Senior
josuets,Developer,Developer - Jr,Developer,2 - Junior
joyce.bastos,Tester,QA - Sr,QA,4 - Senior
joycel,Tester,QA - Mid,QA,3 - Mid-Level
joycelf,Developer,Developer - Sr,Developer,4 - Senior
joycemendoza,Scrum Master,Scrum Master,Scrum Master,3 - Mid-Level
joyceromano,Senior Digital Strategist,Senior Digital Strategist,Senior Digital Strategist,6 - Master 2 / Senior Manager
joygu,Support Analyst,Support Analyst - Jr,Support Analyst,2 - Junior
joyl,Associate Tester,QA - Mid,QA,3 - Mid-Level
jozianednt,Tester,QA - Jr,QA,2 - Junior
jpadua,Squad Leader,Scrum Master,Scrum Master,4 - Senior
jpamplona,Developer,Developer - Sr,Developer,4 - Senior
jpantaleao,Developer,Developer - Mid,Developer,3 - Mid-Level
jpantoni,Developer,Developer - Sr,Developer,4 - Senior
jpardim,UI Designer,UI Designer - Mid,UI Designer,3 - Mid-Level
jpassos,Developer,Developer - Jr,Developer,2 - Junior
jpcosta,Scrum Master,Scrum Master,Scrum Master,4 - Senior
jpedretti,Systems Architect,Systems Architect,Systems Architect,5 - Master / Manager
jpegoli,Squad Leader,Squad Leader,Squad Leader,5 - Master / Manager
jpelicon,Developer,Developer - Mid,Developer,3 - Mid-Level
jpfechine,Product Design Manager,Product Manager,Product Manager,5 - Master / Manager
jpfurtado,Developer,Developer - Sr,Developer,4 - Senior
jpimentel,Developer Master,Developer - Master,Developer,5 - Master / Manager
jpinheiro,Tester,QA - Sr,QA,4 - Senior
jpiton,Data Developer,Data Developer - Jr,Data Developer,2 - Junior
jpneder,Developer,Developer - Sr,Developer,4 - Senior
jprada,Developer,Developer - Sr,Developer,4 - Senior
jprado,Tester,QA - Sr,QA,4 - Senior
jprimon,Senior Manager,Senior Manager,Senior Manager,6 - Master 2 / Senior Manager
jpximenes,Software Architect,Software Architect - Sr,Software Architect,4 - Senior
jraccioni,Tester,QA - Sr,QA,4 - Senior
jregina,Squad Leader,Squad Leader,Squad Leader,5 - Master / Manager
jrenato,Developer,Developer - Mid,Developer,3 - Mid-Level
jrend,Developer,Developer - Sr,Developer,4 - Senior
jricardi,Developer,Developer - Sr,Developer,4 - Senior
jroncon,Product Development Manager,Product Manager,Product Manager,5 - Master / Manager
jrosario,Data & Analytics Specialist,Data Analyst - Sr,Data Analyst,4 - Senior
jsabino,Developer,Developer - Mid,Developer,3 - Mid-Level
jsales,Developer,Developer - Mid,Developer,3 - Mid-Level
jsantana,UI Designer,UI Designer - Sr,UI Designer,4 - Senior
jsantiago,Tester,QA - Mid,QA,3 - Mid-Level
jsantuci,Architecture Manager,Principal Architect,Principal Architect,6 - Master 2 / Senior Manager
jschimidt,Developer,Developer - Mid,Developer,3 - Mid-Level
jschmitt,Developer,Developer - Mid,Developer,3 - Mid-Level
jserafim,Developer,Developer - Mid,Developer,3 - Mid-Level
jserafini,Scrum Master,Scrum Master,Scrum Master,4 - Senior
jsetin,Senior Manager,Senior Manager,Senior Manager,6 - Master 2 / Senior Manager
jsilvestre,Product Owner,Business Analyst - Mid,Business Analyst,3 - Mid-Level
jsimoni,Squad Leader,Squad Leader,Squad Leader,5 - Master / Manager
jsiqueira,Data Developer,Data Developer - Mid,Data Developer,3 - Mid-Level
jsoares,Developer,Developer - Mid,Developer,3 - Mid-Level
jsobrinho,Tester,QA - Jr,QA,2 - Junior
jsousa,Developer,Developer - Sr,Developer,4 - Senior
jspencer,Data Developer,Data Developer - Sr,Data Developer,4 - Senior
jstoyoshima,Developer,Developer - Sr,Developer,4 - Senior
jtales,Tester,QA - Jr,QA,2 - Junior
jtogneto,Squad Leader,Squad Leader,Squad Leader,5 - Master / Manager
jtopanotti,Developer,Developer - Mid,Developer,3 - Mid-Level
juan.adarve,Senior Content Manager,Not Applicable,Not Applicable,5 - Master / Manager
juan.anaya,Data & Analytics Specialist,Data Analyst - Sr,Data Analyst,4 - Senior
juan.botero,Data Developer,Data Developer - Sr,Data Developer,4 - Senior
juan.cabezas,Developer,Developer - Sr,Developer,4 - Senior
juan.casanova,Developer,Developer - Mid,Developer,3 - Mid-Level
juan.cruz,Systems Architect,Systems Architect,Systems Architect,5 - Master / Manager
juan.diaz,Quality Analyst,QA - Mid,QA,3 - Mid-Level
juan.erazo,Tech Intern,Intern,Intern,1 - Intern
juan.eron,Developer,Developer - Mid,Developer,3 - Mid-Level
juan.forero,Developer,Developer - Sr,Developer,4 - Senior
juan.gallon,Quality Analyst,QA - Sr,QA,4 - Senior
juan.gonzalez,Tech Intern,Intern,Intern,1 - Intern
juan.ibanez,Data Architect,Software Architect - Sr,Software Architect,4 - Senior
juan.maestre,Tech Intern,Intern,Intern,1 - Intern
juan.manco,Tech Intern,Intern,Intern,1 - Intern
juan.narvaez,Developer,Developer - Mid,Developer,3 - Mid-Level
juan.pelaez,Developer,Developer - Sr,Developer,4 - Senior
juan.rodriguez,Quality Analyst,QA - Jr,QA,2 - Junior
juan.usma,Tech Intern,Intern,Intern,1 - Intern
juana.osorio,Content Manager,Business Analyst - Mid,Business Analyst,3 - Mid-Level
juanbc,Developer,Developer - Sr,Developer,4 - Senior
juancec,Developer,Developer - Sr,Developer,4 - Senior
juancz,Squad Leader,Squad Leader,Squad Leader,5 - Master / Manager
juang,Developer,Developer - Sr,Developer,4 - Senior
juanluiggi,Developer,Developer - Jr,Developer,2 - Junior
juanpaiva,Tester Master,QA - Master,QA,5 - Master / Manager
juans,Support Analyst,Support Analyst - Jr,Support Analyst,2 - Junior
juanslf,Developer,Developer - Mid,Developer,3 - Mid-Level
juansp,Developer,Developer - Mid,Developer,3 - Mid-Level
juda,Systems Architect,Systems Architect,Systems Architect,5 - Master / Manager
judexu,Developer,Developer - Mid,Developer,3 - Mid-Level
julia.caleffi,Not Applicable,Not Applicable,Not Applicable,3 - Mid-Level
julia.curan,Not Applicable,Not Applicable,Not Applicable,6 - Master 2 / Senior Manager
julia.pissolatti,Not Applicable,Not Applicable,Not Applicable,3 - Mid-Level
julia.silva,Tester,QA - Mid,QA,3 - Mid-Level
juliaaraujo,Developer,Developer - Sr,Developer,4 - Senior
juliaborges,Tester,QA - Jr,QA,2 - Junior
juliaf,Developer,Intern,Intern,1 - Intern
juliagoncalves,Scrum Master,Scrum Master,Scrum Master,4 - Senior
juliaiolanda,Developer,Developer - Mid,Developer,3 - Mid-Level
julials,Developer,Developer - Mid,Developer,3 - Mid-Level
juliamonaco,Data Developer,Data Developer - Mid,Data Developer,3 - Mid-Level
juliamoura,Scrum Master,Scrum Master,Scrum Master,3 - Mid-Level
juliamr,Scrum Master,Scrum Master,Scrum Master,4 - Senior
julian.guerrero,Developer Master,Developer - Master,Developer,5 - Master / Manager
julian.montoya,Data Developer,Data Developer - Sr,Data Developer,4 - Senior
julian.ospina,Developer,Developer - Sr,Developer,4 - Senior
juliana.buitrago,Tech Intern,Intern,Intern,1 - Intern
juliana.paula,Tester,QA - Mid,QA,3 - Mid-Level
juliana.xavier,Not Applicable,Not Applicable,Not Applicable,6 - Master 2 / Senior Manager
julianaa,Tester,QA - Sr,QA,4 - Senior
julianaas,Developer,Developer - Sr,Developer,4 - Senior
julianabg,Squad Leader,Squad Leader,Squad Leader,5 - Master / Manager
julianabrandao,Tester,QA - Mid,QA,3 - Mid-Level
julianacp,Developer Master,Developer - Master,Developer,5 - Master / Manager
julianacruz,Digital Strategist,Digital Strategist,Digital Strategist,5 - Master / Manager
julianagc,Squad Leader,Scrum Master,Scrum Master,4 - Senior
julianal,Developer,Developer - Mid,Developer,3 - Mid-Level
julianalm,Developer,Intern,Intern,1 - Intern
julianamt,Developer,Developer - Sr,Developer,4 - Senior
julianapatino,Squad Leader,Scrum Master,Scrum Master,4 - Senior
julianarg,Developer,Developer - Mid,Developer,3 - Mid-Level
julianas,Tester,QA - Mid,QA,3 - Mid-Level
julianasp,Developer,Developer - Jr,Developer,2 - Junior
julianek,Support Analyst,Support Analyst - Mid,Support Analyst,3 - Mid-Level
julianne,Tester,QA - Sr,QA,4 - Senior
julianocp,Developer,Developer - Sr,Developer,4 - Senior
julianogm,Developer,Developer - Sr,Developer,4 - Senior
julianohp,Developer,Developer - Mid,Developer,3 - Mid-Level
julianomr,Data & Analytics Specialist,Data Analyst - Sr,Data Analyst,4 - Senior
julianopires,Developer,Developer - Mid,Developer,3 - Mid-Level
julianor,Developer,Intern,Intern,1 - Intern
julianors,Squad Leader,Squad Leader,Squad Leader,5 - Master / Manager
juliap,UI Designer,UI Designer - Mid,UI Designer,3 - Mid-Level
juliaricordi,Tester,QA - Mid,QA,3 - Mid-Level
julias,Product Designer,UI Designer - Sr,UI Designer,4 - Senior
juliasb,Developer,Developer - Mid,Developer,3 - Mid-Level
juliavp,Scrum Master,Scrum Master,Scrum Master,4 - Senior
juliay,Developer,Intern,Intern,1 - Intern
juliayn,UI Designer,UI Designer - Mid,UI Designer,3 - Mid-Level
juliele,Product Designer,UI Designer - Sr,UI Designer,4 - Senior
julietegomes,Developer,Developer - Sr,Developer,4 - Senior
juliez,Developer,Developer - Mid,Developer,3 - Mid-Level
julio.dias,UI Expert,UI Designer - Master,UI Designer,5 - Master / Manager
julio.faundes,UI Designer,UI Designer - Mid,UI Designer,3 - Mid-Level
julio.godoi,Squad Leader,Squad Leader,Squad Leader,5 - Master / Manager
julio.quadros,Senior Manager,Senior Manager,Senior Manager,6 - Master 2 / Senior Manager
juliocesar,Developer,Developer - Sr,Developer,4 - Senior
juliocr,Developer Master,Developer - Master,Developer,5 - Master / Manager
julioguimaraes,Systems Architect,Systems Architect,Systems Architect,5 - Master / Manager
juliok,Developer,Developer - Jr,Developer,2 - Junior
juliomartins,Developer,Developer - Mid,Developer,3 - Mid-Level
juliomartinsamson,Quality Analyst,QA - Sr,QA,4 - Senior
juliooliveira,Developer,Developer - Mid,Developer,3 - Mid-Level
juliors,Developer,Intern,Intern,1 - Intern
julioy,Developer,Developer - Mid,Developer,3 - Mid-Level
juma,Business Analyst,Business Analyst - Sr,Business Analyst,4 - Senior
junchaow,Developer,Developer - Mid,Developer,3 - Mid-Level
junioantonelli,Developer,Developer - Sr,Developer,4 - Senior
juniomb,Squad Leader,Squad Leader,Squad Leader,5 - Master / Manager
junior,Architecture Manager,Principal Architect,Principal Architect,6 - Master 2 / Senior Manager
junlong,Tester,QA - Jr,QA,2 - Junior
justinec,Project Manager,Project Manager,Project Manager,5 - Master / Manager
justinralphtorres,Developer,Developer - Sr,Developer,4 - Senior
juzenios,Tester,QA - Mid,QA,3 - Mid-Level
jvagmacker,Software Architect,Software Architect - Sr,Software Architect,4 - Senior
jvassoler,Tester,QA - Mid,QA,3 - Mid-Level
jvbrito,Developer,Developer - Mid,Developer,3 - Mid-Level
jvelasquez,Data & Analytics Specialist,Data Analyst - Mid,Data Analyst,3 - Mid-Level
jvertematti,Developer,Developer - Mid,Developer,3 - Mid-Level
jvictorio,Tester,QA - Mid,QA,3 - Mid-Level
jvinicius,Developer,Developer - Sr,Developer,4 - Senior
jvitoria,Developer,Developer - Mid,Developer,3 - Mid-Level
jvsousa,Developer,Developer - Mid,Developer,3 - Mid-Level
jwinderfeld,Developer,Developer - Mid,Developer,3 - Mid-Level
jyeverson,Developer,Developer - Mid,Developer,3 - Mid-Level
jzeferino,Data Developer,Data Developer - Sr,Data Developer,4 - Senior
kadubp,Architecture Manager,Principal Architect,Principal Architect,6 - Master 2 / Senior Manager
kaiolopes,Developer,Developer - Sr,Developer,4 - Senior
kaiopc,Tester,QA - Mid,QA,3 - Mid-Level
kaiosp,Developer,Developer - Sr,Developer,4 - Senior
kaiquec,Developer,Developer - Jr,Developer,2 - Junior
kaiquecs,Developer,Developer - Mid,Developer,3 - Mid-Level
kaiqueo,Developer,Developer - Sr,Developer,4 - Senior
kaitlynn.larkins,UI Designer,UI Designer - Mid,UI Designer,3 - Mid-Level
kaiy,Scrum Master,Scrum Master,Scrum Master,4 - Senior
kalebes,Developer,Developer - Sr,Developer,4 - Senior
kalianne,Developer Master,Developer - Master,Developer,5 - Master / Manager
kalil,Developer,Developer - Sr,Developer,4 - Senior
kaline,Data Scientist,Data Scientist - Jr,Data Scientist,2 - Junior
kalyanp,Systems Architect,Systems Architect,Systems Architect,5 - Master / Manager
kamilass,Developer,Intern,Intern,1 - Intern
kamily.oliveira,Developer,Intern,Intern,1 - Intern
kamyllab,Business Analyst,Business Analyst - Sr,Business Analyst,4 - Senior
kananda,Senior Manager,Senior Manager,Senior Manager,6 - Master 2 / Senior Manager
kang,Software Architect,Software Architect - Sr,Software Architect,4 - Senior
karem.moreno,Project Manager,Project Manager,Project Manager,5 - Master / Manager
karen.mendez,Developer,Developer - Jr,Developer,2 - Junior
karenaguiar,Tester,QA - Mid,QA,3 - Mid-Level
karenkramek,Developer,Developer - Sr,Developer,4 - Senior
karensm,Tester,QA - Sr,QA,4 - Senior
karenyauw,Senior Manager,Senior Manager,Senior Manager,6 - Master 2 / Senior Manager
karian.silva,Tester,QA - Sr,QA,4 - Senior
karina.minuzzo,Developer,Developer - Sr,Developer,4 - Senior
karinac,Squad Leader,Scrum Master,Scrum Master,4 - Senior
karinacm,Senior Manager,Senior Manager,Senior Manager,6 - Master 2 / Senior Manager
karinaoliveira,Developer,Developer - Sr,Developer,4 - Senior
karinapereira,Tester,QA - Mid,QA,3 - Mid-Level
karine.contarin,Developer,Developer - Sr,Developer,4 - Senior
karinea,Developer,Intern,Intern,1 - Intern
karlajuliane,Tester,QA - Mid,QA,3 - Mid-Level
karlaps,Squad Leader,Scrum Master,Scrum Master,4 - Senior
karolinenl,Developer,Developer - Mid,Developer,3 - Mid-Level
kassyus,Squad Leader,Squad Leader,Squad Leader,5 - Master / Manager
katebanez,Developer,Developer - Sr,Developer,4 - Senior
katerin.ortiz,Developer,Developer - Mid,Developer,3 - Mid-Level
katerine.chavarriaga,Support Analyst,Support Analyst - Jr,Support Analyst,2 - Junior
katherin.henao,Quality Analyst,QA - Sr,QA,4 - Senior
katherine,Salesforce Solutions Specialist,Not Applicable,Not Applicable,3 - Mid-Level
katherine.diaz,Product Designer Expert,UI Designer - Master,UI Designer,5 - Master / Manager
katiacosta,Squad Leader,Squad Leader,Squad Leader,5 - Master / Manager
katie.stotter,Senior Strategy Director,Not Applicable,Not Applicable,6 - Master 2 / Senior Manager
kauanh,Developer,Developer - Sr,Developer,4 - Senior
kauers,Developer,Developer - Sr,Developer,4 - Senior
kawe,Developer,Developer - Sr,Developer,4 - Senior
kayla.herrera,Content Strategist,Not Applicable,Not Applicable,2 - Junior
kaylel,Developer,Developer - Mid,Developer,3 - Mid-Level
kayques,Developer,Developer - Sr,Developer,4 - Senior
kayquew,Developer,Developer - Mid,Developer,3 - Mid-Level
kbassotto,Business Analyst,Business Analyst - Mid,Business Analyst,3 - Mid-Level
kbizanha,Digital Strategist,Digital Strategist,Digital Strategist,5 - Master / Manager
kbraccio,Developer,Intern,Intern,1 - Intern
kcabral,Developer,Developer - Mid,Developer,3 - Mid-Level
kcampos,Developer,Developer - Jr,Developer,2 - Junior
keila.martinez,Quality Analyst,QA - Sr,QA,4 - Senior
keilaak,Product Designer,UI Designer - Sr,UI Designer,4 - Senior
keilafernandes,Developer,Developer - Mid,Developer,3 - Mid-Level
kelli,Business Analyst,Business Analyst - Sr,Business Analyst,4 - Senior
kellyartiaga,Developer,Developer - Sr,Developer,4 - Senior
kelvinramos,Developer,Developer - Mid,Developer,3 - Mid-Level
kendra,Tester,QA - Mid,QA,3 - Mid-Level
kenedy,Developer,Developer - Sr,Developer,4 - Senior
kennedy.santos,Data Developer,Data Developer - Sr,Data Developer,4 - Senior
kennedyrocha,Tester,QA - Mid,QA,3 - Mid-Level
kennyl,Tester,QA - Jr,QA,2 - Junior
kenz,Systems Architect,Systems Architect,Systems Architect,5 - Master / Manager
keryson,Developer,Developer - Sr,Developer,4 - Senior
kesenz,Tester,QA - Sr,QA,4 - Senior
kesleyavs,Developer,Developer - Jr,Developer,2 - Junior
kessia,Squad Leader,Scrum Master,Scrum Master,4 - Senior
keust,Software Architect,Software Architect - Sr,Software Architect,4 - Senior
keven,Developer,Intern,Intern,1 - Intern
keven.aguiar,Developer,Developer - Mid,Developer,3 - Mid-Level
kevin.almeida,Developer,Developer - Mid,Developer,3 - Mid-Level
kevin.sierra,Developer,Developer - Mid,Developer,3 - Mid-Level
kevink,Developer,Developer - Mid,Developer,3 - Mid-Level
kevinp,Senior Manager,Senior Manager,Senior Manager,6 - Master 2 / Senior Manager
kevins,Developer,Developer - Sr,Developer,4 - Senior
kewen,Developer,Developer - Master,Developer,5 - Master / Manager
kflorencio,Systems Architect,Systems Architect,Systems Architect,5 - Master / Manager
khaio,DevOps,Not Applicable,Not Applicable,4 - Senior
khalil.shaikh,Developer,Developer - Sr,Developer,4 - Senior
khalilm,Developer,Developer - Sr,Developer,4 - Senior
khashimoto,Data Scientist,Data Scientist - Mid,Data Scientist,3 - Mid-Level
kikoz,Tech Intern,Intern,Intern,1 - Intern
kikuti,Senior Digital Strategist,Senior Digital Strategist,Senior Digital Strategist,6 - Master 2 / Senior Manager
kimnuyda,Scrum Master,Scrum Master,Scrum Master,3 - Mid-Level
kiran.dosanjh,Senior Manager,Senior Manager,Senior Manager,6 - Master 2 / Senior Manager
kirllensilva,Developer,Developer - Sr,Developer,4 - Senior
kjulyana,Developer,Developer - Jr,Developer,2 - Junior
kleberls,Developer Master,Developer - Master,Developer,5 - Master / Manager
kleberm,Tester Master,QA - Master,QA,5 - Master / Manager
klebersr,Developer Master,Developer - Master,Developer,5 - Master / Manager
klebsonl,Software Architect,Software Architect - Sr,Software Architect,4 - Senior
kleisondantas,Developer,Developer - Mid,Developer,3 - Mid-Level
kleitonm,Developer,Developer - Sr,Developer,4 - Senior
kmatos,Developer,Developer - Jr,Developer,2 - Junior
kmoraes,Developer,Developer - Jr,Developer,2 - Junior
kmorari,"Senior Business Director, EMEA",Senior Manager,Senior Manager,6 - Master 2 / Senior Manager
kneves,Developer,Intern,Intern,1 - Intern
kornchaia,Developer Master,Developer - Master,Developer,5 - Master / Manager
kparron,Scrum Master,Scrum Master,Scrum Master,3 - Mid-Level
kperdiz,Developer,Developer - Mid,Developer,3 - Mid-Level
kpereira,Developer,Developer - Mid,Developer,3 - Mid-Level
kredley,Developer,Developer - Sr,Developer,4 - Senior
kribeiro,Developer,Developer - Jr,Developer,2 - Junior
kristhinef,Developer,Developer - Sr,Developer,4 - Senior
kristinabgc,Support Analyst,Support Analyst - Jr,Support Analyst,2 - Junior
ksantana,Tester,QA - Sr,QA,4 - Senior
ktaguchi,Squad Leader,Scrum Master,Scrum Master,4 - Senior
ktrevizan,Product Manager,Product Manager,Product Manager,5 - Master / Manager
kurtedora,Developer,Developer - Mid,Developer,3 - Mid-Level
kvogado,Developer,Developer - Sr,Developer,4 - Senior
kyled,Software Architect,Software Architect - Sr,Software Architect,4 - Senior
kyrie,Developer,Developer - Jr,Developer,2 - Junior
laertej,Developer,Developer - Mid,Developer,3 - Mid-Level
laerthes,Developer,Developer - Mid,Developer,3 - Mid-Level
laguilar,Senior Manager,Senior Manager,Senior Manager,6 - Master 2 / Senior Manager
laiana,Scrum Master,Scrum Master,Scrum Master,3 - Mid-Level
laianef,Business Analyst,Business Analyst - Sr,Business Analyst,4 - Senior
lais.rodrigues,Commercial Partner,Not Applicable,Not Applicable,3 - Mid-Level
laisa,Project Manager,Project Manager,Project Manager,5 - Master / Manager
laisafahl,Business Analyst,Business Analyst - Sr,Business Analyst,4 - Senior
laisc,Scrum Master,Scrum Master,Scrum Master,4 - Senior
laisdina,Developer,Developer - Sr,Developer,4 - Senior
laisduarte,Scrum Master,Scrum Master,Scrum Master,4 - Senior
laismoreira,Developer,Developer - Sr,Developer,4 - Senior
laiza,Developer,Developer - Mid,Developer,3 - Mid-Level
laizorrane,Developer,Developer - Mid,Developer,3 - Mid-Level
lalbernaz,Developer,Intern,Intern,1 - Intern
lalencar,Developer,Developer - Mid,Developer,3 - Mid-Level
lalleoni,Project Manager,Project Manager,Project Manager,5 - Master / Manager
lamarca,Senior Manager,Senior Manager,Senior Manager,6 - Master 2 / Senior Manager
lamons,Developer,Developer - Sr,Developer,4 - Senior
lara.santos,Developer,Developer - Sr,Developer,4 - Senior
laraoliani,Software Architect,Software Architect - Mid,Software Architect,3 - Mid-Level
larareis,Tester,QA - Mid,QA,3 - Mid-Level
laresso,Developer Master,Developer - Master,Developer,5 - Master / Manager
larimori,Developer,Developer - Sr,Developer,4 - Senior
larissa.bispo,Data & Analytics Specialist,Data Analyst - Mid,Data Analyst,3 - Mid-Level
larissa.campos,Tester,QA - Sr,QA,4 - Senior
larissa.fernandes,Developer,Developer - Mid,Developer,3 - Mid-Level
larissaac,Developer,Intern,Intern,1 - Intern
larissaazzari,Data & Analytics Specialist,Data Analyst - Sr,Data Analyst,4 - Senior
larissabc,Tester,QA - Sr,QA,4 - Senior
larissabotelho,Developer,Developer - Mid,Developer,3 - Mid-Level
larissacyh,Developer,Developer - Jr,Developer,2 - Junior
larissadg,Developer,Developer - Mid,Developer,3 - Mid-Level
larissaf,Developer,Developer - Sr,Developer,4 - Senior
larissafsg,Developer,Developer - Mid,Developer,3 - Mid-Level
larissagb,Developer,Developer - Mid,Developer,3 - Mid-Level
larissagomes,Support Analyst,Support Analyst - Mid,Support Analyst,3 - Mid-Level
larissah,Developer,Developer - Sr,Developer,4 - Senior
larissahenrique,Developer,Developer - Mid,Developer,3 - Mid-Level
larissam,Developer,Developer - Mid,Developer,3 - Mid-Level
larissamt,Squad Leader,Scrum Master,Scrum Master,4 - Senior
larissapacheco,Tester,QA - Mid,QA,3 - Mid-Level
larissarp,Project Manager,Project Manager,Project Manager,5 - Master / Manager
larissasilva,Tester,QA - Sr,QA,4 - Senior
larissasp,Developer,Developer - Mid,Developer,3 - Mid-Level
larissavidal,Developer,Developer - Mid,Developer,3 - Mid-Level
larissavp,DevOps,Not Applicable,Not Applicable,2 - Junior
laryssa,Squad Leader,Scrum Master,Scrum Master,4 - Senior
laryssaalves,Software Architect,Software Architect - Sr,Software Architect,4 - Senior
laryssas,DevOps,Not Applicable,Not Applicable,4 - Senior
laura.gamboa,Scrum Master,Scrum Master,Scrum Master,4 - Senior
laura.reyes,Developer,Developer - Sr,Developer,4 - Senior
laura.vasquez,Data Developer,Data Developer - Mid,Data Developer,3 - Mid-Level
lauraa,Developer,Developer - Jr,Developer,2 - Junior
lauraellen,Developer,Developer - Mid,Developer,3 - Mid-Level
lauraf,Tester,QA - Sr,QA,4 - Senior
lauras,Tester,QA - Mid,QA,3 - Mid-Level
lauren.bowen,Senior Manager,Senior Manager,Senior Manager,6 - Master 2 / Senior Manager
laurice,Scrum Master,Scrum Master,Scrum Master,4 - Senior
lauromvs,Developer,Developer - Sr,Developer,4 - Senior
laylaf,Developer,Intern,Intern,1 - Intern
laysaa,Developer,Developer - Jr,Developer,2 - Junior
layshl,Software Architect,Software Architect - Sr,Software Architect,4 - Senior
layssilva,Developer,Developer - Mid,Developer,3 - Mid-Level
layze,Developer,Developer - Jr,Developer,2 - Junior
lazevedo,Developer,Developer - Sr,Developer,4 - Senior
lbaldin,Project Manager,Project Manager,Project Manager,5 - Master / Manager
lbaleeiro,Developer,Developer - Mid,Developer,3 - Mid-Level
lbarachisio,Developer,Developer - Sr,Developer,4 - Senior
lbarcellos,Developer Master,Developer - Master,Developer,5 - Master / Manager
lbarros,Squad Leader,Squad Leader,Squad Leader,5 - Master / Manager
lbastos,Project Manager,Project Manager,Project Manager,4 - Senior
lbecker,Software Architect,Software Architect - Sr,Software Architect,4 - Senior
lbegnini,Developer,Developer - Mid,Developer,3 - Mid-Level
lbenetti,Developer,Developer - Sr,Developer,4 - Senior
lbeni,Developer Master,Developer - Master,Developer,5 - Master / Manager
lbertonha,Tester,QA - Mid,QA,3 - Mid-Level
lbertoni,Developer,Developer - Sr,Developer,4 - Senior
lbilotta,Developer,Developer - Sr,Developer,4 - Senior
lbites,Developer Master,Developer - Master,Developer,5 - Master / Manager
lbomfonti,Developer,Developer - Sr,Developer,4 - Senior
lbondan,Developer,Developer - Mid,Developer,3 - Mid-Level
lbonomi,Tester,QA - Sr,QA,4 - Senior
lbortolotti,Developer,Developer - Jr,Developer,2 - Junior
lbottega,Developer,Developer - Sr,Developer,4 - Senior
lbrabes,Developer,Developer - Jr,Developer,2 - Junior
lbraga,Developer,Developer - Jr,Developer,2 - Junior
lbreia,Developer,Developer - Mid,Developer,3 - Mid-Level
lbrito,Developer,Developer - Mid,Developer,3 - Mid-Level
lbucioli,Software Architect,Software Architect - Sr,Software Architect,4 - Senior
lbudniewski,Tester,QA - Mid,QA,3 - Mid-Level
lbugada,Developer,Developer - Mid,Developer,3 - Mid-Level
lcamara,Developer,Developer - Jr,Developer,2 - Junior
lcavalcante,Developer,Developer - Sr,Developer,4 - Senior
lcavalcanti,Developer Master,Developer - Master,Developer,5 - Master / Manager
lceneviva,Scrum Master,Scrum Master,Scrum Master,4 - Senior
lcentini,Support Analyst,Support Analyst - Mid,Support Analyst,3 - Mid-Level
lchagas,Developer,Developer - Mid,Developer,3 - Mid-Level
lcoelho,Business Analyst,Business Analyst - Sr,Business Analyst,4 - Senior
lcordeiro,Software Architect,Software Architect - Sr,Software Architect,4 - Senior
lcordista,Developer,Developer - Jr,Developer,2 - Junior
lcortez,DevOps,Not Applicable,Not Applicable,3 - Mid-Level
lcortiz,Software Architect,Software Architect - Sr,Software Architect,4 - Senior
lcrepaldi,Product Owner,Business Analyst - Sr,Business Analyst,4 - Senior
lcruz,Developer,Developer - Mid,Developer,3 - Mid-Level
ldamasio,Developer,Developer - Mid,Developer,3 - Mid-Level
ldantas,Developer,Developer - Mid,Developer,3 - Mid-Level
ldarli,Developer,Developer - Sr,Developer,4 - Senior
ldeimomi,Data & Analytics Specialist,Data Analyst - Sr,Data Analyst,4 - Senior
ldourado,DevOps,Not Applicable,Not Applicable,4 - Senior
leandra,Senior Manager,Senior Manager,Senior Manager,6 - Master 2 / Senior Manager
leandro,Principal Software Developer,Developer - Master,Developer,6 - Master 2 / Senior Manager
leandro.loureiro,Senior Manager,Senior Manager,Senior Manager,6 - Master 2 / Senior Manager
leandro.ribeiro,Developer,Developer - Sr,Developer,4 - Senior
leandro.roberto,Software Architect,Software Architect - Sr,Software Architect,4 - Senior
leandroar,Developer,Developer - Sr,Developer,4 - Senior
leandroarantes,Product Designer,UI Designer - Sr,UI Designer,4 - Senior
leandrobs,Developer Master,Developer - Master,Developer,5 - Master / Manager
leandrodl,Data & Analytics Specialist,Data Analyst - Mid,Data Analyst,3 - Mid-Level
leandrof,Developer Master,Developer - Master,Developer,5 - Master / Manager
leandroferreira,Data Scientist,Data Scientist - Sr,Data Scientist,4 - Senior
leandrofg,Developer,Developer - Sr,Developer,4 - Senior
leandrofs,Developer,Developer - Mid,Developer,3 - Mid-Level
leandrohenrique,Developer,Developer - Sr,Developer,4 - Senior
leandrohv,Developer,Intern,Intern,1 - Intern
leandroja,Tester,QA - Mid,QA,3 - Mid-Level
leandrol,Developer Master,Developer - Master,Developer,5 - Master / Manager
leandrolopes,Squad Leader,Squad Leader,Squad Leader,5 - Master / Manager
leandromendes,Developer,Developer - Mid,Developer,3 - Mid-Level
leandrooliveira,Developer,Developer - Sr,Developer,4 - Senior
leandropg,Systems Architect,Systems Architect,Systems Architect,5 - Master / Manager
leandrops,Data Scientist,Data Scientist - Sr,Data Scientist,4 - Senior
leandrosb,Developer,Developer - Mid,Developer,3 - Mid-Level
leandrosouza,Developer,Developer - Mid,Developer,3 - Mid-Level
leandrov,Developer,Developer - Sr,Developer,4 - Senior
leandrovaz,Tester,QA - Sr,QA,4 - Senior
leandroviana,Developer,Developer - Sr,Developer,4 - Senior
leao,Scrum Master,Scrum Master,Scrum Master,3 - Mid-Level
leciane,Squad Leader,Squad Leader,Squad Leader,5 - Master / Manager
leidiana,Data & Analytics Specialist,Data Analyst - Sr,Data Analyst,4 - Senior
leidianeda,Developer,Developer - Jr,Developer,2 - Junior
leiki,Developer,Developer - Mid,Developer,3 - Mid-Level
leivitons,Developer,Developer - Sr,Developer,4 - Senior
lelopes,Product Development Manager,Product Manager,Product Manager,5 - Master / Manager
lemonj,Scrum Master,Scrum Master,Scrum Master,4 - Senior
lenachagas,Scrum Master,Scrum Master,Scrum Master,4 - Senior
lenin,Developer,Developer - Sr,Developer,4 - Senior
lennons,Developer,Developer - Mid,Developer,3 - Mid-Level
leoalves,Developer,Developer - Mid,Developer,3 - Mid-Level
leoliveira,Developer,Developer - Mid,Developer,3 - Mid-Level
leonardo.dorneles,Developer,Developer - Sr,Developer,4 - Senior
leonardo.gallo,Software Architect,Software Architect - Sr,Software Architect,4 - Senior
leonardo.grisales,Quality Analyst,QA - Sr,QA,4 - Senior
leonardo.kanashiro,Developer,Developer - Mid,Developer,3 - Mid-Level
leonardo.neves,Data Developer,Data Developer - Mid,Data Developer,3 - Mid-Level
leonardo.orejuela,Developer,Developer - Sr,Developer,4 - Senior
leonardo.romualdo,Developer,Developer - Sr,Developer,4 - Senior
leonardo.santana,Data Developer,Data Developer - Mid,Data Developer,3 - Mid-Level
leonardo.santanna,Architecture Manager,Principal Architect,Principal Architect,6 - Master 2 / Senior Manager
leonardo.sbarai,Developer,Developer - Mid,Developer,3 - Mid-Level
leonardo.silverio,Developer,Developer - Sr,Developer,4 - Senior
leonardo.souza,Product Designer Expert,UI Designer - Master,UI Designer,5 - Master / Manager
leonardo.teixeira,Developer,Developer - Sr,Developer,4 - Senior
leonardoab,Developer,Developer - Mid,Developer,3 - Mid-Level
leonardoac,Project Manager,Project Manager,Project Manager,5 - Master / Manager
leonardoavelino,Software Architect,Software Architect - Sr,Software Architect,4 - Senior
leonardobarros,Tester,QA - Sr,QA,4 - Senior
leonardobc,Squad Leader,Squad Leader,Squad Leader,5 - Master / Manager
leonardobf,Developer,Developer - Mid,Developer,3 - Mid-Level
leonardoborges,Squad Leader,Squad Leader,Squad Leader,5 - Master / Manager
leonardocifuentes,Developer,Developer - Mid,Developer,3 - Mid-Level
leonardocn,Tester,QA - Mid,QA,3 - Mid-Level
leonardocoelho,Developer,Developer - Sr,Developer,4 - Senior
leonardocs,Architecture Manager,Principal Architect,Principal Architect,6 - Master 2 / Senior Manager
leonardoe,Software Architect,Software Architect - Sr,Software Architect,4 - Senior
leonardoga,Developer,Intern,Intern,1 - Intern
leonardogama,Tester,QA - Sr,QA,4 - Senior
leonardoi,Developer,Developer - Sr,Developer,4 - Senior
leonardol,Developer Master,Developer - Master,Developer,5 - Master / Manager
leonardomc,Data & Analytics Specialist Master,Data Analyst - Master,Data Analyst,5 - Master / Manager
leonardomg,Data Developer,Data Developer - Sr,Data Developer,4 - Senior
leonardon,Squad Leader,Squad Leader,Squad Leader,5 - Master / Manager
leonardonl,Developer,Developer - Sr,Developer,4 - Senior
leonardoom,Developer,Developer - Mid,Developer,3 - Mid-Level
leonardop,Developer Master,Developer - Master,Developer,5 - Master / Manager
leonardoprado,Developer,Developer - Mid,Developer,3 - Mid-Level
leonardoq,Developer,Developer - Mid,Developer,3 - Mid-Level
leonardoqr,Developer,Developer - Mid,Developer,3 - Mid-Level
leonardords,Developer,Developer - Sr,Developer,4 - Senior
leonardors,Developer,Developer - Mid,Developer,3 - Mid-Level
leonardosg,Developer,Developer - Master,Developer,5 - Master / Manager
leonardosl,Software Architect,Software Architect - Sr,Software Architect,4 - Senior
leonardosr,Software Architect,Software Architect - Sr,Software Architect,4 - Senior
leonardots,Developer,Developer - Sr,Developer,4 - Senior
leonardovaz,Developer,Developer - Sr,Developer,4 - Senior
leoneisilva,Developer,Developer - Mid,Developer,3 - Mid-Level
leoner,Data Developer,Data Developer - Sr,Data Developer,4 - Senior
leong,Systems Architect,Systems Architect,Systems Architect,5 - Master / Manager
leonilton,Developer,Intern,Intern,1 - Intern
leonora,Tester,QA - Mid,QA,3 - Mid-Level
leow,Tester,QA - Mid,QA,3 - Mid-Level
leowen,Developer,Developer - Jr,Developer,2 - Junior
lequintiliano,Developer,Developer - Mid,Developer,3 - Mid-Level
lesliel,Tester,QA - Mid,QA,3 - Mid-Level
letacio,Developer,Developer - Sr,Developer,4 - Senior
leticia.barreto,Software Architect,Software Architect - Sr,Software Architect,4 - Senior
leticiaborges,Tester,QA - Mid,QA,3 - Mid-Level
leticiachaves,Developer,Developer - Jr,Developer,2 - Junior
leticiacs,Data Scientist,Data Scientist - Sr,Data Scientist,4 - Senior
leticiaf,Scrum Master,Scrum Master,Scrum Master,4 - Senior
leticiafarias,Developer,Developer - Jr,Developer,2 - Junior
leticiafs,Developer,Developer - Mid,Developer,3 - Mid-Level
leticiaft,Developer,Developer - Mid,Developer,3 - Mid-Level
leticiag,Scrum Master,Scrum Master,Scrum Master,4 - Senior
leticialeal,Developer,Developer - Mid,Developer,3 - Mid-Level
leticialg,Developer,Developer - Mid,Developer,3 - Mid-Level
leticialp,Scrum Master,Scrum Master,Scrum Master,4 - Senior
leticialw,Data Developer,Data Developer - Mid,Data Developer,3 - Mid-Level
leticiams,Developer,Developer - Sr,Developer,4 - Senior
leticiapillar,Developer,Developer - Sr,Developer,4 - Senior
leticiaps,Scrum Master,Scrum Master,Scrum Master,4 - Senior
leticias,Quality Analyst,Not Applicable,Not Applicable,4 - Senior
leticiat,Data Scientist,Data Scientist - Sr,Data Scientist,4 - Senior
leticiax,Developer,Intern,Intern,1 - Intern
levig,Developer,Developer - Sr,Developer,4 - Senior
levonl,Developer,Developer - Mid,Developer,3 - Mid-Level
levy.macedo,Developer,Developer - Sr,Developer,4 - Senior
levybv,Software Architect,Software Architect - Sr,Software Architect,4 - Senior
leylacr,Senior Data & Analytics Manager,Senior Manager,Senior Manager,6 - Master 2 / Senior Manager
lfaconi,Software Architect,Software Architect - Sr,Software Architect,4 - Senior
lfamelli,Developer,Developer - Mid,Developer,3 - Mid-Level
lfanelli,Support Analyst,Support Analyst - Sr,Support Analyst,4 - Senior
lfazza,Developer,Developer - Jr,Developer,2 - Junior
lfbrandao,Quality Analyst,QA - Sr,QA,4 - Senior
lfclink,Developer,Developer - Jr,Developer,2 - Junior
lfeitosa,Developer Master,Developer - Master,Developer,5 - Master / Manager
lfelipi,Developer,Intern,Intern,1 - Intern
lfernandes,Developer,Developer - Sr,Developer,4 - Senior
lferracin,Senior Manager,Senior Manager,Senior Manager,6 - Master 2 / Senior Manager
lfigueiroa,Product Designer,UI Designer - Mid,UI Designer,3 - Mid-Level
lfita,Developer,Developer - Mid,Developer,3 - Mid-Level
lfranchi,Developer,Developer - Mid,Developer,3 - Mid-Level
lfrasquette,Developer,Developer - Mid,Developer,3 - Mid-Level
lfukuhara,Developer,Developer - Mid,Developer,3 - Mid-Level
lfurlam,Developer,Developer - Sr,Developer,4 - Senior
lfurtado,Developer,Developer - Sr,Developer,4 - Senior
lgalhardi,Scrum Master,Scrum Master,Scrum Master,4 - Senior
lgalvani,Tester,QA - Sr,QA,4 - Senior
lgauterio,Developer,Developer - Sr,Developer,4 - Senior
lgennari,Developer,Developer - Mid,Developer,3 - Mid-Level
lgeovani,Developer Master,Developer - Master,Developer,5 - Master / Manager
lghercov,Developer,Developer - Sr,Developer,4 - Senior
lgigek,Developer,Developer - Sr,Developer,4 - Senior
lgiordani,Tester,QA - Sr,QA,4 - Senior
lgoya,Developer,Developer - Sr,Developer,4 - Senior
lgranusso,Developer,Developer - Jr,Developer,2 - Junior
lgregorato,Software Architect,Software Architect - Sr,Software Architect,4 - Senior
lguissi,Developer,Developer - Sr,Developer,4 - Senior
lianamr,Tester,QA - Sr,QA,4 - Senior
liaobo,Developer,Developer - Mid,Developer,3 - Mid-Level
libardo.henao,Developer Master,Developer - Master,Developer,5 - Master / Manager
libbyw,Software Architect,Software Architect - Sr,Software Architect,4 - Senior
ligiar,Scrum Master,Scrum Master,Scrum Master,4 - Senior
liliana.montes,Quality Analyst,QA - Sr,QA,4 - Senior
liliana.rea,Squad Leader,Scrum Master,Scrum Master,4 - Senior
lilianc,Scrum Master,Scrum Master,Scrum Master,4 - Senior
lilianreis,Content Specialist,Not Applicable,Not Applicable,3 - Mid-Level
liliansp,Developer,Developer - Sr,Developer,4 - Senior
lilianvc,Squad Leader,Scrum Master,Scrum Master,4 - Senior
lilianw,Squad Leader,Scrum Master,Scrum Master,4 - Senior
lilierj,Associate Developer,Developer - Mid,Developer,3 - Mid-Level
lima.lucas,Developer,Intern,Intern,1 - Intern
limalucas,Developer,Developer - Mid,Developer,3 - Mid-Level
lina,Project Manager,Project Manager,Project Manager,5 - Master / Manager
lina.otoni,Squad Leader,Scrum Master,Scrum Master,4 - Senior
lina.satizabal,Squad Leader,Squad Leader,Squad Leader,5 - Master / Manager
linda,Software Architect,Software Architect - Sr,Software Architect,4 - Senior
ling,Tester,QA - Mid,QA,3 - Mid-Level
linkl,Developer,Developer - Mid,Developer,3 - Mid-Level
lino,Tester,QA - Sr,QA,4 - Senior
linwuhenl,Developer,Developer - Mid,Developer,3 - Mid-Level
lisa.eck,Product Designer,UI Designer - Sr,UI Designer,4 - Senior
lisandrab,Tester,QA - Sr,QA,4 - Senior
lisandros,Senior Manager,Senior Manager,Senior Manager,6 - Master 2 / Senior Manager
lislaine,Tester,QA - Mid,QA,3 - Mid-Level
lisleny,Scrum Master,Scrum Master,Scrum Master,4 - Senior
litimura,Developer,Developer - Mid,Developer,3 - Mid-Level
littiele,Developer,Developer - Sr,Developer,4 - Senior
liviafs,Data Developer,Data Developer - Mid,Data Developer,3 - Mid-Level
liviarc,Developer,Developer - Sr,Developer,4 - Senior
lizandro,Developer,Developer - Sr,Developer,4 - Senior
lizeth.ortiz,Not Applicable,Not Applicable,Not Applicable,3 - Mid-Level
lizeth.villada,Business Analyst,Not Applicable,Not Applicable,3 - Mid-Level
lizh,Tester,QA - Mid,QA,3 - Mid-Level
ljordao,Data Developer Master,Data Developer - Master,Data Developer,5 - Master / Manager
ljunio,Developer,Developer - Mid,Developer,3 - Mid-Level
ljunior,Squad Leader,Squad Leader,Squad Leader,5 - Master / Manager
lkameya,Developer Master,Developer - Master,Developer,5 - Master / Manager
lkotaki,Tester,QA - Sr,QA,4 - Senior
lleano,Data Developer,Data Developer - Sr,Data Developer,4 - Senior
lleitzke,Tester,QA - Mid,QA,3 - Mid-Level
lleme,Developer,Developer - Sr,Developer,4 - Senior
llemos,Developer,Developer - Sr,Developer,4 - Senior
llenharo,Developer,Intern,Intern,1 - Intern
llochetti,Data Developer,Data Developer - Mid,Data Developer,3 - Mid-Level
lloz,Developer,Developer - Sr,Developer,4 - Senior
lmaestri,Product Designer,UI Designer - Sr,UI Designer,4 - Senior
lmagnani,Developer,Developer - Mid,Developer,3 - Mid-Level
lmalaquias,Developer Master,Developer - Master,Developer,5 - Master / Manager
lmanfrim,Systems Architect,Systems Architect,Systems Architect,5 - Master / Manager
lmarcel,Software Architect,Software Architect - Sr,Software Architect,4 - Senior
lmaria,Tester,QA - Jr,QA,2 - Junior
lmarim,Software Architect,Software Architect - Sr,Software Architect,4 - Senior
lmascarenhas,Developer,Developer - Mid,Developer,3 - Mid-Level
lmelo,Developer,Intern,Intern,1 - Intern
lmendes,Developer,Developer - Sr,Developer,4 - Senior
lmeneguelli,Developer,Developer - Sr,Developer,4 - Senior
lmiguel,Developer,Developer - Mid,Developer,3 - Mid-Level
lminucelli,Developer,Developer - Sr,Developer,4 - Senior
lmoggi,Developer Master,Developer - Master,Developer,5 - Master / Manager
lmolon,Developer,Developer - Mid,Developer,3 - Mid-Level
lmorais,Developer,Developer - Mid,Developer,3 - Mid-Level
lmori,Developer,Developer - Sr,Developer,4 - Senior
lmorilha,Developer Master,Developer - Master,Developer,5 - Master / Manager
lmotta,Scrum Master,Scrum Master,Scrum Master,4 - Senior
lmunho,Developer,Developer - Mid,Developer,3 - Mid-Level
lmunhoz,Tester,QA - Sr,QA,4 - Senior
lmunk,Developer,Developer - Sr,Developer,4 - Senior
lnatale,Developer,Developer - Sr,Developer,4 - Senior
lnegreiros,Developer,Developer - Jr,Developer,2 - Junior
lneis,Developer,Developer - Sr,Developer,4 - Senior
lnemoto,Tester,QA - Mid,QA,3 - Mid-Level
lnicolat,Developer,Developer - Sr,Developer,4 - Senior
lnishi,Developer Master,Developer - Master,Developer,5 - Master / Manager
lnogueira,Developer,Developer - Sr,Developer,4 - Senior
lohan,Project Manager,Senior Manager,Senior Manager,6 - Master 2 / Senior Manager
loran,Software Architect,Software Architect - Sr,Software Architect,4 - Senior
lorena.rosales,Developer,Developer - Mid,Developer,3 - Mid-Level
lorenaa,Developer,Developer - Sr,Developer,4 - Senior
lorenaj,Product Designer,UI Designer - Sr,UI Designer,4 - Senior
lorenaperez,Quality Analyst,QA - Sr,QA,4 - Senior
lorenza,Tester,QA - Mid,QA,3 - Mid-Level
lorenzo.pincinato,Developer,Developer - Sr,Developer,4 - Senior
lotusx,Tester,QA - Mid,QA,3 - Mid-Level
louiss,Tester,QA - Mid,QA,3 - Mid-Level
lourdes.ojeda,Quality Analyst,QA - Sr,QA,4 - Senior
lourivalf,Data Developer Master,Data Developer - Master,Data Developer,5 - Master / Manager
lpadilha,Software Architect,Software Architect - Sr,Software Architect,4 - Senior
lpagnez,Developer,Developer - Sr,Developer,4 - Senior
lpalmeira,Developer,Developer - Mid,Developer,3 - Mid-Level
lpasquini,Tester,QA - Mid,QA,3 - Mid-Level
lpaulino,Tester,QA - Mid,QA,3 - Mid-Level
lpeixoto,Support Analyst,Support Analyst - Mid,Support Analyst,3 - Mid-Level
lpeloso,Data Developer,Data Developer - Sr,Data Developer,4 - Senior
lperuchi,Developer,Developer - Sr,Developer,4 - Senior
lpiardi,Senior Manager,Senior Manager,Senior Manager,6 - Master 2 / Senior Manager
lpinheiro,Developer,Developer - Mid,Developer,3 - Mid-Level
lpontes,Developer,Developer - Mid,Developer,3 - Mid-Level
lporto,Developer,Developer - Sr,Developer,4 - Senior
lpurkotte,Tester,QA - Mid,QA,3 - Mid-Level
lrangel,Developer,Developer - Mid,Developer,3 - Mid-Level
lrebes,Data Scientist,Data Scientist - Sr,Data Scientist,4 - Senior
lretore,Developer,Developer - Jr,Developer,2 - Junior
lsales,Software Architect,Software Architect - Sr,Software Architect,4 - Senior
lsamuel,Developer,Developer - Jr,Developer,2 - Junior
lsantana,Developer,Developer - Sr,Developer,4 - Senior
lscabora,Principal Data Scientist,Not Applicable,Not Applicable,6 - Master 2 / Senior Manager
lschmidt,Developer,Developer - Mid,Developer,3 - Mid-Level
lschneider,Senior Digital Strategist,Senior Digital Strategist,Senior Digital Strategist,6 - Master 2 / Senior Manager
lsconfienza,Developer,Developer - Jr,Developer,2 - Junior
lsena,Developer,Developer - Mid,Developer,3 - Mid-Level
lserain,Squad Leader,Squad Leader,Squad Leader,5 - Master / Manager
lserra,Developer,Developer - Mid,Developer,3 - Mid-Level
lsimoes,Squad Leader,Squad Leader,Squad Leader,5 - Master / Manager
ltadashi,Developer,Developer - Mid,Developer,3 - Mid-Level
ltakeishi,Developer,Developer - Mid,Developer,3 - Mid-Level
ltarciso,Associate Product Manager,UX Specialist - Mid,UX Specialist,3 - Mid-Level
ltavares,Developer,Intern,Intern,1 - Intern
lthiers,Developer,Developer - Sr,Developer,4 - Senior
lthomaz,Developer,Developer - Sr,Developer,4 - Senior
ltomazini,Squad Leader,Squad Leader,Squad Leader,5 - Master / Manager
ltomiozzo,Developer,Developer - Mid,Developer,3 - Mid-Level
ltorati,Systems Architect,Software Architect - Sr,Software Architect,4 - Senior
ltosin,Developer,Developer - Sr,Developer,4 - Senior
ltosta,Developer,Developer - Mid,Developer,3 - Mid-Level
ltrevisan,Developer,Developer - Sr,Developer,4 - Senior
ltrindade,Squad Leader,Squad Leader,Squad Leader,5 - Master / Manager
ltrolezi,Senior Manager,Senior Manager,Senior Manager,6 - Master 2 / Senior Manager
lturrini,Developer Master,Developer - Master,Developer,5 - Master / Manager
luan.poi,Developer,Developer - Mid,Developer,3 - Mid-Level
luan.silvestre,Data Developer,Data Developer - Mid,Data Developer,3 - Mid-Level
luana.terense,Tester,QA - Sr,QA,4 - Senior
luanac,UX Designer,UX Specialist - Sr,UX Specialist,4 - Senior
luanacs,Data Developer,Data Developer - Jr,Data Developer,2 - Junior
luanadl,Developer,Developer - Jr,Developer,2 - Junior
luanaes,Data & Analytics Strategist,Not Applicable,Not Applicable,6 - Master 2 / Senior Manager
luanaf,Squad Leader,Squad Leader,Squad Leader,5 - Master / Manager
luanag,Squad Leader,Squad Leader,Squad Leader,5 - Master / Manager
luand,Software Architect,Software Architect - Sr,Software Architect,4 - Senior
luanef,Squad Leader,Squad Leader,Squad Leader,5 - Master / Manager
luank,Developer,Developer - Mid,Developer,3 - Mid-Level
luanl,Developer,Developer - Sr,Developer,4 - Senior
luannc,Developer,Developer - Sr,Developer,4 - Senior
luanp,Developer,Developer - Jr,Developer,2 - Junior
luanribeiro,Developer,Developer - Jr,Developer,2 - Junior
luanrodrigues,Developer,Developer - Mid,Developer,3 - Mid-Level
luansena,Developer,Developer - Mid,Developer,3 - Mid-Level
lucacp,Developer,Developer - Sr,Developer,4 - Senior
lucag,Data Developer,Data Developer - Sr,Data Developer,4 - Senior
lucanq,Developer,Developer - Mid,Developer,3 - Mid-Level
lucas,Principal Software Developer,Developer - Master,Developer,6 - Master 2 / Senior Manager
lucas.almeida,Developer,Developer - Sr,Developer,4 - Senior
lucas.alves,Developer,Developer - Sr,Developer,4 - Senior
lucas.andrade,Developer,Developer - Mid,Developer,3 - Mid-Level
lucas.araujo,Software Architect,Software Architect - Sr,Software Architect,4 - Senior
lucas.camacho,Developer,Developer - Sr,Developer,4 - Senior
lucas.gabriel,Developer,Developer - Jr,Developer,2 - Junior
lucas.inacio,Developer,Developer - Sr,Developer,4 - Senior
lucas.lima,Developer,Developer - Mid,Developer,3 - Mid-Level
lucas.martins,Developer,Developer - Mid,Developer,3 - Mid-Level
lucas.matheus,Developer,Developer - Mid,Developer,3 - Mid-Level
lucas.mazzuco,Tester,QA - Sr,QA,4 - Senior
lucas.moreira,Developer,Developer - Mid,Developer,3 - Mid-Level
lucas.nogueira,Developer,Developer - Sr,Developer,4 - Senior
lucas.norberto,Developer,Developer - Sr,Developer,4 - Senior
lucas.orlandini,Developer,Developer - Sr,Developer,4 - Senior
lucas.pereira,Developer,Developer - Sr,Developer,4 - Senior
lucas.rlima,Tester,QA - Sr,QA,4 - Senior
lucas.rodrigues,Developer,Developer - Mid,Developer,3 - Mid-Level
lucas.santos,Developer,Developer - Sr,Developer,4 - Senior
lucas.sirino,Developer,Developer - Mid,Developer,3 - Mid-Level
lucas.souza,Tester,QA - Sr,QA,4 - Senior
lucas.takahashi,Developer,Developer - Sr,Developer,4 - Senior
lucas.ultremare,IT Analyst,Not Applicable,Not Applicable,2 - Junior
lucas.vendramin,Tester,QA - Sr,QA,4 - Senior
lucas.zenerato,Developer,Developer - Sr,Developer,4 - Senior
lucas.zilocchi,Software Architect,Software Architect - Sr,Software Architect,4 - Senior
lucasa,Developer,Intern,Intern,1 - Intern
lucasadame,Developer,Developer - Mid,Developer,3 - Mid-Level
lucasaf,Developer,Intern,Intern,1 - Intern
lucasaguiar,Developer,Developer - Sr,Developer,4 - Senior
lucasakio,Data Developer,Data Developer - Sr,Data Developer,4 - Senior
lucasalcantara,Developer,Developer - Mid,Developer,3 - Mid-Level
lucasalmeida,Developer,Developer - Mid,Developer,3 - Mid-Level
lucasandrade,Data Developer,Data Developer - Jr,Data Developer,2 - Junior
lucasanseloni,Developer,Developer - Jr,Developer,2 - Junior
lucasaraujo,Developer,Developer - Sr,Developer,4 - Senior
lucasavelino,Software Architect,Software Architect - Sr,Software Architect,4 - Senior
lucasbd,Developer,Developer - Mid,Developer,3 - Mid-Level
lucasbie,Developer,Developer - Sr,Developer,4 - Senior
lucasbraga,Developer,Developer - Sr,Developer,4 - Senior
lucasbs,Senior Manager,Senior Manager,Senior Manager,6 - Master 2 / Senior Manager
lucascarvalho,Developer,Developer - Mid,Developer,3 - Mid-Level
lucascastro,Developer,Developer - Sr,Developer,4 - Senior
lucascf,Developer,Developer - Mid,Developer,3 - Mid-Level
lucaschies,Developer,Developer - Sr,Developer,4 - Senior
lucascm,Software Architect,Software Architect - Sr,Software Architect,4 - Senior
lucascorreia,Developer,Intern,Intern,1 - Intern
lucascosta,Scrum Master,Scrum Master,Scrum Master,4 - Senior
lucascruz,Tester,QA - Mid,QA,3 - Mid-Level
lucasdb,Developer,Developer - Mid,Developer,3 - Mid-Level
lucasdss,Developer,Intern,Intern,1 - Intern
lucaseb,Developer,Developer - Mid,Developer,3 - Mid-Level
lucasec,Developer,Developer - Jr,Developer,2 - Junior
lucaseg,Developer,Developer - Mid,Developer,3 - Mid-Level
lucaseox,Developer,Developer - Mid,Developer,3 - Mid-Level
lucasep,Software Architect,Systems Architect,Systems Architect,5 - Master / Manager
lucaseugenio,Developer,Developer - Sr,Developer,4 - Senior
lucasevangelista,Developer,Developer - Sr,Developer,4 - Senior
lucasfabbri,Developer,Developer - Jr,Developer,2 - Junior
lucasfelipe,Software Architect,Software Architect - Sr,Software Architect,4 - Senior
lucasfernandes,Software Architect,Software Architect - Sr,Software Architect,4 - Senior
lucasff,Developer,Developer - Mid,Developer,3 - Mid-Level
lucasfm,Developer,Developer - Sr,Developer,4 - Senior
lucasfmp,Developer,Developer - Mid,Developer,3 - Mid-Level
lucasfontes,Developer Master,Developer - Master,Developer,5 - Master / Manager
lucasfunchal,Developer,Developer - Mid,Developer,3 - Mid-Level
lucasg,Developer,Developer - Mid,Developer,3 - Mid-Level
lucasgc,Developer,Intern,Intern,1 - Intern
lucasgmm,Developer,Developer - Mid,Developer,3 - Mid-Level
lucasgoncalves,Developer,Developer - Mid,Developer,3 - Mid-Level
lucasgozzi,Developer,Developer - Sr,Developer,4 - Senior
lucasgp,Developer,Developer - Sr,Developer,4 - Senior
lucasgrolli,Developer,Developer - Sr,Developer,4 - Senior
lucasguerreiro,Developer,Developer - Mid,Developer,3 - Mid-Level
lucashe,Tester,QA - Sr,QA,4 - Senior
lucashm,Squad Leader,Scrum Master,Scrum Master,4 - Senior
lucashs,Support Analyst,Support Analyst - Mid,Support Analyst,3 - Mid-Level
lucasi,Developer,Intern,Intern,1 - Intern
lucasjacone,Developer,Developer - Jr,Developer,2 - Junior
lucasjohny,Developer,Developer - Mid,Developer,3 - Mid-Level
lucask,Developer,Developer - Mid,Developer,3 - Mid-Level
lucaskf,Developer,Developer - Mid,Developer,3 - Mid-Level
lucaslima,Developer,Developer - Sr,Developer,4 - Senior
lucasll,Tester,QA - Mid,QA,3 - Mid-Level
lucasls,Developer,Developer - Mid,Developer,3 - Mid-Level
lucasmanfioletti,Developer,Developer - Mid,Developer,3 - Mid-Level
lucasmarques,Developer,Developer - Sr,Developer,4 - Senior
lucasmc,Data Developer,Data Developer - Mid,Data Developer,3 - Mid-Level
lucasmelo,Developer,Developer - Sr,Developer,4 - Senior
lucasmenezes,Developer,Developer - Mid,Developer,3 - Mid-Level
lucasml,Developer,Developer - Mid,Developer,3 - Mid-Level
lucasmm,Developer,Developer - Mid,Developer,3 - Mid-Level
lucasmoraes,Developer,Developer - Sr,Developer,4 - Senior
lucasmotta,Developer,Developer - Sr,Developer,4 - Senior
lucasmr,Software Architect,Software Architect - Sr,Software Architect,4 - Senior
lucasmt,Developer,Developer - Jr,Developer,2 - Junior
lucasmv,Software Architect,Software Architect - Sr,Software Architect,4 - Senior
lucasnt,Developer,Developer - Mid,Developer,3 - Mid-Level
lucasorlandelli,Systems Architect,Systems Architect,Systems Architect,5 - Master / Manager
lucasoviedo,Systems Architect,Systems Architect,Systems Architect,5 - Master / Manager
lucaspf,Developer,Developer - Sr,Developer,4 - Senior
lucaspr,Developer,Developer - Mid,Developer,3 - Mid-Level
lucaspv,Tester,QA - Mid,QA,3 - Mid-Level
lucasqm,Developer,Developer - Sr,Developer,4 - Senior
lucasradtke,Developer,Developer - Sr,Developer,4 - Senior
lucasrb,Developer,Developer - Jr,Developer,2 - Junior
lucasrc,Software Architect,Software Architect - Sr,Software Architect,4 - Senior
lucasrg,Developer,Developer - Jr,Developer,2 - Junior
lucasro,Developer,Developer - Mid,Developer,3 - Mid-Level
lucasroberto,Software Architect,Software Architect - Sr,Software Architect,4 - Senior
lucasrr,Data Developer,Data Developer - Mid,Data Developer,3 - Mid-Level
lucasrt,Principal Data Architect,Principal Architect,Principal Architect,6 - Master 2 / Senior Manager
lucassantana,Developer,Developer - Mid,Developer,3 - Mid-Level
lucassantos,Developer,Developer - Mid,Developer,3 - Mid-Level
lucassc,Developer,Developer - Mid,Developer,3 - Mid-Level
lucassl,Data Developer,Data Developer - Jr,Data Developer,2 - Junior
lucassoares,Developer,Developer - Sr,Developer,4 - Senior
lucassousa,Systems Architect,Systems Architect,Systems Architect,5 - Master / Manager
lucassp,Developer,Developer - Sr,Developer,4 - Senior
lucasst,Developer,Developer - Mid,Developer,3 - Mid-Level
lucasterranova,Developer,Developer - Mid,Developer,3 - Mid-Level
lucastg,Developer,Developer - Jr,Developer,2 - Junior
lucastl,Developer Master,Developer - Master,Developer,5 - Master / Manager
lucastomaz,Systems Architect,Systems Architect,Systems Architect,5 - Master / Manager
lucastorres,Developer,Developer - Jr,Developer,2 - Junior
lucastr,Data & Analytics Specialist,Data Analyst - Sr,Data Analyst,4 - Senior
lucastrindade,Developer,Developer - Sr,Developer,4 - Senior
lucasts,Developer,Developer - Jr,Developer,2 - Junior
lucasvalu,Systems Architect,Systems Architect,Systems Architect,5 - Master / Manager
lucasvc,Developer Master,Developer - Master,Developer,5 - Master / Manager
lucasveras,Developer,Developer - Mid,Developer,3 - Mid-Level
lucasvg,Developer,Developer - Mid,Developer,3 - Mid-Level
lucasviana,Developer,Developer - Sr,Developer,4 - Senior
lucasvieira,Data Developer,Data Developer - Sr,Data Developer,4 - Senior
lucaswr,Developer,Developer - Sr,Developer,4 - Senior
luccabessa,Developer,Developer - Mid,Developer,3 - Mid-Level
luccas.santos,Developer,Developer - Mid,Developer,3 - Mid-Level
luccasmaciel,Developer,Developer - Mid,Developer,3 - Mid-Level
lucian,Architecture Manager,Principal Architect,Principal Architect,6 - Master 2 / Senior Manager
luciana.ruy,Not Applicable,Not Applicable,Not Applicable,5 - Master / Manager
luciana.sousa,Tester,QA - Sr,QA,4 - Senior
lucianabenedicto,Squad Leader,Squad Leader,Squad Leader,5 - Master / Manager
lucianag,Squad Leader,Squad Leader,Squad Leader,5 - Master / Manager
lucianalobao,Squad Leader,Scrum Master,Scrum Master,4 - Senior
lucianar,Data & Analytics Specialist Master,Data Analyst - Master,Data Analyst,5 - Master / Manager
lucianaribeiro,Developer,Developer - Sr,Developer,4 - Senior
lucianasb,Tester,QA - Sr,QA,4 - Senior
luciane.barraviera,Tester,QA - Sr,QA,4 - Senior
lucianeabrantes,Tester,QA - Sr,QA,4 - Senior
luciano.camara,Senior Manager,Senior Manager,Senior Manager,6 - Master 2 / Senior Manager
luciano.costa,Developer,Developer - Sr,Developer,4 - Senior
lucianoallein,Software Architect,Software Architect - Sr,Software Architect,4 - Senior
lucianolr,Developer,Developer - Sr,Developer,4 - Senior
lucianosilva,Software Architect,Software Architect - Sr,Software Architect,4 - Senior
lucianosj,Developer,Developer - Sr,Developer,4 - Senior
lucianotg,Developer,Intern,Intern,1 - Intern
lucienchalom,Tester,QA - Jr,QA,2 - Junior
lucienes,Tester,QA - Mid,QA,3 - Mid-Level
lucimarapiva,Squad Leader,Scrum Master,Scrum Master,4 - Senior
lucyv,Developer,Developer - Jr,Developer,2 - Junior
ludmilas,Tester,QA - Mid,QA,3 - Mid-Level
lueki,Senior Manager,Senior Manager,Senior Manager,6 - Master 2 / Senior Manager
luelen,Developer,Developer - Mid,Developer,3 - Mid-Level
luis.aguiar,Developer,Intern,Intern,1 - Intern
luis.burgos,Developer,Developer - Mid,Developer,3 - Mid-Level
luis.copete,Data Developer,Data Developer - Mid,Data Developer,3 - Mid-Level
luis.ferreira,Systems Architect,Systems Architect,Systems Architect,5 - Master / Manager
luis.granados,Developer Master,Developer - Master,Developer,5 - Master / Manager
luis.lopez,Data Developer,Data Developer - Mid,Data Developer,3 - Mid-Level
luis.medina,Tech Intern,Intern,Intern,1 - Intern
luis.nascimento,Developer,Developer - Mid,Developer,3 - Mid-Level
luis.pereira,Developer,Developer - Sr,Developer,4 - Senior
luis.pinzon,Developer,Developer - Sr,Developer,4 - Senior
luis.restrepo,Developer,Developer - Mid,Developer,3 - Mid-Level
luis.vasquez,Quality Analyst,QA - Sr,QA,4 - Senior
luisa.garcia,Quality Analyst,QA - Mid,QA,3 - Mid-Level
luisa.marin,Quality Analyst,QA - Mid,QA,3 - Mid-Level
luisafc,Developer,Developer - Sr,Developer,4 - Senior
luisag,Developer,Developer - Jr,Developer,2 - Junior
luisagielow,Product Manager,Product Manager,Product Manager,5 - Master / Manager
luisbach,Systems Architect,Systems Architect,Systems Architect,5 - Master / Manager
luisc,Tester,QA - Mid,QA,3 - Mid-Level
luiscruz,Developer,Developer - Sr,Developer,4 - Senior
luise,Tester,QA - Mid,QA,3 - Mid-Level
luisfr,Developer,Developer - Sr,Developer,4 - Senior
luisfurlan,Developer,Developer - Sr,Developer,4 - Senior
luisgm,Scrum Master,Scrum Master,Scrum Master,4 - Senior
luisgv,Developer,Developer - Mid,Developer,3 - Mid-Level
luishr,Project Manager,Project Manager,Project Manager,5 - Master / Manager
luism,Quality Analyst,QA - Sr,QA,4 - Senior
luisotavio,Developer,Developer - Mid,Developer,3 - Mid-Level
luisricardo,Developer,Developer - Jr,Developer,2 - Junior
luist,Software Architect,Software Architect - Sr,Software Architect,4 - Senior
luistp,Developer,Developer - Mid,Developer,3 - Mid-Level
luisv,Software Architect,Software Architect - Sr,Software Architect,4 - Senior
luisvs,Developer,Developer - Jr,Developer,2 - Junior
luiz.erthal,Data Developer,Data Developer - Sr,Data Developer,4 - Senior
luiz.junior,Developer,Developer - Sr,Developer,4 - Senior
luiz.pinto,Architecture Manager,Principal Architect,Principal Architect,6 - Master 2 / Senior Manager
luizaa,Developer,Developer - Mid,Developer,3 - Mid-Level
luizaza,UI Designer,UI Designer - Mid,UI Designer,3 - Mid-Level
luizbraga,Developer,Developer - Jr,Developer,2 - Junior
luizcb,Product Lead,UX Specialist - Sr,UX Specialist,4 - Senior
luizcs,Developer,Developer - Jr,Developer,2 - Junior
luizfilipy,Developer,Developer - Sr,Developer,4 - Senior
luizfj,Data Developer,Data Developer - Mid,Data Developer,3 - Mid-Level
luizfonseca,Developer,Developer - Mid,Developer,3 - Mid-Level
luizgd,Developer,Developer - Mid,Developer,3 - Mid-Level
luizgf,Developer,Intern,Intern,1 - Intern
luizgl,Developer,Developer - Sr,Developer,4 - Senior
luizhl,Product Development Manager,Product Manager,Product Manager,5 - Master / Manager
luizhm,Developer,Intern,Intern,1 - Intern
luizhn,UI Designer,UI Designer - Sr,UI Designer,4 - Senior
luizhs,Squad Leader,Squad Leader,Squad Leader,5 - Master / Manager
luizll,Developer,Developer - Mid,Developer,3 - Mid-Level
luizmc,Developer,Developer - Sr,Developer,4 - Senior
luizmedeira,Developer,Developer - Sr,Developer,4 - Senior
luizmf,Developer,Developer - Jr,Developer,2 - Junior
luizmiguel,Developer,Developer - Mid,Developer,3 - Mid-Level
luizmoura,Developer,Developer - Mid,Developer,3 - Mid-Level
luizms,Developer,Developer - Sr,Developer,4 - Senior
luiznj,Software Architect,Software Architect - Sr,Software Architect,4 - Senior
luizp,Developer,Developer - Sr,Developer,4 - Senior
luizpaino,Developer,Developer - Mid,Developer,3 - Mid-Level
luizpereira,Developer,Developer - Sr,Developer,4 - Senior
luizphilipe,Developer,Developer - Sr,Developer,4 - Senior
luizpm,Tester,QA - Sr,QA,4 - Senior
luizps,Developer,Developer - Sr,Developer,4 - Senior
luizr,Developer,Developer - Mid,Developer,3 - Mid-Level
luizs,Developer,Developer - Jr,Developer,2 - Junior
luizsimoes,Developer,Developer - Sr,Developer,4 - Senior
luiztp,Scrum Master,Scrum Master,Scrum Master,4 - Senior
luizvq,Developer,Developer - Mid,Developer,3 - Mid-Level
luizx,Developer,Intern,Intern,1 - Intern
luke.tuckey,Developer,Developer - Sr,Developer,4 - Senior
lunaw,Data Scientist,Data Scientist - Sr,Data Scientist,4 - Senior
luvianx,Project Manager,Project Manager,Project Manager,5 - Master / Manager
luz.rodriguez,Data Developer,Data Developer - Mid,Data Developer,3 - Mid-Level
lventura,Developer,Developer - Sr,Developer,4 - Senior
lviapiana,Tester,QA - Mid,QA,3 - Mid-Level
lvilela,Developer,Intern,Intern,1 - Intern
lvinicius,Developer,Intern,Intern,1 - Intern
lvitoria,Developer,Developer - Jr,Developer,2 - Junior
lwagner,Developer,Developer - Master,Developer,5 - Master / Manager
lyacarolina,Data Developer,Data Developer - Mid,Data Developer,3 - Mid-Level
lydiagarcia,Developer,Developer - Mid,Developer,3 - Mid-Level
lzanetta,Data & Analytics Specialist,Data Analyst - Mid,Data Analyst,3 - Mid-Level
mac.africano,Data Developer,Data Developer - Mid,Data Developer,3 - Mid-Level
macielg,Developer Master,Developer - Master,Developer,5 - Master / Manager
madanas,Tester,QA - Mid,QA,3 - Mid-Level
madsom,Squad Leader,Squad Leader,Squad Leader,5 - Master / Manager
maggiewang,Scrum Master,Scrum Master,Scrum Master,4 - Senior
maicol,Software Architect,Software Architect - Sr,Software Architect,4 - Senior
maicon,Developer,Developer - Sr,Developer,4 - Senior
maicon.domingues,Developer,Developer - Sr,Developer,4 - Senior
maicongabriel,Tester,QA - Sr,QA,4 - Senior
maiconrq,Developer,Developer - Mid,Developer,3 - Mid-Level
maikel,Software Architect,Software Architect - Sr,Software Architect,4 - Senior
maikes,Developer,Developer - Sr,Developer,4 - Senior
maikonp,Developer,Developer - Sr,Developer,4 - Senior
maira,UI Designer,UI Designer - Sr,UI Designer,4 - Senior
mairam,Support Analyst,Support Analyst - Jr,Support Analyst,2 - Junior
maironc,Software Architect,Software Architect - Sr,Software Architect,4 - Senior
maironf,Developer,Developer - Mid,Developer,3 - Mid-Level
maisapc,Business Analyst,Business Analyst - Sr,Business Analyst,4 - Senior
maison,Developer,Developer - Sr,Developer,4 - Senior
maiten,Tester,QA - Mid,QA,3 - Mid-Level
malbuquerque,Developer,Intern,Intern,1 - Intern
malcos,Data Developer,Data Developer - Sr,Data Developer,4 - Senior
mandolesi,Developer Master,Developer - Master,Developer,5 - Master / Manager
manfredi,Developer,Developer - Sr,Developer,4 - Senior
manhuax,Developer,Developer - Mid,Developer,3 - Mid-Level
manoelfm,Scrum Master,Scrum Master,Scrum Master,3 - Mid-Level
manoelgn,Tester,QA - Sr,QA,4 - Senior
manoeln,Developer,Developer - Mid,Developer,3 - Mid-Level
manuel.cifuentes,Developer,Developer - Mid,Developer,3 - Mid-Level
manuel.espitia,Data & Analytics Specialist,Data Analyst - Sr,Data Analyst,4 - Senior
manuel.mendez,Developer,Developer - Sr,Developer,4 - Senior
manuel.montiel,Developer,Developer - Sr,Developer,4 - Senior
manuel.verutti,Developer,Developer - Jr,Developer,2 - Junior
manuela.quiroz,Developer,Developer - Mid,Developer,3 - Mid-Level
manuelarosa,Product Designer,UI Designer - Sr,UI Designer,4 - Senior
manuelavm,Tester,QA - Mid,QA,3 - Mid-Level
maoxuan,Developer,Developer - Mid,Developer,3 - Mid-Level
maplexh,Developer,Developer - Jr,Developer,2 - Junior
marcel.falcao,Senior Manager,Senior Manager,Senior Manager,6 - Master 2 / Senior Manager
marcelaa,Business Analyst,Business Analyst - Sr,Business Analyst,4 - Senior
marcelab,Developer,Developer - Mid,Developer,3 - Mid-Level
marcelabr,UI Designer,UI Designer - Mid,UI Designer,3 - Mid-Level
marcelamf,Data Developer,Data Developer - Jr,Data Developer,2 - Junior
marcelasf,Developer,Developer - Mid,Developer,3 - Mid-Level
marcelbs,Developer,Developer - Mid,Developer,3 - Mid-Level
marcelinos,Process Analyst,Not Applicable,Not Applicable,4 - Senior
marcellos,Software Architect,Software Architect - Sr,Software Architect,4 - Senior
marcelo.abreu,Developer,Developer - Sr,Developer,4 - Senior
marcelo.angelo,Developer,Intern,Intern,1 - Intern
marcelo.bonfim,Systems Architect,Systems Architect,Systems Architect,5 - Master / Manager
marcelo.costa,Developer,Developer - Sr,Developer,4 - Senior
marcelo.furlan,Project Manager,Project Manager,Project Manager,5 - Master / Manager
marceloal,Developer,Developer - Mid,Developer,3 - Mid-Level
marcelobc,Data Developer,Data Developer - Sr,Data Developer,4 - Senior
marcelobj,Developer,Developer - Sr,Developer,4 - Senior
marcelobovo,Tester,QA - Mid,QA,3 - Mid-Level
marcelobraga,Support Analyst,Support Analyst - Mid,Support Analyst,3 - Mid-Level
marcelocavalcanti,Developer,Intern,Intern,1 - Intern
marcelochinalia,Developer,Developer - Sr,Developer,4 - Senior
marcelocurta,Systems Architect,Systems Architect,Systems Architect,5 - Master / Manager
marcelofb,Developer,Developer - Sr,Developer,4 - Senior
marcelog,Group Product Manager,Senior Manager,Senior Manager,6 - Master 2 / Senior Manager
marcelohb,Systems Architect,Systems Architect,Systems Architect,5 - Master / Manager
marcelolf,Senior Manager,Senior Manager,Senior Manager,6 - Master 2 / Senior Manager
marcelonm,Systems Architect,Systems Architect,Systems Architect,5 - Master / Manager
marcelopaz,Squad Leader,Squad Leader,Squad Leader,5 - Master / Manager
marcelopf,Systems Architect,Systems Architect,Systems Architect,5 - Master / Manager
marcelorossi,Developer Master,Developer - Master,Developer,5 - Master / Manager
marcelosb,Developer,Developer - Sr,Developer,4 - Senior
marcelotc,Developer,Developer - Sr,Developer,4 - Senior
marcelovf,Developer,Developer - Mid,Developer,3 - Mid-Level
marcelow,Project Manager,Project Manager,Project Manager,5 - Master / Manager
marceukim,Data Developer,Data Developer - Sr,Data Developer,4 - Senior
marcilenec,Senior Manager,Senior Manager,Senior Manager,6 - Master 2 / Senior Manager
marcio.barbosa,Developer,Developer - Sr,Developer,4 - Senior
marcio.moreira,Product Manager,Product Manager,Product Manager,5 - Master / Manager
marcio.passos,Developer,Developer - Sr,Developer,4 - Senior
marcio.trindade,Developer,Developer - Sr,Developer,4 - Senior
marciods,Squad Leader,Scrum Master,Scrum Master,4 - Senior
marciofv,Developer,Developer - Mid,Developer,3 - Mid-Level
marcioishida,Developer Master,Developer - Master,Developer,5 - Master / Manager
marcioj,Developer,Developer - Mid,Developer,3 - Mid-Level
marciojr,Data Scientist,Data Scientist - Sr,Data Scientist,4 - Senior
marciolc,Data Developer,Data Developer - Sr,Data Developer,4 - Senior
marcioos,Software Architect,Software Architect - Sr,Software Architect,4 - Senior
marciop,Developer,Developer - Sr,Developer,4 - Senior
marciorj,Developer,Developer - Jr,Developer,2 - Junior
marciosuda,Principal Software Developer,Developer - Master,Developer,6 - Master 2 / Senior Manager
marco.bordon,Senior Manager,Senior Manager,Senior Manager,6 - Master 2 / Senior Manager
marco.costa,Developer,Developer - Sr,Developer,4 - Senior
marco.filho,Developer,Developer - Sr,Developer,4 - Senior
marco.hernandez,Developer,Developer - Master,Developer,5 - Master / Manager
marco.souza,Developer,Developer - Sr,Developer,4 - Senior
marcoaj,Developer,Developer - Mid,Developer,3 - Mid-Level
marcoam,Developer,Intern,Intern,1 - Intern
marcoantonio,Squad Leader,Squad Leader,Squad Leader,5 - Master / Manager
marcods,Developer,Developer - Sr,Developer,4 - Senior
marcofb,Systems Architect,Systems Architect,Systems Architect,5 - Master / Manager
marcofr,Developer,Developer - Mid,Developer,3 - Mid-Level
marcofs,DevOps,Not Applicable,Not Applicable,3 - Mid-Level
marcolentz,Developer,Developer - Sr,Developer,4 - Senior
marconi,Tester,QA - Mid,QA,3 - Mid-Level
marcors,Tester,QA - Sr,QA,4 - Senior
marcos.aoki,Software Architect,Software Architect - Sr,Software Architect,4 - Senior
marcos.manrique,Quality Analyst,QA - Sr,QA,4 - Senior
marcos.marques,Systems Architect,Not Applicable,Not Applicable,6 - Master 2 / Senior Manager
marcos.muniz,Digital Strategist,Digital Strategist,Digital Strategist,5 - Master / Manager
marcos.oliveira,Software Architect,Software Architect - Sr,Software Architect,4 - Senior
marcos.peters,Developer,Developer - Sr,Developer,4 - Senior
marcos.santos,Systems Architect,Systems Architect,Systems Architect,5 - Master / Manager
marcosac,Developer,Developer - Mid,Developer,3 - Mid-Level
marcosat,Developer,Intern,Intern,1 - Intern
marcosbn,Developer,Developer - Sr,Developer,4 - Senior
marcoscc,Product Manager,Product Manager,Product Manager,5 - Master / Manager
marcosdj,Developer,Developer - Mid,Developer,3 - Mid-Level
marcosdp,Support Analyst,Support Analyst - Mid,Support Analyst,3 - Mid-Level
marcosdutra,Developer,Developer - Sr,Developer,4 - Senior
marcosfa,Developer,Developer - Sr,Developer,4 - Senior
marcosfelipe,Senior Manager,Senior Manager,Senior Manager,6 - Master 2 / Senior Manager
marcosfg,Developer,Developer - Sr,Developer,4 - Senior
marcosfj,Developer,Developer - Sr,Developer,4 - Senior
marcosgv,Developer,Developer - Mid,Developer,3 - Mid-Level
marcoslima,Developer,Developer - Mid,Developer,3 - Mid-Level
marcosmp,Developer,Developer - Sr,Developer,4 - Senior
marcosmr,Developer,Developer - Sr,Developer,4 - Senior
marcosoares,Developer Master,Developer - Master,Developer,5 - Master / Manager
marcosolegario,Developer,Developer - Mid,Developer,3 - Mid-Level
marcosos,Developer,Developer - Sr,Developer,4 - Senior
marcospan,Developer,Developer - Sr,Developer,4 - Senior
marcospf,Architecture Manager,Principal Architect,Principal Architect,6 - Master 2 / Senior Manager
marcospontes,Developer,Developer - Mid,Developer,3 - Mid-Level
marcosprea,Developer,Developer - Sr,Developer,4 - Senior
marcosrf,Data Developer,Data Developer - Mid,Data Developer,3 - Mid-Level
marcosrj,Software Architect,Software Architect - Sr,Software Architect,4 - Senior
marcosrm,Squad Leader,Squad Leader,Squad Leader,5 - Master / Manager
marcosrs,Developer,Developer - Mid,Developer,3 - Mid-Level
marcossantos,Tester,QA - Sr,QA,4 - Senior
marcossf,Developer Master,Developer - Master,Developer,5 - Master / Manager
marcossr,Developer,Developer - Sr,Developer,4 - Senior
marcosta,Developer Master,Developer - Master,Developer,5 - Master / Manager
marcostn,Developer,Developer - Sr,Developer,4 - Senior
marcosxp,Developer,Developer - Sr,Developer,4 - Senior
marcoz,Developer,Developer - Mid,Developer,3 - Mid-Level
marcus,Squad Leader,Squad Leader,Squad Leader,5 - Master / Manager
marcus.cezarotti,Tester,QA - Mid,QA,3 - Mid-Level
marcus.pinheiro,Data Architect,Not Applicable,Not Applicable,4 - Senior
marcusamendola,Product Designer Expert,UI Designer - Master,UI Designer,5 - Master / Manager
marcusbraga,Senior Data Architect,Not Applicable,Not Applicable,5 - Master / Manager
marcusbs,Data Developer Master,Data Developer - Master,Data Developer,5 - Master / Manager
marcusf,Developer,Intern,Intern,1 - Intern
marcusmoreira,Developer,Developer - Mid,Developer,3 - Mid-Level
marcusn,Developer,Intern,Intern,1 - Intern
marcusneri,Developer,Developer - Mid,Developer,3 - Mid-Level
marcusrios,Tester,QA - Sr,QA,4 - Senior
marcuss,Developer,Developer - Mid,Developer,3 - Mid-Level
marcustrummer,Developer,Developer - Mid,Developer,3 - Mid-Level
maria.alzate,Data Developer,Data Developer - Mid,Data Developer,3 - Mid-Level
maria.brum,Quality Analyst,QA - Sr,QA,4 - Senior
maria.helena,Product Manager-EMEA,UI Designer - Sr,UI Designer,4 - Senior
maria.jose,Tech Intern,Intern,Intern,1 - Intern
maria.medeiros,Tester,QA - Mid,QA,3 - Mid-Level
maria.moscoloni,Developer,Developer - Mid,Developer,3 - Mid-Level
maria.pimentel,Developer,Developer - Sr,Developer,4 - Senior
maria.sanchez,Quality Analyst,QA - Mid,QA,3 - Mid-Level
maria.vargas,Tech Intern,Intern,Intern,1 - Intern
mariaam,UX Designer,UX Specialist - Sr,UX Specialist,4 - Senior
mariab,Developer Master,Developer - Master,Developer,5 - Master / Manager
mariabarrera,Content Specialist,Not Applicable,Not Applicable,4 - Senior
mariac,Scrum Master,Scrum Master,Scrum Master,4 - Senior
mariacarolina,Developer,Developer - Jr,Developer,2 - Junior
mariaccm,UX Designer,UX Specialist - Mid,UX Specialist,3 - Mid-Level
mariacs,Developer,Developer - Sr,Developer,4 - Senior
mariadl,Developer,Developer - Jr,Developer,2 - Junior
mariaec,Developer,Developer - Mid,Developer,3 - Mid-Level
mariaeduarda,Systems Architect,Systems Architect,Systems Architect,5 - Master / Manager
mariaem,Developer,Developer - Mid,Developer,3 - Mid-Level
mariaesto,Developer,Developer - Mid,Developer,3 - Mid-Level
mariaf,Data Developer,Data Developer - Jr,Data Developer,2 - Junior
mariafb,Developer,Developer - Mid,Developer,3 - Mid-Level
mariahc,Developer,Developer - Jr,Developer,2 - Junior
mariajf,Software Architect,Software Architect - Sr,Software Architect,4 - Senior
mariajm,Developer,Developer - Jr,Developer,2 - Junior
marialuiza,Developer,Developer - Jr,Developer,2 - Junior
mariam,Developer,Intern,Intern,1 - Intern
mariamartins,Developer,Developer - Jr,Developer,2 - Junior
mariana.sanchez,Developer,Developer - Mid,Developer,3 - Mid-Level
marianaaf,Support Analyst,Support Analyst - Sr,Support Analyst,4 - Senior
marianaaraujo,Developer,Developer - Sr,Developer,4 - Senior
marianab,Data & Analytics Specialist,Data Analyst - Sr,Data Analyst,4 - Senior
marianacampos,Developer,Developer - Mid,Developer,3 - Mid-Level
marianacb,Developer,Developer - Mid,Developer,3 - Mid-Level
marianacosta,Developer,Developer - Mid,Developer,3 - Mid-Level
marianafm,Support Analyst,Support Analyst - Jr,Support Analyst,2 - Junior
marianagoncalves,Developer,Developer - Mid,Developer,3 - Mid-Level
marianagr,Developer,Developer - Mid,Developer,3 - Mid-Level
marianaleite,Project Manager,Project Manager,Project Manager,5 - Master / Manager
marianalj,Squad Leader,Scrum Master,Scrum Master,4 - Senior
marianals,Product Designer,UI Designer - Mid,UI Designer,3 - Mid-Level
marianam,Developer,Developer - Sr,Developer,4 - Senior
marianamh,Scrum Master,Scrum Master,Scrum Master,4 - Senior
marianaps,UX Designer,UX Specialist - Sr,UX Specialist,4 - Senior
marianarc,Developer,Developer - Sr,Developer,4 - Senior
marianart,Tester,QA - Mid,QA,3 - Mid-Level
marianas,Tester,QA - Sr,QA,4 - Senior
marianavieira,Developer,Developer - Mid,Developer,3 - Mid-Level
marianavs,Developer,Developer - Sr,Developer,4 - Senior
marianecm,Product Designer,UI Designer - Mid,UI Designer,3 - Mid-Level
marianefd,Developer,Developer - Jr,Developer,2 - Junior
mariaoc,Developer,Developer - Sr,Developer,4 - Senior
mariars,Developer,Intern,Intern,1 - Intern
mariawf,Developer,Developer - Mid,Developer,3 - Mid-Level
marieduarda,Developer,Developer - Mid,Developer,3 - Mid-Level
marieh,Project Manager,Project Manager,Project Manager,5 - Master / Manager
marielen.santos,Not Applicable,Not Applicable,Not Applicable,3 - Mid-Level
mariko.cristiana,Developer,Developer - Mid,Developer,3 - Mid-Level
marilicef,Business Analyst,Business Analyst - Mid,Business Analyst,3 - Mid-Level
marilisy,Tester Master,QA - Master,QA,5 - Master / Manager
marilu,Senior Manager,Senior Manager,Senior Manager,6 - Master 2 / Senior Manager
marilzons,Data Developer,Data Developer - Mid,Data Developer,3 - Mid-Level
marina.siqueira,Senior Manager,Senior Manager,Senior Manager,6 - Master 2 / Senior Manager
marinabalbo,Business Expert,Business Analyst - Sr,Business Analyst,5 - Master / Manager
marinacb,Developer,Developer - Mid,Developer,3 - Mid-Level
marinak,Squad Leader,Squad Leader,Squad Leader,5 - Master / Manager
marinaleite,Developer,Developer - Mid,Developer,3 - Mid-Level
marinalv,Data Developer,Data Developer - Sr,Data Developer,4 - Senior
marinass,Developer,Developer - Mid,Developer,3 - Mid-Level
marinasv,Developer,Developer - Mid,Developer,3 - Mid-Level
mario.garrido,Strategist Master,Not Applicable,Not Applicable,6 - Master 2 / Senior Manager
mario.zarandon,Product Owner,Not Applicable,Not Applicable,4 - Senior
marioarruda,Developer,Developer - Sr,Developer,4 - Senior
mariobenini,Data & Analytics Specialist,Data Analyst - Jr,Data Analyst,2 - Junior
mariof,Developer,Developer - Mid,Developer,3 - Mid-Level
mariog,Developer,Developer - Sr,Developer,4 - Senior
marioh,Developer,Developer - Mid,Developer,3 - Mid-Level
mariooddone,Software Architect,Software Architect - Mid,Software Architect,3 - Mid-Level
mariopr,Developer,Developer - Sr,Developer,4 - Senior
marioss,Developer,Developer - Sr,Developer,4 - Senior
marjoriec,Scrum Master,Scrum Master,Scrum Master,3 - Mid-Level
mark.mullins,Developer,Developer - Sr,Developer,4 - Senior
markgao,Software Architect,Software Architect - Sr,Software Architect,4 - Senior
marks,Associate Developer,Developer - Mid,Developer,3 - Mid-Level
markss,Developer,Developer - Mid,Developer,3 - Mid-Level
marla,Developer,Developer - Sr,Developer,4 - Senior
marlism,Developer,Developer - Mid,Developer,3 - Mid-Level
marlondc,Developer,Developer - Jr,Developer,2 - Junior
marlondias,Developer,Developer - Mid,Developer,3 - Mid-Level
marlonm,Developer,Developer - Sr,Developer,4 - Senior
marlonmafra,Developer Master,Developer - Master,Developer,5 - Master / Manager
marlonp,Systems Architect,Systems Architect,Systems Architect,5 - Master / Manager
marlonsilva,Developer,Intern,Intern,1 - Intern
marques,Developer,Developer - Sr,Developer,4 - Senior
marta.espana,Developer,Developer - Mid,Developer,3 - Mid-Level
martaas,Developer,Developer - Mid,Developer,3 - Mid-Level
martina.rodrigues,Tester,QA - Mid,QA,3 - Mid-Level
martinez,Architecture Manager,Principal Architect,Principal Architect,6 - Master 2 / Senior Manager
martinj,Scrum Master,Scrum Master,Scrum Master,4 - Senior
martinjaycyhalum,Developer,Developer - Sr,Developer,4 - Senior
martinsgabriel,Developer,Intern,Intern,1 - Intern
martinslucas,Developer,Developer - Sr,Developer,4 - Senior
maryannealice,Developer,Developer - Mid,Developer,3 - Mid-Level
mateo.arango,Data Developer,Data Developer - Mid,Data Developer,3 - Mid-Level
mateo.arcila,Quality Analyst,QA - Mid,QA,3 - Mid-Level
mateo.bustamante,Business Analyst,Business Analyst - Sr,Business Analyst,4 - Senior
mateo.ortiz,Quality Analyst,QA - Mid,QA,3 - Mid-Level
mateo.valencia,Developer,Developer - Sr,Developer,4 - Senior
mateus.araujo,Developer,Developer - Mid,Developer,3 - Mid-Level
mateus.dadalto,Developer,Developer - Master,Developer,5 - Master / Manager
mateus.santos,Developer,Developer - Sr,Developer,4 - Senior
mateus.siqueira,Developer,Intern,Intern,1 - Intern
mateusa,Developer,Intern,Intern,1 - Intern
mateusbastos,Developer,Developer - Mid,Developer,3 - Mid-Level
mateusds,Developer,Developer - Jr,Developer,2 - Junior
mateusgb,Squad Leader,Squad Leader,Squad Leader,5 - Master / Manager
mateushm,Developer,Developer - Jr,Developer,2 - Junior
mateushs,Software Architect,Software Architect - Sr,Software Architect,4 - Senior
mateusl,Software Architect,Software Architect - Sr,Software Architect,4 - Senior
mateusls,Developer,Developer - Mid,Developer,3 - Mid-Level
mateusp,Developer Master,Developer - Master,Developer,5 - Master / Manager
mateuspereira,Developer,Developer - Jr,Developer,2 - Junior
mateusr,Developer,Developer - Jr,Developer,2 - Junior
mateusrf,Tester,QA - Mid,QA,3 - Mid-Level
mateusrocha,Developer,Developer - Jr,Developer,2 - Junior
mateusrs,Developer,Developer - Mid,Developer,3 - Mid-Level
mateustd,Developer,Developer - Sr,Developer,4 - Senior
mateusuliana,Developer,Developer - Sr,Developer,4 - Senior
matheus.andrade,DevOps,Not Applicable,Not Applicable,4 - Senior
matheus.koiti,Developer,Developer - Sr,Developer,4 - Senior
matheus.lanna,Data & Analytics Specialist,Data Analyst - Sr,Data Analyst,4 - Senior
matheus.maciel,Developer,Developer - Mid,Developer,3 - Mid-Level
matheus.oliveira,Developer,Intern,Intern,1 - Intern
matheus.prado,Developer,Developer - Sr,Developer,4 - Senior
matheus.santos,Developer,Developer - Mid,Developer,3 - Mid-Level
matheus.silva,Developer,Developer - Sr,Developer,4 - Senior
matheus.victorino,Developer,Developer - Sr,Developer,4 - Senior
matheus.xavier,Systems Architect,Systems Architect,Systems Architect,5 - Master / Manager
matheus.zanfolin,Developer,Developer - Mid,Developer,3 - Mid-Level
matheus.zanoto,Developer Master,Developer - Master,Developer,5 - Master / Manager
matheusaleixo,Developer,Developer - Mid,Developer,3 - Mid-Level
matheusav,Developer,Developer - Mid,Developer,3 - Mid-Level
matheusbraz,Developer,Developer - Sr,Developer,4 - Senior
matheuscamillo,Developer,Developer - Jr,Developer,2 - Junior
matheuschaves,Developer,Developer - Mid,Developer,3 - Mid-Level
matheuscosta,Developer,Developer - Sr,Developer,4 - Senior
matheuscp,Support Analyst,Support Analyst - Jr,Support Analyst,2 - Junior
matheusdg,Developer,Developer - Mid,Developer,3 - Mid-Level
matheuselm,Developer,Developer - Mid,Developer,3 - Mid-Level
matheusfernandes,Developer,Developer - Mid,Developer,3 - Mid-Level
matheusfrancisco,Developer,Intern,Intern,1 - Intern
matheusfreire,Software Architect,Software Architect - Sr,Software Architect,4 - Senior
matheusfs,Developer,Developer - Mid,Developer,3 - Mid-Level
matheusfv,Tester,QA - Mid,QA,3 - Mid-Level
matheusgarcia,Data Developer,Data Developer - Mid,Data Developer,3 - Mid-Level
matheusgb,Data Scientist,Data Scientist - Sr,Data Scientist,4 - Senior
matheusgm,Developer,Developer - Sr,Developer,4 - Senior
matheusgs,Developer Master,Developer - Master,Developer,5 - Master / Manager
matheusguedes,Developer,Developer - Jr,Developer,2 - Junior
matheushd,Developer,Developer - Mid,Developer,3 - Mid-Level
matheushr,Developer,Developer - Sr,Developer,4 - Senior
matheusjc,Developer,Developer - Sr,Developer,4 - Senior
matheusjs,Developer,Developer - Mid,Developer,3 - Mid-Level
matheusk,Developer,Developer - Master,Developer,5 - Master / Manager
matheusl,Developer,Developer - Sr,Developer,4 - Senior
matheuslb,Developer,Intern,Intern,1 - Intern
matheuslf,Developer,Developer - Mid,Developer,3 - Mid-Level
matheuslima,Developer,Developer - Mid,Developer,3 - Mid-Level
matheusma,Developer Master,Developer - Master,Developer,5 - Master / Manager
matheusmd,Developer Master,Developer - Master,Developer,5 - Master / Manager
matheusmessias,Developer,Developer - Sr,Developer,4 - Senior
matheusmm,Software Architect,Software Architect - Sr,Software Architect,4 - Senior
matheusmoura,UI Designer,UI Designer - Sr,UI Designer,4 - Senior
matheusmp,Tester,QA - Mid,QA,3 - Mid-Level
matheusmv,Developer,Developer - Mid,Developer,3 - Mid-Level
matheuspc,Developer,Developer - Mid,Developer,3 - Mid-Level
matheuspina,Data Developer,Data Developer - Sr,Data Developer,4 - Senior
matheuspq,Developer,Intern,Intern,1 - Intern
matheusr,Developer,Developer - Sr,Developer,4 - Senior
matheusrm,Developer,Developer - Sr,Developer,4 - Senior
matheussales,Developer,Developer - Sr,Developer,4 - Senior
matheussaliba,Developer,Developer - Mid,Developer,3 - Mid-Level
matheussantos,Developer,Developer - Sr,Developer,4 - Senior
matheussm,Data Developer,Data Developer - Sr,Data Developer,4 - Senior
matheussp,Developer,Developer - Sr,Developer,4 - Senior
matheussr,Developer,Developer - Sr,Developer,4 - Senior
matheussv,Developer Master,Developer - Master,Developer,5 - Master / Manager
matheustc,Software Architect,Software Architect - Sr,Software Architect,4 - Senior
matheusvb,Systems Architect,Systems Architect,Systems Architect,5 - Master / Manager
matheusventurini,Data Developer,Data Developer - Sr,Data Developer,4 - Senior
matheusvss,Developer,Developer - Jr,Developer,2 - Junior
matheuswrda,Developer,Developer - Mid,Developer,3 - Mid-Level
mathewsbe,Developer,Developer - Mid,Developer,3 - Mid-Level
mathiass,Developer,Developer - Mid,Developer,3 - Mid-Level
matt.deegan,Senior Sales Director,Not Applicable,Not Applicable,6 - Master 2 / Senior Manager
mattheusms,Developer,Developer - Mid,Developer,3 - Mid-Level
matthew.palumbo,Developer,Developer - Sr,Developer,4 - Senior
maugusto,Architecture Manager,Principal Architect,Principal Architect,6 - Master 2 / Senior Manager
mauricio.fraga,Data Developer,Data Developer - Sr,Data Developer,4 - Senior
mauricio.gonzalez,Developer Master,Developer - Master,Developer,5 - Master / Manager
mauricio.pasquotto,Developer,Developer - Sr,Developer,4 - Senior
mauricio.sanchez,Developer,Developer - Sr,Developer,4 - Senior
mauricioac,Developer,Developer - Sr,Developer,4 - Senior
mauricioalves,Developer,Developer - Sr,Developer,4 - Senior
mauriciocb,Developer,Developer - Sr,Developer,4 - Senior
mauriciogomes,Developer,Developer - Mid,Developer,3 - Mid-Level
mauriciogs,Developer,Developer - Mid,Developer,3 - Mid-Level
mauriciol,Architecture Manager,Principal Architect,Principal Architect,6 - Master 2 / Senior Manager
mauricioleite,Developer,Developer - Mid,Developer,3 - Mid-Level
mauriciom,Developer,Developer - Jr,Developer,2 - Junior
mauricioms,Squad Leader,Squad Leader,Squad Leader,5 - Master / Manager
mauricionl,Product Designer,UI Designer - Sr,UI Designer,4 - Senior
mauriciov,Technical Leader,Not Applicable,Not Applicable,5 - Master / Manager
mauriciovs,Developer,Developer - Sr,Developer,4 - Senior
maurodiniz,Developer,Developer - Mid,Developer,3 - Mid-Level
mauroj,Data Developer,Data Developer - Mid,Data Developer,3 - Mid-Level
mauron,Product Manager,Product Manager,Product Manager,5 - Master / Manager
maurotf,Architecture Manager,Principal Architect,Principal Architect,6 - Master 2 / Senior Manager
mayah,Developer,Developer - Mid,Developer,3 - Mid-Level
mayarac,Developer,Intern,Intern,1 - Intern
mayaragarcia,Squad Leader,Squad Leader,Squad Leader,5 - Master / Manager
mayaral,Data Developer,Data Developer - Mid,Data Developer,3 - Mid-Level
mayaram,Developer,Developer - Mid,Developer,3 - Mid-Level
mayaramb,Developer,Developer - Jr,Developer,2 - Junior
mayarayonemura,Data & Analytics Specialist,Data Analyst - Master,Data Analyst,5 - Master / Manager
maycon.santos,Squad Leader,Scrum Master,Scrum Master,4 - Senior
mayconaquino,Developer,Developer - Jr,Developer,2 - Junior
mayconc,Developer,Developer - Sr,Developer,4 - Senior
mayconcarvalho,Developer,Developer - Mid,Developer,3 - Mid-Level
maycson,Architecture Manager,Principal Architect,Principal Architect,6 - Master 2 / Senior Manager
maykonn.candido,Systems Architect,Systems Architect,Systems Architect,5 - Master / Manager
mayraanjolette,Squad Leader,Squad Leader,Squad Leader,5 - Master / Manager
mayramc,Tester,QA - Jr,QA,2 - Junior
maysa,Software Architect,Software Architect - Sr,Software Architect,4 - Senior
mbarros,Tester,QA - Sr,QA,4 - Senior
mbelli,UI Expert,UI Designer - Master,UI Designer,5 - Master / Manager
mbeneti,Developer,Developer - Jr,Developer,2 - Junior
mbento,Senior Manager,Senior Manager,Senior Manager,6 - Master 2 / Senior Manager
mbianchini,Developer,Developer - Mid,Developer,3 - Mid-Level
mbiazzi,Developer,Developer - Mid,Developer,3 - Mid-Level
mbispo,Product Manager,Product Manager,Product Manager,5 - Master / Manager
mboiago,Senior Manager,Senior Manager,Senior Manager,6 - Master 2 / Senior Manager
mbonet,Developer,Developer - Sr,Developer,4 - Senior
mbortolini,Squad Leader,Scrum Master,Scrum Master,4 - Senior
mbrasil,Developer Master,Developer - Master,Developer,5 - Master / Manager
mbrussolo,Squad Leader,Squad Leader,Squad Leader,5 - Master / Manager
mbuchalowicz,Developer,Developer - Jr,Developer,2 - Junior
mcalisto,Developer,Developer - Mid,Developer,3 - Mid-Level
mcanton,Business Analyst,Business Analyst - Sr,Business Analyst,4 - Senior
mcardozo,Developer,Developer - Sr,Developer,4 - Senior
mcastelhano,Data Developer,Data Developer - Mid,Data Developer,3 - Mid-Level
mcavalcanti,Support Analyst,Support Analyst - Sr,Support Analyst,4 - Senior
mceleguim,Squad Leader,Squad Leader,Squad Leader,5 - Master / Manager
mcesar,Product Development Manager,Product Manager,Product Manager,5 - Master / Manager
mchiaretto,Tester,QA - Sr,QA,4 - Senior
mcidrao,Developer,Developer - Sr,Developer,4 - Senior
mclemente,Developer Master,Developer - Master,Developer,5 - Master / Manager
mcoliveira,Scrum Master,Scrum Master,Scrum Master,4 - Senior
mcrispim,Data & Analytics Specialist,Data Analyst - Sr,Data Analyst,4 - Senior
mcrosciati,Developer,Intern,Intern,1 - Intern
mcutri,Tester,QA - Mid,QA,3 - Mid-Level
mdamasceno,Developer,Developer - Jr,Developer,2 - Junior
mdaniel,Developer,Developer - Sr,Developer,4 - Senior
mdeotti,Software Architect,Software Architect - Sr,Software Architect,4 - Senior
mdomenes,Senior Manager,Senior Manager,Senior Manager,6 - Master 2 / Senior Manager
mdozzi,Data Developer,Data Developer - Sr,Data Developer,4 - Senior
mduarte,Scrum Master,Scrum Master,Scrum Master,3 - Mid-Level
mdutra,Software Architect,Software Architect - Sr,Software Architect,4 - Senior
melchiadesn,Developer,Developer - Mid,Developer,3 - Mid-Level
melisa.torres,UX/UI Designer,UI Designer - Jr,UI Designer,2 - Junior
melissa.yakinian,Product Designer Expert,UI Designer - Master,UI Designer,5 - Master / Manager
melissap,Developer,Developer - Jr,Developer,2 - Junior
melissatk,Scrum Master,Scrum Master,Scrum Master,4 - Senior
merciam,Developer,Developer - Mid,Developer,3 - Mid-Level
merinl,Developer,Developer - Jr,Developer,2 - Junior
mewm,Tester,QA - Jr,QA,2 - Junior
meyerz,Developer,Developer - Mid,Developer,3 - Mid-Level
mfadel,Developer,Developer - Jr,Developer,2 - Junior
mfazian,Senior Manager,Senior Manager,Senior Manager,6 - Master 2 / Senior Manager
mfeitosa,Developer,Developer - Mid,Developer,3 - Mid-Level
mfeles,Developer,Developer - Sr,Developer,4 - Senior
mfirmino,Developer,Developer - Mid,Developer,3 - Mid-Level
mfranca,Developer,Developer - Sr,Developer,4 - Senior
mfrugaletti,Strategist,Digital Strategist,Digital Strategist,4 - Senior
mfujiki,Squad Leader,Scrum Master,Scrum Master,4 - Senior
mfurlanetto,DevOps,Not Applicable,Not Applicable,4 - Senior
mgabbai,Developer,Developer - Sr,Developer,4 - Senior
mgadelha,Developer,Developer - Sr,Developer,4 - Senior
mgasparotto,Developer,Developer - Mid,Developer,3 - Mid-Level
mgentil,Developer Master,Developer - Master,Developer,5 - Master / Manager
mgerhard,Developer,Developer - Sr,Developer,4 - Senior
mgianotti,Developer,Developer - Sr,Developer,4 - Senior
mgonsalves,Developer,Developer - Sr,Developer,4 - Senior
mgorino,Senior Digital Strategist,Senior Digital Strategist,Senior Digital Strategist,6 - Master 2 / Senior Manager
mgoto,Developer,Developer - Sr,Developer,4 - Senior
mgovea,Developer,Developer - Sr,Developer,4 - Senior
mgrasieli,Developer,Developer - Mid,Developer,3 - Mid-Level
mguimaraes,Developer,Developer - Jr,Developer,2 - Junior
mhamada,UX Designer,UX Specialist - Sr,UX Specialist,4 - Senior
mhammes,Developer,Intern,Intern,1 - Intern
mhayashi,Tester,QA - Mid,QA,3 - Mid-Level
mhelena,Product Designer,UI Designer - Jr,UI Designer,2 - Junior
mhernandez,Developer,Developer - Sr,Developer,4 - Senior
mhiroshi,Tester,QA - Mid,QA,3 - Mid-Level
miac,Support Analyst,Support Analyst - Mid,Support Analyst,3 - Mid-Level
miaz,Scrum Master,Scrum Master,Scrum Master,4 - Senior
micaelass,Developer,Developer - Mid,Developer,3 - Mid-Level
micaelikt,Developer,Developer - Sr,Developer,4 - Senior
michael,Developer,Developer - Sr,Developer,4 - Senior
michael.idarraga,Tech Intern,Intern,Intern,1 - Intern
michaelb,Developer,Developer - Sr,Developer,4 - Senior
michaeldf,Developer,Developer - Mid,Developer,3 - Mid-Level
michaelp,Architecture Manager,Principal Architect,Principal Architect,6 - Master 2 / Senior Manager
michaelrenechua,Developer,Developer - Sr,Developer,4 - Senior
michaels,Senior Data & Analytics Manager,Senior Manager,Senior Manager,6 - Master 2 / Senior Manager
michaelw,Squad Leader,Squad Leader,Squad Leader,5 - Master / Manager
michelb,Systems Architect,Systems Architect,Systems Architect,5 - Master / Manager
michelec,Developer,Developer - Jr,Developer,2 - Junior
michelesc,Squad Leader,Scrum Master,Scrum Master,4 - Senior
michelgs,Data Developer,Data Developer - Mid,Data Developer,3 - Mid-Level
michelle.bassani,Squad Leader,Squad Leader,Squad Leader,5 - Master / Manager
michelle.silva,Tester,QA - Sr,QA,4 - Senior
michellealves,Business Analyst,Business Analyst - Sr,Business Analyst,4 - Senior
michellec,Scrum Master,Scrum Master,Scrum Master,4 - Senior
mickael,Developer,Developer - Mid,Developer,3 - Mid-Level
miguel.figueroa,Developer,Developer - Mid,Developer,3 - Mid-Level
miguel.mejia,Quality Analyst,QA - Sr,QA,4 - Senior
miguel.pereira,Data Scientist,Data Scientist - Sr,Data Scientist,4 - Senior
miguel.zapata,Developer,Developer - Mid,Developer,3 - Mid-Level
miguelg,Developer,Developer - Jr,Developer,2 - Junior
miguelmilan,Tester,QA - Mid,QA,3 - Mid-Level
miguels,Tester,QA - Sr,QA,4 - Senior
miguelsn,Developer,Developer - Sr,Developer,4 - Senior
mikaylaz,Tester,QA - Jr,QA,2 - Junior
mike.dobb,Software Architect,Software Architect - Sr,Software Architect,4 - Senior
mike.rizzo,Senior Manager,Senior Manager,Senior Manager,6 - Master 2 / Senior Manager
milena.araujo,Developer,Developer - Mid,Developer,3 - Mid-Level
milenabm,Developer,Intern,Intern,1 - Intern
milenaf,Developer,Developer - Mid,Developer,3 - Mid-Level
milenaps,Developer,Developer - Jr,Developer,2 - Junior
milenebc,Developer Master,Developer - Master,Developer,5 - Master / Manager
milesl,Developer,Developer - Jr,Developer,2 - Junior
milton.abdon,Software Architect,Software Architect - Sr,Software Architect,4 - Senior
milton.gomes,Developer,Developer - Sr,Developer,4 - Senior
miltoncr,Developer,Developer - Sr,Developer,4 - Senior
miltonpf,Developer,Developer - Jr,Developer,2 - Junior
mindywang,Developer,Developer - Mid,Developer,3 - Mid-Level
mingweil,Developer,Developer - Jr,Developer,2 - Junior
mintw,Support Analyst,Support Analyst - Jr,Support Analyst,2 - Junior
miqueias,Developer,Intern,Intern,1 - Intern
miran,Developer,Developer - Mid,Developer,3 - Mid-Level
mirellaa,Tester,QA - Mid,QA,3 - Mid-Level
mirellas,Data Developer,Data Developer - Mid,Data Developer,3 - Mid-Level
mirian.cavalheiro,Squad Leader,Squad Leader,Squad Leader,5 - Master / Manager
miriang,Tester,QA - Sr,QA,4 - Senior
mitchotani,Tester,QA - Sr,QA,4 - Senior
mjacob,Project Manager,Project Manager,Project Manager,5 - Master / Manager
mjegirlana,Tester,QA - Mid,QA,3 - Mid-Level
mjesus,Developer,Developer - Mid,Developer,3 - Mid-Level
mkherlakian,Developer,Developer - Mid,Developer,3 - Mid-Level
mkostenko,Developer,Intern,Intern,1 - Intern
mlaura,Scrum Master,Scrum Master,Scrum Master,4 - Senior
mlemos,Data & Analytics Specialist Master,Data Analyst - Master,Data Analyst,5 - Master / Manager
mleon,Developer,Developer - Sr,Developer,4 - Senior
mlewartoski,Developer,Developer - Jr,Developer,2 - Junior
mlins,Developer,Intern,Intern,1 - Intern
mlott,Developer,Developer - Sr,Developer,4 - Senior
mlouback,Product Owner,Business Analyst - Sr,Business Analyst,4 - Senior
mluciana,Tester,QA - Jr,QA,2 - Junior
mluna,Product Manager,Product Manager,Product Manager,5 - Master / Manager
mlusia,Tester,QA - Mid,QA,3 - Mid-Level
mluzzi,Developer,Developer - Jr,Developer,2 - Junior
mmacena,Developer,Developer - Jr,Developer,2 - Junior
mmagalhaes,Software Architect,Software Architect - Sr,Software Architect,4 - Senior
mmaia,Software Architect,Software Architect - Sr,Software Architect,4 - Senior
mmaioli,Developer,Intern,Intern,1 - Intern
mmancan,Developer,Developer - Mid,Developer,3 - Mid-Level
mmanzoli,Developer,Developer - Sr,Developer,4 - Senior
mmarchesoni,Scrum Master,Scrum Master,Scrum Master,4 - Senior
mmarchi,Developer,Developer - Mid,Developer,3 - Mid-Level
mmarinho,Developer,Developer - Jr,Developer,2 - Junior
mmarques,Data & Analytics Specialist,Data Analyst - Mid,Data Analyst,3 - Mid-Level
mmarqui,Developer,Developer - Sr,Developer,4 - Senior
mmarrafon,Data & Analytics Specialist,Data Analyst - Sr,Data Analyst,4 - Senior
mmarteli,Tester Master,QA - Master,QA,5 - Master / Manager
mmatoso,Developer,Developer - Mid,Developer,3 - Mid-Level
mmatsuo,Project Manager,Project Manager,Project Manager,5 - Master / Manager
mmazzocco,Developer Master,Developer - Master,Developer,5 - Master / Manager
mmedice,Systems Architect,Systems Architect,Systems Architect,5 - Master / Manager
mmejias,Data Developer,Data Developer - Sr,Data Developer,4 - Senior
mmelquiades,Data & Analytics Specialist Master,Data Analyst - Master,Data Analyst,5 - Master / Manager
mmendonca,Developer,Developer - Sr,Developer,4 - Senior
mmeneguin,Data Developer,Data Developer - Sr,Data Developer,4 - Senior
mmilani,Tester,QA - Sr,QA,4 - Senior
mminatel,Squad Leader,Squad Leader,Squad Leader,5 - Master / Manager
mmisumi,Squad Leader,Squad Leader,Squad Leader,5 - Master / Manager
mmodanez,Developer,Developer - Mid,Developer,3 - Mid-Level
mmolinari,Developer,Developer - Jr,Developer,2 - Junior
mmonsanto,Tester,QA - Sr,QA,4 - Senior
mmonteiro,Software Architect,Software Architect - Sr,Software Architect,4 - Senior
mmoreno,Developer,Developer - Jr,Developer,2 - Junior
mmotta,Developer,Developer - Mid,Developer,3 - Mid-Level
mnakashima,Developer,Developer - Sr,Developer,4 - Senior
mnavarro,Squad Leader,Scrum Master,Scrum Master,4 - Senior
mnishida,Systems Architect,Systems Architect,Systems Architect,5 - Master / Manager
mnovaes,Data Developer,Data Developer - Jr,Data Developer,2 - Junior
mnunes,Developer,Developer - Sr,Developer,4 - Senior
mohamadg,DevOps,Not Applicable,Not Applicable,4 - Senior
mohita,Developer,Developer - Sr,Developer,4 - Senior
moises,Squad Leader,Squad Leader,Squad Leader,5 - Master / Manager
moisesd,Developer,Developer - Jr,Developer,2 - Junior
moisesfs,Developer,Developer - Mid,Developer,3 - Mid-Level
monica.munoz,Squad Leader,Scrum Master,Scrum Master,4 - Senior
monicafs,Tester,QA - Sr,QA,4 - Senior
monicagalan,Squad Leader,Scrum Master,Scrum Master,4 - Senior
monicamendes,Developer,Developer - Mid,Developer,3 - Mid-Level
monicaokada,Data Developer,Data Developer - Jr,Data Developer,2 - Junior
monicat,Tester,QA - Mid,QA,3 - Mid-Level
monisej,Developer,Developer - Jr,Developer,2 - Junior
monizenitoli,Senior Manager,Senior Manager,Senior Manager,6 - Master 2 / Senior Manager
monkeyl,Data Developer,Data Developer - Sr,Data Developer,4 - Senior
morelli,Tester,QA - Sr,QA,4 - Senior
moreton,Developer,Developer - Sr,Developer,4 - Senior
moryta,Developer,Developer - Sr,Developer,4 - Senior
mostafa.moselhy,UI Designer,UI Designer - Sr,UI Designer,4 - Senior
moura,Developer,Developer - Sr,Developer,4 - Senior
mpaglia,Developer,Developer - Sr,Developer,4 - Senior
mpasquini,Developer Master,Developer - Master,Developer,5 - Master / Manager
mpatriota,Developer Master,Developer - Master,Developer,5 - Master / Manager
mpaulo,Developer,Developer - Mid,Developer,3 - Mid-Level
mpedroni,Data Developer,Data Developer - Sr,Data Developer,4 - Senior
mpeixoto,Tester,QA - Jr,QA,2 - Junior
mpicoloto,Developer,Developer - Sr,Developer,4 - Senior
mpieroni,Tester,QA - Sr,QA,4 - Senior
mpinna,Digital Strategist,Digital Strategist,Digital Strategist,5 - Master / Manager
mportocarrero,Developer,Developer - Sr,Developer,4 - Senior
mprado,Software Architect,Software Architect - Sr,Software Architect,4 - Senior
mprevide,Technical Leader,Not Applicable,Not Applicable,5 - Master / Manager
mpriori,Developer,Developer - Mid,Developer,3 - Mid-Level
mpulcinelli,Architecture Manager,Principal Architect,Principal Architect,6 - Master 2 / Senior Manager
mquezado,Developer,Developer - Mid,Developer,3 - Mid-Level
mquirino,Developer,Developer - Sr,Developer,4 - Senior
mrafael,Data Scientist,Data Scientist - Sr,Data Scientist,4 - Senior
mramirez,Squad Leader,Squad Leader,Squad Leader,5 - Master / Manager
mrampim,Developer,Developer - Jr,Developer,2 - Junior
mrapatoni,Tester,QA - Mid,QA,3 - Mid-Level
mrenzano,Data Developer,Data Developer - Jr,Data Developer,2 - Junior
mried,UX Expert,UX Specialist - Master,UX Specialist,5 - Master / Manager
mrios,Software Architect,Software Architect - Sr,Software Architect,4 - Senior
mrivarola,Scrum Master,Scrum Master,Scrum Master,4 - Senior
mroberto,Developer,Intern,Intern,1 - Intern
mrobertson,Developer,Developer - Jr,Developer,2 - Junior
mrosato,Squad Leader,Squad Leader,Squad Leader,5 - Master / Manager
msalomao,Developer,Intern,Intern,1 - Intern
msanchez,Developer,Developer - Mid,Developer,3 - Mid-Level
msantana,Squad Leader,Scrum Master,Scrum Master,4 - Senior
msantiago,Developer,Intern,Intern,1 - Intern
msantini,Developer,Developer - Sr,Developer,4 - Senior
mscavasse,Squad Leader,Squad Leader,Squad Leader,5 - Master / Manager
msgavioli,Squad Leader,Squad Leader,Squad Leader,5 - Master / Manager
mshen,Developer,Developer - Mid,Developer,3 - Mid-Level
mshinozaki,Developer Master,Developer - Master,Developer,5 - Master / Manager
msilvestri,Developer,Intern,Intern,1 - Intern
msimao,Data Developer,Data Developer - Mid,Data Developer,3 - Mid-Level
msitoni,Developer,Developer - Sr,Developer,4 - Senior
msoares,Developer,Developer - Mid,Developer,3 - Mid-Level
msobral,Data & Analytics Specialist Master,Data Analyst - Master,Data Analyst,5 - Master / Manager
msomenzi,Developer,Developer - Mid,Developer,3 - Mid-Level
mspina,Tester,QA - Sr,QA,4 - Senior
mtamara,UX Designer,UX Specialist - Sr,UX Specialist,4 - Senior
mtaylor,Tester,QA - Mid,QA,3 - Mid-Level
mtedesco,Developer,Developer - Sr,Developer,4 - Senior
mteixeira,Developer,Developer - Mid,Developer,3 - Mid-Level
mteles,Developer,Developer - Sr,Developer,4 - Senior
mtetzner,Developer,Developer - Sr,Developer,4 - Senior
mthurler,DevOps,Not Applicable,Not Applicable,3 - Mid-Level
mtomazella,Developer,Developer - Mid,Developer,3 - Mid-Level
mtrindade,Developer,Intern,Intern,1 - Intern
mtrotti,Senior Manager,Senior Manager,Senior Manager,6 - Master 2 / Senior Manager
mullerg,Developer Master,Developer - Master,Developer,5 - Master / Manager
murillobr,Developer,Developer - Sr,Developer,4 - Senior
murillot,Tester,QA - Mid,QA,3 - Mid-Level
murilloz,Project Manager,Project Manager,Project Manager,5 - Master / Manager
murilo.paula,Developer,Developer - Mid,Developer,3 - Mid-Level
murilo.silva,Scrum Master,Scrum Master,Scrum Master,4 - Senior
murilog,Principal Software Developer,Developer - Master,Developer,6 - Master 2 / Senior Manager
murilom,Developer,Developer - Sr,Developer,4 - Senior
muriloms,Support Analyst,Support Analyst - Jr,Support Analyst,2 - Junior
murilooliveira,Developer,Developer - Sr,Developer,4 - Senior
murilop,Systems Architect,Systems Architect,Systems Architect,5 - Master / Manager
murilopc,Systems Architect,Systems Architect,Systems Architect,5 - Master / Manager
murilosg,Developer,Developer - Sr,Developer,4 - Senior
murphy,Developer,Developer - Jr,Developer,2 - Junior
mvalente,Product Owner,Business Analyst - Sr,Business Analyst,4 - Senior
mvalle,Developer,Developer - Mid,Developer,3 - Mid-Level
mvallejos,Developer,Developer - Jr,Developer,2 - Junior
mvassoler,Developer,Developer - Mid,Developer,3 - Mid-Level
mveloso,Developer,Developer - Mid,Developer,3 - Mid-Level
mvictoria,Developer,Developer - Sr,Developer,4 - Senior
mvrasack,Tester,QA - Sr,QA,4 - Senior
myers.chattertonsim,Product Director-EMEA,Product Manager,Product Manager,5 - Master / Manager
mylenasn,Squad Leader,Squad Leader,Squad Leader,5 - Master / Manager
myrelib,Systems Architect,Systems Architect,Systems Architect,5 - Master / Manager
nahima,Product Manager,Product Manager,Product Manager,5 - Master / Manager
nailac,Senior Digital Strategist,Senior Digital Strategist,Senior Digital Strategist,6 - Master 2 / Senior Manager
nancyl,Developer,Developer - Jr,Developer,2 - Junior
nancywu,Developer,Developer - Sr,Developer,4 - Senior
nashz,Developer,Developer - Mid,Developer,3 - Mid-Level
nastassja,Scrum Master,Scrum Master,Scrum Master,4 - Senior
natabl,Developer,Developer - Sr,Developer,4 - Senior
natacha,Data & Analytics Leader,Data Analyst - Sr,Data Analyst,4 - Senior
natali,Developer,Developer - Sr,Developer,4 - Senior
natalia,Senior Manager,Senior Manager,Senior Manager,6 - Master 2 / Senior Manager
natalia.viafara,Data Developer,Data Developer - Mid,Data Developer,3 - Mid-Level
nataliaavila,Developer,Developer - Sr,Developer,4 - Senior
nataliabp,Developer,Intern,Intern,1 - Intern
nataliac,Developer,Developer - Sr,Developer,4 - Senior
nataliad,Support Analyst,Support Analyst - Jr,Support Analyst,2 - Junior
nataliaferraz,Developer,Developer - Mid,Developer,3 - Mid-Level
nataliajulieta,Developer,Developer - Sr,Developer,4 - Senior
nataliasilva,Tester,QA - Mid,QA,3 - Mid-Level
nataliegdm,Developer,Developer - Jr,Developer,2 - Junior
natalim,Tester,QA - Mid,QA,3 - Mid-Level
natalysantos,Product Owner,Business Analyst - Sr,Business Analyst,4 - Senior
natan.barbosa,Developer,Developer - Mid,Developer,3 - Mid-Level
natan.laverde,Developer,Developer - Sr,Developer,4 - Senior
natanaelp,Scrum Master,Scrum Master,Scrum Master,4 - Senior
natanaelsilva,Developer,Developer - Sr,Developer,4 - Senior
natane,Developer,Developer - Mid,Developer,3 - Mid-Level
natanjonas,Product Manager,Product Manager,Product Manager,5 - Master / Manager
natashac,Developer,Developer - Mid,Developer,3 - Mid-Level
natashaf,UI Designer,UI Designer - Mid,UI Designer,3 - Mid-Level
natassja,Developer,Developer - Mid,Developer,3 - Mid-Level
nathalia.adam,Squad Leader,Squad Leader,Squad Leader,5 - Master / Manager
nathalia.baltieri,Tester,QA - Sr,QA,4 - Senior
nathaliab,Developer,Developer - Mid,Developer,3 - Mid-Level
nathaliacs,Tester,QA - Mid,QA,3 - Mid-Level
nathaliafa,Developer,Developer - Jr,Developer,2 - Junior
nathaliancg,Developer,Developer - Jr,Developer,2 - Junior
nathalias,Data Developer,Data Developer - Mid,Data Developer,3 - Mid-Level
nathalie.barreto,Content Specialist,Not Applicable,Not Applicable,3 - Mid-Level
nathalyal,DevOps,Not Applicable,Not Applicable,3 - Mid-Level
nathalyvg,Developer,Developer - Mid,Developer,3 - Mid-Level
nathan.kopp,Senior Product Designer,UX Specialist - Sr,UX Specialist,4 - Senior
nathana,Developer,Developer - Mid,Developer,3 - Mid-Level
nathanaks,Developer,Developer - Jr,Developer,2 - Junior
nathanc,Data Developer,Data Developer - Sr,Data Developer,4 - Senior
nathann,Developer,Developer - Mid,Developer,3 - Mid-Level
nathanp,Senior Manager,Senior Manager,Senior Manager,6 - Master 2 / Senior Manager
nauan,Developer,Developer - Mid,Developer,3 - Mid-Level
navyc,Tester,QA - Mid,QA,3 - Mid-Level
nayarab,Developer,Developer - Sr,Developer,4 - Senior
nayarac,Tester,QA - Sr,QA,4 - Senior
nayarag,Squad Leader,Scrum Master,Scrum Master,4 - Senior
nayaral,Developer,Developer - Mid,Developer,3 - Mid-Level
nbalbino,Data Developer,Data Developer - Sr,Data Developer,4 - Senior
nbatista,Developer,Developer - Jr,Developer,2 - Junior
nbauer,Tester,QA - Mid,QA,3 - Mid-Level
nborges,Developer,Developer - Mid,Developer,3 - Mid-Level
nbortoluzzi,Tester,QA - Mid,QA,3 - Mid-Level
nbouhid,Architecture Manager,Principal Architect,Principal Architect,6 - Master 2 / Senior Manager
ncesario,Data & Analytics Specialist,Data Analyst - Mid,Data Analyst,3 - Mid-Level
nchinaglia,Developer,Developer - Mid,Developer,3 - Mid-Level
ncypriano,Developer,Developer - Mid,Developer,3 - Mid-Level
neemiasb,Data Scientist Master,Data Scientist - Master,Data Scientist,5 - Master / Manager
neeta,Scrum Master,Scrum Master,Scrum Master,4 - Senior
neiljohn,Developer,Developer - Mid,Developer,3 - Mid-Level
neilton,Developer,Developer - Sr,Developer,4 - Senior
neivaxavier,Tester,QA - Mid,QA,3 - Mid-Level
nelly.linares,Developer,Developer - Sr,Developer,4 - Senior
nelson.lisboa,Developer,Developer - Sr,Developer,4 - Senior
nelsonrf,Developer,Developer - Mid,Developer,3 - Mid-Level
neoy,Support Analyst,Support Analyst - Jr,Support Analyst,2 - Junior
neviton,Developer Master,Developer - Master,Developer,5 - Master / Manager
nferreira,Developer,Developer - Sr,Developer,4 - Senior
nfontanez,Developer,Developer - Mid,Developer,3 - Mid-Level
ngalli,Developer,Developer - Mid,Developer,3 - Mid-Level
ngeorgeos,Developer,Developer - Mid,Developer,3 - Mid-Level
nhian,Scrum Master,Scrum Master,Scrum Master,3 - Mid-Level
nicholass,Developer,Developer - Mid,Developer,3 - Mid-Level
nickolasn,Developer,Intern,Intern,1 - Intern
nicolas.alencar,Developer,Developer - Jr,Developer,2 - Junior
nicolas.henriques,Not Applicable,Not Applicable,Not Applicable,6 - Master 2 / Senior Manager
nicolas.santos,Developer,Developer - Sr,Developer,4 - Senior
nicolasassis,Developer,Developer - Jr,Developer,2 - Junior
nicolascouto,Developer,Developer - Mid,Developer,3 - Mid-Level
nicolaseinstein,Support Analyst,Support Analyst - Jr,Support Analyst,2 - Junior
nicolast,Developer,Developer - Mid,Developer,3 - Mid-Level
nicolasvs,Developer,Developer - Mid,Developer,3 - Mid-Level
nicolecb,Developer,Developer - Sr,Developer,4 - Senior
nicoleg,Developer,Developer - Jr,Developer,2 - Junior
nicolems,Developer,Developer - Mid,Developer,3 - Mid-Level
nicolyf,Developer,Developer - Mid,Developer,3 - Mid-Level
nidelson.gimenez,Systems Architect,Systems Architect,Systems Architect,5 - Master / Manager
nikolass,Developer,Developer - Mid,Developer,3 - Mid-Level
nilsonj,Systems Architect,Systems Architect,Systems Architect,5 - Master / Manager
nilsonp,Data Developer,Data Developer - Sr,Data Developer,4 - Senior
niltoncezar,Developer,Developer - Mid,Developer,3 - Mid-Level
nlois,Support Analyst,Support Analyst - Mid,Support Analyst,3 - Mid-Level
nmachado,Tester,Not Applicable,Not Applicable,5 - Master / Manager
nmalachias,UI Designer,UI Designer - Jr,UI Designer,2 - Junior
nmartines,Developer,Developer - Jr,Developer,2 - Junior
nmartins,Digital Strategist,Digital Strategist,Digital Strategist,5 - Master / Manager
nmello,Developer,Developer - Sr,Developer,4 - Senior
nmoraes,Software Architect,Systems Architect,Systems Architect,5 - Master / Manager
nneto,Developer,Intern,Intern,1 - Intern
nneves,Tester,QA - Mid,QA,3 - Mid-Level
noemif,Developer,Developer - Mid,Developer,3 - Mid-Level
noes,Tester,QA - Jr,QA,2 - Junior
noriane,Data Scientist,Data Scientist - Sr,Data Scientist,4 - Senior
nortonwm,Developer,Developer - Mid,Developer,3 - Mid-Level
npotel,Tester,QA - Sr,QA,4 - Senior
nrosario,Developer,Intern,Intern,1 - Intern
nsampaio,Developer,Developer - Mid,Developer,3 - Mid-Level
nsaraiva,Tester,QA - Sr,QA,4 - Senior
nsazaki,Tester,QA - Mid,QA,3 - Mid-Level
nsebben,Developer,Developer - Sr,Developer,4 - Senior
ntoledo,Developer,Developer - Jr,Developer,2 - Junior
nuba,Developer,Developer - Master,Developer,5 - Master / Manager
nunoms,Support Analyst,Support Analyst - Jr,Support Analyst,2 - Junior
oazevedo,Developer,Developer - Jr,Developer,2 - Junior
obdecampos,Developer,Developer - Sr,Developer,4 - Senior
ocamargo,Developer Master,Developer - Master,Developer,5 - Master / Manager
ocolucci,Developer,Developer - Jr,Developer,2 - Junior
odairbonin,Architecture Manager,Principal Architect,Principal Architect,6 - Master 2 / Senior Manager
odilon,Software Architect,Software Architect - Sr,Software Architect,4 - Senior
ohana.aquino,Product Designer,UI Designer - Sr,UI Designer,4 - Senior
olaviob,Developer,Developer - Mid,Developer,3 - Mid-Level
olavob,Senior Manager,Senior Manager,Senior Manager,6 - Master 2 / Senior Manager
oliveirarodrigo,Principal Software Developer,Developer - Master,Developer,6 - Master 2 / Senior Manager
oliver.maceira,Developer,Developer - Sr,Developer,4 - Senior
oliverm,Developer,Developer - Jr,Developer,2 - Junior
olivia,Data & Analytics Specialist Master,Data Analyst - Master,Data Analyst,5 - Master / Manager
oliviagonzalez,Developer,Developer - Jr,Developer,2 - Junior
oliviom,Senior Manager,Senior Manager,Senior Manager,6 - Master 2 / Senior Manager
omar.contreras,Quality Analyst,QA - Mid,QA,3 - Mid-Level
omarw,Developer Master,Developer - Master,Developer,5 - Master / Manager
omoyele,Developer,Developer - Sr,Developer,4 - Senior
orlandofarias,Squad Leader,Squad Leader,Squad Leader,5 - Master / Manager
orleydo.vargas,Developer,Developer - Mid,Developer,3 - Mid-Level
orpheuspetrola,Developer,Developer - Mid,Developer,3 - Mid-Level
oscar.escamilla,Data Architect,Software Architect - Sr,Software Architect,4 - Senior
oseiasgomes,Tester,QA - Mid,QA,3 - Mid-Level
osman,Squad Leader,Squad Leader,Squad Leader,5 - Master / Manager
osman.ilyas,Systems Architect,Systems Architect,Systems Architect,5 - Master / Manager
osmarc,Developer,Developer - Mid,Developer,3 - Mid-Level
otaviocp,Tester,QA - Mid,QA,3 - Mid-Level
otaviog,Developer,Developer - Sr,Developer,4 - Senior
otaviolm,Software Architect,Software Architect - Sr,Software Architect,4 - Senior
otaviop,Developer,Developer - Sr,Developer,4 - Senior
otaviosilva,Developer,Developer - Jr,Developer,2 - Junior
otaviosr,Developer,Developer - Sr,Developer,4 - Senior
otaviotunes,Software Architect,Software Architect - Sr,Software Architect,4 - Senior
otaviovs,Developer,Developer - Mid,Developer,3 - Mid-Level
ovidio,Developer,Developer - Mid,Developer,3 - Mid-Level
pablo.guerrero,Product Designer Expert,UI Designer - Master,UI Designer,5 - Master / Manager
pabloa,Tester,QA - Sr,QA,4 - Senior
pabloks,Developer,Developer - Mid,Developer,3 - Mid-Level
pablosf,Developer,Developer - Sr,Developer,4 - Senior
pablozilli,Developer,Developer - Sr,Developer,4 - Senior
palomat,Developer,Developer - Jr,Developer,2 - Junior
pamela.costa,UX Designer,UX Specialist - Sr,UX Specialist,4 - Senior
pamelaa,Squad Leader,Scrum Master,Scrum Master,4 - Senior
pamelacaj,Data Developer,Data Developer - Mid,Data Developer,3 - Mid-Level
pamelaf,Squad Leader,Squad Leader,Squad Leader,5 - Master / Manager
pamelam,Data & Analytics Specialist,Data Analyst - Mid,Data Analyst,3 - Mid-Level
pamelasb,Systems Architect,Software Architect - Sr,Software Architect,4 - Senior
pamelasr,Scrum Master,Scrum Master,Scrum Master,4 - Senior
pamellav,Developer,Developer - Mid,Developer,3 - Mid-Level
pammela,Scrum Master,Scrum Master,Scrum Master,3 - Mid-Level
panw,Support Analyst,Support Analyst - Jr,Support Analyst,2 - Junior
paola.marquez,Developer,Developer - Mid,Developer,3 - Mid-Level
paolafroes,Systems Architect,Systems Architect,Systems Architect,5 - Master / Manager
paolat,UI Designer,UI Designer - Sr,UI Designer,4 - Senior
parmenas,Developer,Developer - Jr,Developer,2 - Junior
parruda,Developer,Developer - Jr,Developer,2 - Junior
paruta,Tester Master,QA - Master,QA,5 - Master / Manager
patricia.villamil,Squad Leader,Squad Leader,Squad Leader,5 - Master / Manager
patriciacv,Developer,Developer - Sr,Developer,4 - Senior
patriciag,Developer,Developer - Jr,Developer,2 - Junior
patriciahc,Developer,Developer - Mid,Developer,3 - Mid-Level
patriciaj,Squad Leader,Scrum Master,Scrum Master,4 - Senior
patriciakg,Data & Analytics Specialist,Data Analyst - Jr,Data Analyst,2 - Junior
patriciamr,Senior Digital Strategist,Senior Digital Strategist,Senior Digital Strategist,6 - Master 2 / Senior Manager
patriciaos,Digital Strategist,Digital Strategist,Digital Strategist,4 - Senior
patriciap,Software Architect,Software Architect - Sr,Software Architect,4 - Senior
patriciapb,Tester,QA - Jr,QA,2 - Junior
patriciars,Scrum Master,Scrum Master,Scrum Master,4 - Senior
patricias,Squad Leader,Squad Leader,Squad Leader,5 - Master / Manager
patriciasilva,Developer,Developer - Jr,Developer,2 - Junior
patriciass,Data Developer Master,Data Developer - Master,Data Developer,5 - Master / Manager
patriciat,Squad Leader,Scrum Master,Scrum Master,4 - Senior
patriciav,Tester,QA - Sr,QA,4 - Senior
patricio.lima,Not Applicable,Not Applicable,Not Applicable,4 - Senior
patricksouza,Developer,Developer - Mid,Developer,3 - Mid-Level
patricksr,Tester,QA - Sr,QA,4 - Senior
patrickw,Developer,Developer - Jr,Developer,2 - Junior
patrikr,Developer,Developer - Sr,Developer,4 - Senior
paul,Project Manager,Project Manager,Project Manager,5 - Master / Manager
paul.davis,Developer Master,Developer - Master,Developer,5 - Master / Manager
paula.bohorquez,Developer Master,Developer - Master,Developer,5 - Master / Manager
paula.marulanda,Scrum Master,Scrum Master,Scrum Master,4 - Senior
paulaarango,Senior Product Manager-Americas,UX Specialist - Sr,UX Specialist,4 - Senior
paulac,Data Developer,Data Developer - Mid,Data Developer,3 - Mid-Level
paulafernandes,Developer,Developer - Sr,Developer,4 - Senior
paulagomes,Developer,Developer - Mid,Developer,3 - Mid-Level
paulaoliveira,Developer,Developer - Jr,Developer,2 - Junior
paularc,Senior Manager,Senior Manager,Senior Manager,6 - Master 2 / Senior Manager
paulay,Developer Master,Developer - Master,Developer,5 - Master / Manager
paulina.galeano,Product Designer Expert,UI Designer - Master,UI Designer,5 - Master / Manager
paulo.calaes,Technical Leader,Not Applicable,Not Applicable,5 - Master / Manager
paulo.henrique,Developer Master,Developer - Master,Developer,5 - Master / Manager
paulo.hirata,Software Architect,Software Architect - Sr,Software Architect,4 - Senior
paulo.machado,Developer,Developer - Sr,Developer,4 - Senior
paulo.marchioreto,Software Architect,Software Architect - Sr,Software Architect,4 - Senior
paulo.messias,Developer,Developer - Jr,Developer,2 - Junior
paulo.perez,Tester,QA - Sr,QA,4 - Senior
paulo.santos,Developer,Developer - Sr,Developer,4 - Senior
pauloalmeida,Scrum Master,Scrum Master,Scrum Master,4 - Senior
paulobr,Developer,Developer - Mid,Developer,3 - Mid-Level
paulocappelli,Developer Master,Developer - Master,Developer,5 - Master / Manager
paulocs,Developer,Developer - Sr,Developer,4 - Senior
paulods,Squad Leader,Scrum Master,Scrum Master,4 - Senior
pauloec,Developer,Developer - Mid,Developer,3 - Mid-Level
paulofl,Systems Architect,Systems Architect,Systems Architect,5 - Master / Manager
paulofp,Developer,Developer - Jr,Developer,2 - Junior
paulofreitas,Developer,Developer - Sr,Developer,4 - Senior
paulohb,Developer,Developer - Sr,Developer,4 - Senior
paulohenrique,Project Manager,Project Manager,Project Manager,5 - Master / Manager
paulojunior,Developer,Developer - Sr,Developer,4 - Senior
paulol,Squad Leader,Scrum Master,Scrum Master,4 - Senior
paulomartins,Tester,QA - Sr,QA,4 - Senior
paulomelegatti,Software Architect,Software Architect - Sr,Software Architect,4 - Senior
paulomotta,Developer,Developer - Sr,Developer,4 - Senior
pauloo,Developer,Developer - Sr,Developer,4 - Senior
pauloocchiuzzi,Squad Leader,Squad Leader,Squad Leader,5 - Master / Manager
paulorenan,Developer,Developer - Jr,Developer,2 - Junior
paulorm,Developer,Developer - Sr,Developer,4 - Senior
paulosc,Product Owner,Business Analyst - Sr,Business Analyst,4 - Senior
paulosp,Data Developer,Data Developer - Mid,Data Developer,3 - Mid-Level
pauloss,Developer Master,Developer - Master,Developer,5 - Master / Manager
pauloteixeira,Developer,Developer - Sr,Developer,4 - Senior
paulouchoa,Developer,Developer - Sr,Developer,4 - Senior
paulovs,Data Developer Master,Data Developer - Master,Data Developer,5 - Master / Manager
paulxu,Developer,Developer - Jr,Developer,2 - Junior
pavanv,Systems Architect,Systems Architect,Systems Architect,5 - Master / Manager
pbaldin,Systems Architect,Systems Architect,Systems Architect,5 - Master / Manager
pbarbosa,Developer,Developer - Sr,Developer,4 - Senior
pbarnabe,Developer,Developer - Mid,Developer,3 - Mid-Level
pbastos,Developer,Intern,Intern,1 - Intern
pbelucci,Developer,Developer - Sr,Developer,4 - Senior
pbendazzoli,Developer,Developer - Sr,Developer,4 - Senior
pborges,Developer,Developer - Jr,Developer,2 - Junior
pbotecchi,Developer,Developer - Sr,Developer,4 - Senior
pbrandao,Developer,Developer - Sr,Developer,4 - Senior
pcabral,Developer,Developer - Sr,Developer,4 - Senior
pcampelo,Tester,QA - Mid,QA,3 - Mid-Level
pcarneiro,Tester,QA - Mid,QA,3 - Mid-Level
pcarrijo,Data Developer,Data Developer - Sr,Data Developer,4 - Senior
pchapelin,Developer,Intern,Intern,1 - Intern
pcintra,Tester Master,QA - Master,QA,5 - Master / Manager
pdamasceno,Developer,Developer - Mid,Developer,3 - Mid-Level
pdavid,Developer,Developer - Mid,Developer,3 - Mid-Level
pdutra,Squad Leader,Squad Leader,Squad Leader,5 - Master / Manager
pedro.amorim,Data Scientist Master,Data Scientist - Master,Data Scientist,5 - Master / Manager
pedro.aquino,Tester,QA - Sr,QA,4 - Senior
pedro.beani,Software Architect,Software Architect - Sr,Software Architect,4 - Senior
pedro.fernandes,Developer,Developer - Mid,Developer,3 - Mid-Level
pedro.ferreira,Software Architect,Software Architect - Sr,Software Architect,4 - Senior
pedro.henrique,Developer,Intern,Intern,1 - Intern
pedro.nascimento,Developer,Developer - Mid,Developer,3 - Mid-Level
pedro.oliveira,Developer,Developer - Sr,Developer,4 - Senior
pedro.silva,Developer,Developer - Sr,Developer,4 - Senior
pedro.vanegas,Developer,Developer - Mid,Developer,3 - Mid-Level
pedroabduny,UI Designer,UI Designer - Sr,UI Designer,4 - Senior
pedroac,Data Scientist,Data Scientist - Sr,Data Scientist,4 - Senior
pedroavila,Data Developer,Data Developer - Sr,Data Developer,4 - Senior
pedroc,Systems Architect,Systems Architect,Systems Architect,5 - Master / Manager
pedrocastro,Developer,Developer - Mid,Developer,3 - Mid-Level
pedrocf,Developer,Developer - Sr,Developer,4 - Senior
pedrod,Business Analyst,Business Analyst - Sr,Business Analyst,4 - Senior
pedroe,Developer,Developer - Mid,Developer,3 - Mid-Level
pedrofernandes,Developer,Developer - Mid,Developer,3 - Mid-Level
pedroferreira,Developer,Developer - Sr,Developer,4 - Senior
pedrofp,Developer,Developer - Jr,Developer,2 - Junior
pedrofr,Project Manager,Scrum Master,Scrum Master,4 - Senior
pedrofranco,Developer,Developer - Mid,Developer,3 - Mid-Level
pedrog,Developer Master,Developer - Master,Developer,5 - Master / Manager
pedrogf,Developer,Developer - Mid,Developer,3 - Mid-Level
pedrohd,Tester,QA - Sr,QA,4 - Senior
pedrohf,Developer,Developer - Mid,Developer,3 - Mid-Level
pedrohj,Developer,Developer - Sr,Developer,4 - Senior
pedrohm,Developer,Developer - Mid,Developer,3 - Mid-Level
pedroho,Developer,Intern,Intern,1 - Intern
pedrohr,Developer,Developer - Sr,Developer,4 - Senior
pedrohs,Data Developer Master,Data Developer - Master,Data Developer,5 - Master / Manager
pedrohv,Developer,Intern,Intern,1 - Intern
pedroj,Architecture Manager,Principal Architect,Principal Architect,6 - Master 2 / Senior Manager
pedrojs,Developer,Developer - Mid,Developer,3 - Mid-Level
pedrolb,Developer,Intern,Intern,1 - Intern
pedrolg,Developer,Developer - Jr,Developer,2 - Junior
pedrolima,Developer,Developer - Sr,Developer,4 - Senior
pedrolopes,Developer,Developer - Sr,Developer,4 - Senior
pedrols,Developer,Developer - Mid,Developer,3 - Mid-Level
pedromeirelles,Data & Analytics Specialist,Data Analyst - Sr,Data Analyst,4 - Senior
pedronv,Tester,QA - Jr,QA,2 - Junior
pedrooliveira,Systems Architect,Systems Architect,Systems Architect,5 - Master / Manager
pedropaulo,Software Architect,Software Architect - Sr,Software Architect,4 - Senior
pedror,Squad Leader,Squad Leader,Squad Leader,5 - Master / Manager
pedrorampinelli,Developer,Developer - Mid,Developer,3 - Mid-Level
pedroribeiro,Developer,Developer - Jr,Developer,2 - Junior
pedrorv,Developer,Developer - Sr,Developer,4 - Senior
pedrosb,Developer,Developer - Jr,Developer,2 - Junior
pedrosc,Developer,Developer - Jr,Developer,2 - Junior
pedrosf,Developer,Developer - Sr,Developer,4 - Senior
pedrosp,Developer,Developer - Mid,Developer,3 - Mid-Level
pedross,Systems Architect,Systems Architect,Systems Architect,5 - Master / Manager
pedrotd,Developer,Developer - Mid,Developer,3 - Mid-Level
pedrovicente,Developer,Developer - Mid,Developer,3 - Mid-Level
pedrovieira,Developer,Developer - Mid,Developer,3 - Mid-Level
pedroyuan,Developer,Developer - Jr,Developer,2 - Junior
pedrozotesso,Developer,Developer - Mid,Developer,3 - Mid-Level
peduardo,Developer,Developer - Mid,Developer,3 - Mid-Level
periclesj,Developer,Developer - Sr,Developer,4 - Senior
periclesweiber,Developer,Developer - Sr,Developer,4 - Senior
perryl,Developer,Developer - Mid,Developer,3 - Mid-Level
persia,Squad Leader,Squad Leader,Squad Leader,5 - Master / Manager
peterp,Developer,Developer - Mid,Developer,3 - Mid-Level
petersonrb,Senior Manager,Senior Manager,Senior Manager,6 - Master 2 / Senior Manager
peterz,Developer,Developer - Mid,Developer,3 - Mid-Level
pethersonm,Developer,Developer - Mid,Developer,3 - Mid-Level
pfaria,Developer,Developer - Mid,Developer,3 - Mid-Level
pflores,Developer,Developer - Mid,Developer,3 - Mid-Level
pfontes,Developer,Developer - Sr,Developer,4 - Senior
pfranca,Squad Leader,Squad Leader,Squad Leader,5 - Master / Manager
pfrancisco,Developer,Developer - Jr,Developer,2 - Junior
pfurtado,Developer,Developer - Mid,Developer,3 - Mid-Level
pgadelha,Data Developer,Data Developer - Mid,Data Developer,3 - Mid-Level
pgaleski,Developer,Intern,Intern,1 - Intern
pgontijo,Software Architect,Software Architect - Sr,Software Architect,4 - Senior
pgrillo,Developer,Developer - Mid,Developer,3 - Mid-Level
pguedes,Developer,Developer - Sr,Developer,4 - Senior
phabliny,Developer,Developer - Jr,Developer,2 - Junior
phebert,Developer,Developer - Jr,Developer,2 - Junior
phelipeb,Developer,Developer - Sr,Developer,4 - Senior
phellipe.guimaraes,Developer,Developer - Sr,Developer,4 - Senior
phenriquelongo,Developer,Developer - Mid,Developer,3 - Mid-Level
phferreira,Tester,QA - Mid,QA,3 - Mid-Level
phfreitas,Developer,Developer - Sr,Developer,4 - Senior
philipysr,Support Analyst,Support Analyst - Mid,Support Analyst,3 - Mid-Level
pierreb,Developer,Intern,Intern,1 - Intern
plara,Squad Leader,Squad Leader,Squad Leader,5 - Master / Manager
pleite,UI Designer,UI Designer - Mid,UI Designer,3 - Mid-Level
plemos,Developer,Intern,Intern,1 - Intern
plopes,Data & Analytics Specialist,Data Analyst - Jr,Data Analyst,2 - Junior
pmarquezini,Developer,Developer - Mid,Developer,3 - Mid-Level
pmartins,Scrum Master,Scrum Master,Scrum Master,4 - Senior
pmassari,Developer,Developer - Sr,Developer,4 - Senior
pmattos,UI Designer,UI Designer - Sr,UI Designer,4 - Senior
pmelato,Data & Analytics Specialist,Data Analyst - Mid,Data Analyst,3 - Mid-Level
pmelo,Developer,Intern,Intern,1 - Intern
pmenezes,Senior Manager,Senior Manager,Senior Manager,6 - Master 2 / Senior Manager
pmiguel,Business Analyst,Business Analyst - Sr,Business Analyst,4 - Senior
pmolina,Senior Manager,Senior Manager,Senior Manager,6 - Master 2 / Senior Manager
pmonique,Digital Strategist,Digital Strategist,Digital Strategist,5 - Master / Manager
pmontezano,Software Architect,Software Architect - Sr,Software Architect,4 - Senior
pmoreira,Developer,Developer - Sr,Developer,4 - Senior
pneto,Software Architect,Software Architect - Sr,Software Architect,4 - Senior
pneves,Developer,Developer - Sr,Developer,4 - Senior
pninci,Developer,Developer - Jr,Developer,2 - Junior
pnobre,Developer,Developer - Mid,Developer,3 - Mid-Level
polianaf,Tester,QA - Mid,QA,3 - Mid-Level
pollianab,Developer,Intern,Intern,1 - Intern
pollyng,Software Architect,Software Architect - Sr,Software Architect,4 - Senior
polyanadf,Tester,QA - Jr,QA,2 - Junior
polyanafg,Developer,Developer - Jr,Developer,2 - Junior
polyandra,Product Designer,UI Designer - Mid,UI Designer,3 - Mid-Level
potemh,Developer,Developer - Mid,Developer,3 - Mid-Level
ppassella,Developer Master,Developer - Master,Developer,5 - Master / Manager
ppicoli,Developer Master,Developer - Master,Developer,5 - Master / Manager
ppizato,Scrum Master,Scrum Master,Scrum Master,4 - Senior
prazzoto,Developer,Intern,Intern,1 - Intern
pribas,Developer,Developer - Sr,Developer,4 - Senior
pribeiro,Developer,Developer - Jr,Developer,2 - Junior
pricaldeira,Developer,Developer - Sr,Developer,4 - Senior
primola,Developer,Developer - Mid,Developer,3 - Mid-Level
priscila.contiero,Project Manager,Project Manager,Project Manager,5 - Master / Manager
priscilabrosso,Squad Leader,Squad Leader,Squad Leader,5 - Master / Manager
prisciladr,Project Manager,Project Manager,Project Manager,5 - Master / Manager
priscilah,Developer,Developer - Sr,Developer,4 - Senior
priscilaj,Squad Leader,Scrum Master,Scrum Master,4 - Senior
priscilapires,Business Analyst,Business Analyst - Sr,Business Analyst,4 - Senior
priscilarf,Senior Manager,Senior Manager,Senior Manager,6 - Master 2 / Senior Manager
priscillac,Squad Leader,Scrum Master,Scrum Master,4 - Senior
priscilladutra,Administrative Analyst,Not Applicable,Not Applicable,2 - Junior
priscillafs,Data Developer,Data Developer - Sr,Data Developer,4 - Senior
priyanka,Developer,Developer - Sr,Developer,4 - Senior
prodrigo,Architecture Manager,Principal Architect,Principal Architect,6 - Master 2 / Senior Manager
psaboya,Data Developer,Data Developer - Sr,Data Developer,4 - Senior
psalgado,Software Architect,Software Architect - Sr,Software Architect,4 - Senior
psampietri,Squad Leader,Scrum Master,Scrum Master,4 - Senior
psato,Principal Software Developer,Developer - Master,Developer,6 - Master 2 / Senior Manager
pscabello,Squad Leader,Squad Leader,Squad Leader,5 - Master / Manager
pschall,Data & Analytics Specialist,Data Analyst - Sr,Data Analyst,4 - Senior
psiqueira,Developer,Developer - Sr,Developer,4 - Senior
pudgez,Developer,Developer - Mid,Developer,3 - Mid-Level
pvargas,Developer,Developer - Sr,Developer,4 - Senior
pvelloso,Data Scientist,Data Scientist - Sr,Data Scientist,4 - Senior
pvenancio,Developer,Developer - Jr,Developer,2 - Junior
pvidal,Developer,Developer - Jr,Developer,2 - Junior
pvilela,Developer,Intern,Intern,1 - Intern
pvitorino,Developer,Intern,Intern,1 - Intern
pvselano,Product Designer,UI Designer - Sr,UI Designer,4 - Senior
pwolff,Developer,Intern,Intern,1 - Intern
pzanferdini,Systems Architect,Systems Architect,Systems Architect,5 - Master / Manager
qianwei,Software Architect,Software Architect - Sr,Software Architect,4 - Senior
qiaolei,Scrum Master,Scrum Master,Scrum Master,4 - Senior
qifengg,Senior Manager,Senior Manager,Senior Manager,6 - Master 2 / Senior Manager
qing,Software Architect,Software Architect - Sr,Software Architect,4 - Senior
qiusheng,Developer,Developer - Jr,Developer,2 - Junior
rabreu,Developer,Intern,Intern,1 - Intern
rachel.harkai,Content Strategist,Not Applicable,Not Applicable,4 - Senior
rachelc,Scrum Master,Scrum Master,Scrum Master,3 - Mid-Level
rachelf,Developer,Developer - Jr,Developer,2 - Junior
rachellima,Developer,Developer - Sr,Developer,4 - Senior
radcliffecalma,Quality Analyst,QA - Mid,QA,3 - Mid-Level
rafaalves,Developer,Developer - Sr,Developer,4 - Senior
rafaaraujo,Systems Architect,Systems Architect,Systems Architect,5 - Master / Manager
rafael.acquaviva,Developer,Developer - Sr,Developer,4 - Senior
rafael.chebel,Developer,Developer - Sr,Developer,4 - Senior
rafael.crivelente,Developer,Developer - Mid,Developer,3 - Mid-Level
rafael.fazolli,Developer,Developer - Sr,Developer,4 - Senior
rafael.francisco,Developer,Intern,Intern,1 - Intern
rafael.gali,Developer Master,Developer - Master,Developer,5 - Master / Manager
rafael.godinho,Developer,Developer - Sr,Developer,4 - Senior
rafael.guimaraes,Developer,Developer - Sr,Developer,4 - Senior
rafael.hermida,Tech Intern,Intern,Intern,1 - Intern
rafael.ioshi,Developer,Developer - Jr,Developer,2 - Junior
rafael.lima,Developer,Developer - Sr,Developer,4 - Senior
rafael.lino,Developer,Developer - Sr,Developer,4 - Senior
rafael.martins,Developer,Developer - Mid,Developer,3 - Mid-Level
rafael.musetti,Developer,Developer - Sr,Developer,4 - Senior
rafael.pelisam,Senior Manager,Senior Manager,Senior Manager,6 - Master 2 / Senior Manager
rafael.silva,Not Applicable,Not Applicable,Not Applicable,6 - Master 2 / Senior Manager
rafael.silveira,Software Architect,Software Architect - Sr,Software Architect,4 - Senior
rafaelaa,Project Manager,Project Manager,Project Manager,5 - Master / Manager
rafaelab,Tester,QA - Sr,QA,4 - Senior
rafaelacl,Squad Leader,Squad Leader,Squad Leader,5 - Master / Manager
rafaelae,Tester,QA - Sr,QA,4 - Senior
rafaelagomes,Developer,Developer - Mid,Developer,3 - Mid-Level
rafaelal,Product Owner,Business Analyst - Sr,Business Analyst,4 - Senior
rafaelaps,Developer,Intern,Intern,1 - Intern
rafaelasantos,Systems Architect,Systems Architect,Systems Architect,5 - Master / Manager
rafaelasc,Tester,QA - Mid,QA,3 - Mid-Level
rafaelasouza,Developer,Developer - Mid,Developer,3 - Mid-Level
rafaelbl,Developer,Developer - Sr,Developer,4 - Senior
rafaelbrayner,Developer,Developer - Sr,Developer,4 - Senior
rafaelcabral,Developer,Developer - Jr,Developer,2 - Junior
rafaelcarda,Software Architect,Software Architect - Sr,Software Architect,4 - Senior
rafaelcs,Developer,Developer - Sr,Developer,4 - Senior
rafaelcv,Developer,Developer - Jr,Developer,2 - Junior
rafaeld,Senior Manager,Senior Manager,Senior Manager,6 - Master 2 / Senior Manager
rafaeldc,Scrum Master,Scrum Master,Scrum Master,4 - Senior
rafaeldf,Systems Architect,Systems Architect,Systems Architect,5 - Master / Manager
rafaeldias,Principal Data Architect,Not Applicable,Not Applicable,6 - Master 2 / Senior Manager
rafaeldr,Data Developer,Data Developer - Sr,Data Developer,4 - Senior
rafaelfb,Project Manager,Project Manager,Project Manager,5 - Master / Manager
rafaelfreitas,Developer,Developer - Sr,Developer,4 - Senior
rafaelfs,Developer,Developer - Sr,Developer,4 - Senior
rafaelgama,Developer,Developer - Jr,Developer,2 - Junior
rafaelgl,Developer,Developer - Sr,Developer,4 - Senior
rafaelgm,Developer,Developer - Jr,Developer,2 - Junior
rafaelgr,Tester,QA - Mid,QA,3 - Mid-Level
rafaelgs,Systems Architect,Systems Architect,Systems Architect,5 - Master / Manager
rafaelhs,Developer,Developer - Sr,Developer,4 - Senior
rafaelhsg,Developer,Developer - Mid,Developer,3 - Mid-Level
rafaelkoller,Developer,Developer - Sr,Developer,4 - Senior
rafaelks,Developer,Developer - Mid,Developer,3 - Mid-Level
rafaellaa,Process Analyst,Not Applicable,Not Applicable,4 - Senior
rafaellaalves,Squad Leader,Scrum Master,Scrum Master,4 - Senior
rafaelleandro,Developer,Developer - Sr,Developer,4 - Senior
rafaellr,Developer,Developer - Sr,Developer,4 - Senior
rafaelmaciel,Developer,Developer - Sr,Developer,4 - Senior
rafaelmaio,Developer,Developer - Sr,Developer,4 - Senior
rafaelmx,Developer Master,Developer - Master,Developer,5 - Master / Manager
rafaeln,Senior Data Architect,Not Applicable,Not Applicable,5 - Master / Manager
rafaelnalin,Developer,Developer - Sr,Developer,4 - Senior
rafaelnm,Developer,Developer - Mid,Developer,3 - Mid-Level
rafaelnogueira,Architecture Manager,Principal Architect,Principal Architect,6 - Master 2 / Senior Manager
rafaeloliveira,Developer Master,Developer - Master,Developer,5 - Master / Manager
rafaelpedrosa,Developer,Developer - Mid,Developer,3 - Mid-Level
rafaelprado,Software Architect,Software Architect - Sr,Software Architect,4 - Senior
rafaelpufal,Developer,Developer - Mid,Developer,3 - Mid-Level
rafaelrios,Data Developer,Data Developer - Sr,Data Developer,4 - Senior
rafaelro,Developer,Developer - Sr,Developer,4 - Senior
rafaelrodrigues,Developer,Developer - Sr,Developer,4 - Senior
rafaelrosa,Data Developer,Data Developer - Sr,Data Developer,4 - Senior
rafaelsalcedo,Developer,Developer - Mid,Developer,3 - Mid-Level
rafaelsantos,Developer Master,Developer - Master,Developer,5 - Master / Manager
rafaelsf,Data & Analytics Specialist,Data Analyst - Mid,Data Analyst,3 - Mid-Level
rafaelsg,Architecture Manager,Principal Architect,Principal Architect,6 - Master 2 / Senior Manager
rafaelsm,Developer,Developer - Sr,Developer,4 - Senior
rafaelsouza,Scrum Master,Squad Leader,Squad Leader,5 - Master / Manager
rafaelsp,Tester,QA - Sr,QA,4 - Senior
rafaelvp,Developer,Developer - Sr,Developer,4 - Senior
rafaelvs,Developer,Developer - Mid,Developer,3 - Mid-Level
rafaelws,Developer Master,Developer - Master,Developer,5 - Master / Manager
rafaelzanon,Developer,Developer - Jr,Developer,2 - Junior
rafaraujo,Developer,Developer - Sr,Developer,4 - Senior
raffaelcr,Developer,Developer - Sr,Developer,4 - Senior
raianem,Scrum Master,Scrum Master,Scrum Master,4 - Senior
raianyp,Developer,Developer - Sr,Developer,4 - Senior
raidym,Developer,Developer - Sr,Developer,4 - Senior
raielal,Developer,Developer - Mid,Developer,3 - Mid-Level
rairads,Tester,QA - Mid,QA,3 - Mid-Level
raisag,Developer,Intern,Intern,1 - Intern
raissa.xavier,Developer,Developer - Mid,Developer,3 - Mid-Level
raissamagalhaes,Tester,QA - Mid,QA,3 - Mid-Level
raissasv,Tester,QA - Mid,QA,3 - Mid-Level
ralcie,Squad Leader,Squad Leader,Squad Leader,5 - Master / Manager
ralph.sliger,Developer,Developer - Sr,Developer,4 - Senior
ralvarenga,Developer,Developer - Mid,Developer,3 - Mid-Level
ramallo,"Senior Business Director, EMEA",Senior Manager,Senior Manager,6 - Master 2 / Senior Manager
ramaral,Software Architect,Software Architect - Sr,Software Architect,4 - Senior
ramoncm,Developer,Developer - Mid,Developer,3 - Mid-Level
ramonh,Developer,Developer - Mid,Developer,3 - Mid-Level
ramonneres,Developer,Developer - Sr,Developer,4 - Senior
ramonp,Developer,Developer - Sr,Developer,4 - Senior
ramonrodrigues,Systems Architect,Systems Architect,Systems Architect,5 - Master / Manager
ramonrs,Developer,Developer - Sr,Developer,4 - Senior
ramonrv,Developer,Developer - Sr,Developer,4 - Senior
ramons,Developer,Developer - Mid,Developer,3 - Mid-Level
ramonsilva,Developer,Developer - Mid,Developer,3 - Mid-Level
randrade,Developer,Developer - Mid,Developer,3 - Mid-Level
randyt,Developer,Developer - Mid,Developer,3 - Mid-Level
ranna,Developer,Developer - Jr,Developer,2 - Junior
raoni,Principal Software Developer,Developer - Master,Developer,6 - Master 2 / Senior Manager
raphael.alves,Developer,Developer - Sr,Developer,4 - Senior
raphael.miter,Software Architect,Software Architect - Sr,Software Architect,4 - Senior
raphael.sales,Developer,Developer - Jr,Developer,2 - Junior
raphaelac,Developer,Developer - Mid,Developer,3 - Mid-Level
raphaelb,Architecture Manager,Principal Architect,Principal Architect,6 - Master 2 / Senior Manager
raphaeldc,Developer,Developer - Mid,Developer,3 - Mid-Level
raphaelferreira,Developer,Developer - Sr,Developer,4 - Senior
raphaelg,Architecture Manager,Principal Architect,Principal Architect,6 - Master 2 / Senior Manager
raphaelh,Developer,Developer - Sr,Developer,4 - Senior
raphaelheizer,Developer,Developer - Sr,Developer,4 - Senior
raphaelhn,Developer,Developer - Sr,Developer,4 - Senior
raphaell,Systems Architect,Systems Architect,Systems Architect,5 - Master / Manager
raphaellag,Tester,QA - Mid,QA,3 - Mid-Level
raphaellk,Developer,Developer - Sr,Developer,4 - Senior
raphaelm,Squad Leader,Squad Leader,Squad Leader,5 - Master / Manager
raphaelmartins,Developer,Developer - Sr,Developer,4 - Senior
raphaelms,Developer,Developer - Sr,Developer,4 - Senior
raphaeln,Developer,Developer - Mid,Developer,3 - Mid-Level
raphaelrenato,Developer,Developer - Mid,Developer,3 - Mid-Level
raphaelsantos,Software Architect,Software Architect - Sr,Software Architect,4 - Senior
raphaelt,Tester,QA - Mid,QA,3 - Mid-Level
raphaelts,Developer,Developer - Sr,Developer,4 - Senior
raquel,Senior Manager,Senior Manager,Senior Manager,6 - Master 2 / Senior Manager
raquelallemao,Tester,QA - Mid,QA,3 - Mid-Level
raquelp,Developer,Developer - Jr,Developer,2 - Junior
rassumpcao,Developer,Intern,Intern,1 - Intern
raul.rocha,Data Scientist Master,Data Scientist - Master,Data Scientist,5 - Master / Manager
raul.urdaneta,Developer,Developer - Mid,Developer,3 - Mid-Level
raulb,Developer,Developer - Mid,Developer,3 - Mid-Level
raulfelippe,Developer,Developer - Mid,Developer,3 - Mid-Level
raulmartins,Developer,Developer - Sr,Developer,4 - Senior
rauln,Systems Architect,Systems Architect,Systems Architect,5 - Master / Manager
raulrv,Squad Leader,Squad Leader,Squad Leader,5 - Master / Manager
rauls,Developer,Developer - Mid,Developer,3 - Mid-Level
ravic,Developer,Developer - Jr,Developer,2 - Junior
rawlisons,Tester,QA - Sr,QA,4 - Senior
ray,Developer,Developer - Mid,Developer,3 - Mid-Level
raykard,Developer,Developer - Sr,Developer,4 - Senior
raynan,Tester,QA - Sr,QA,4 - Senior
razevedo,Developer,Intern,Intern,1 - Intern
rbalconi,Developer,Developer - Mid,Developer,3 - Mid-Level
rbandoni,Data Scientist,Data Scientist - Sr,Data Scientist,4 - Senior
rbaptistella,Data Developer,Data Developer - Jr,Data Developer,2 - Junior
rbarbosa,Senior Manager,Senior Manager,Senior Manager,6 - Master 2 / Senior Manager
rbarucco,Developer,Developer - Mid,Developer,3 - Mid-Level
rbassi,Developer,Developer - Mid,Developer,3 - Mid-Level
rbastos,Squad Leader,Scrum Master,Scrum Master,4 - Senior
rbeckman,Software Architect,Software Architect - Sr,Software Architect,4 - Senior
rbenjamin,Developer,Developer - Mid,Developer,3 - Mid-Level
rbenzi,Developer,Developer - Sr,Developer,4 - Senior
rbernussi,Developer,Developer - Sr,Developer,4 - Senior
rbertho,Squad Leader,Squad Leader,Squad Leader,5 - Master / Manager
rbertochi,Developer,Developer - Mid,Developer,3 - Mid-Level
rbertoni,Senior Manager,Senior Manager,Senior Manager,6 - Master 2 / Senior Manager
rbichiarov,Software Architect,Software Architect - Sr,Software Architect,4 - Senior
rbortolini,Developer,Developer - Sr,Developer,4 - Senior
rbortoluzzi,Developer,Developer - Sr,Developer,4 - Senior
rbradaschia,Developer,Developer - Sr,Developer,4 - Senior
rbrozoski,Developer,Developer - Sr,Developer,4 - Senior
rbruno,Data Developer,Data Developer - Mid,Data Developer,3 - Mid-Level
rcabral,Developer,Developer - Sr,Developer,4 - Senior
rcampiteli,Developer,Intern,Intern,1 - Intern
rcanuto,Developer,Developer - Sr,Developer,4 - Senior
rcardozo,Developer,Developer - Mid,Developer,3 - Mid-Level
rcason,Software Architect,Software Architect - Sr,Software Architect,4 - Senior
rcazetta,Developer,Developer - Sr,Developer,4 - Senior
rchavez,Developer Master,Developer - Master,Developer,5 - Master / Manager
rchicareli,Squad Leader,Squad Leader,Squad Leader,5 - Master / Manager
rcoli,Systems Architect,Systems Architect,Systems Architect,5 - Master / Manager
rcolmanetti,Developer,Developer - Sr,Developer,4 - Senior
rcomar,Principal Software Developer,Developer - Master,Developer,6 - Master 2 / Senior Manager
rconstancio,Developer Master,Developer - Master,Developer,6 - Master 2 / Senior Manager
rcortes,Software Architect,Software Architect - Sr,Software Architect,4 - Senior
rcouto,"Senior Director, Architecture",Principal Architect,Principal Architect,6 - Master 2 / Senior Manager
rdeales,Tester,QA - Mid,QA,3 - Mid-Level
rdourado,Developer,Developer - Sr,Developer,4 - Senior
rdrummond,Senior Manager,Senior Manager,Senior Manager,6 - Master 2 / Senior Manager
rebate,Rebate,No Information,No Information,No Information
rebecaa,Developer,Developer - Mid,Developer,3 - Mid-Level
rebeccamartins,Developer,Developer - Jr,Developer,2 - Junior
regiane,Tester,QA - Sr,QA,4 - Senior
reginaf,Data Scientist,Data Scientist - Mid,Data Scientist,3 - Mid-Level
reginaldalfonso,Developer,Developer - Sr,Developer,4 - Senior
reginaldoa,Tester,QA - Mid,QA,3 - Mid-Level
reginaldofl,Systems Architect,Systems Architect,Systems Architect,5 - Master / Manager
regisd,Systems Architect,Systems Architect,Systems Architect,5 - Master / Manager
regislr,Developer,Developer - Sr,Developer,4 - Senior
regisn,Systems Architect,Software Architect - Sr,Software Architect,4 - Senior
regisnunes,Developer,Developer - Sr,Developer,4 - Senior
reinaldoc,Tester,QA - Sr,QA,4 - Senior
reinaldol,Senior Manager,Senior Manager,Senior Manager,6 - Master 2 / Senior Manager
reinaldolj,Business Analyst,Business Analyst - Sr,Business Analyst,4 - Senior
reinaldopj,Tester,QA - Mid,QA,3 - Mid-Level
reinaldos,Squad Leader,Scrum Master,Scrum Master,4 - Senior
reinaldosilva,Developer,Developer - Mid,Developer,3 - Mid-Level
reinaldovj,Software Architect,Software Architect - Sr,Software Architect,4 - Senior
renamc,Scrum Master,Scrum Master,Scrum Master,4 - Senior
renan.baldin,Developer,Developer - Sr,Developer,4 - Senior
renan.henker,Developer,Developer - Mid,Developer,3 - Mid-Level
renanc,Systems Architect,Systems Architect,Systems Architect,5 - Master / Manager
renanfraga,Product Manager,Product Manager,Product Manager,5 - Master / Manager
renanlg,Developer,Developer - Sr,Developer,4 - Senior
renanlm,Developer,Developer - Sr,Developer,4 - Senior
renanls,Developer,Developer - Sr,Developer,4 - Senior
renanmp,Software Architect,Software Architect - Sr,Software Architect,4 - Senior
renanms,Developer,Developer - Sr,Developer,4 - Senior
renanramos,Software Architect,Software Architect - Sr,Software Architect,4 - Senior
renans,Developer,Developer - Mid,Developer,3 - Mid-Level
renansilva,Developer,Intern,Intern,1 - Intern
renansiman,Developer,Developer - Mid,Developer,3 - Mid-Level
renata,Developer,Developer - Sr,Developer,4 - Senior
renatacs,Tester,QA - Sr,QA,4 - Senior
renataw,Developer,Developer - Mid,Developer,3 - Mid-Level
renato.laranjo,Developer,Developer - Sr,Developer,4 - Senior
renatoaraujo,Tester,QA - Sr,QA,4 - Senior
renatoas,Tester,QA - Mid,QA,3 - Mid-Level
renatode,Architecture Manager,Principal Architect,Principal Architect,6 - Master 2 / Senior Manager
renatodiniz,Tester,QA - Mid,QA,3 - Mid-Level
renatods,Developer,Developer - Mid,Developer,3 - Mid-Level
renatof,Tester,QA - Sr,QA,4 - Senior
renatog,Software Architect,Software Architect - Sr,Software Architect,4 - Senior
renatoj,Squad Leader,Squad Leader,Squad Leader,5 - Master / Manager
renatojr,Developer,Developer - Sr,Developer,4 - Senior
renatom,Software Architect,Software Architect - Sr,Software Architect,4 - Senior
renatomateus,Developer Master,Developer - Master,Developer,5 - Master / Manager
renatomc,Developer,Developer - Sr,Developer,4 - Senior
renatop,Developer,Developer - Sr,Developer,4 - Senior
renatopereira,DevOps,Not Applicable,Not Applicable,4 - Senior
renatorodrigues,Developer,Developer - Sr,Developer,4 - Senior
renatosilva,Developer,Developer - Jr,Developer,2 - Junior
renatosouza,Developer,Developer - Sr,Developer,4 - Senior
renatov,Developer,Developer - Mid,Developer,3 - Mid-Level
rene.bastos,Developer Master,Developer - Master,Developer,5 - Master / Manager
reniton,Tester,QA - Sr,QA,4 - Senior
renner,Tester,QA - Sr,QA,4 - Senior
renymara,Data Scientist,Data Scientist - Jr,Data Scientist,2 - Junior
reox,Software Architect,Software Architect - Sr,Software Architect,4 - Senior
reyjohnestera,Business Analyst,Business Analyst - Sr,Business Analyst,4 - Senior
rfacelli,Developer Master,Developer - Master,Developer,5 - Master / Manager
rfeliciano,Systems Architect,Systems Architect,Systems Architect,5 - Master / Manager
rfelippe,Scrum Master,Scrum Master,Scrum Master,4 - Senior
rfischer,Developer,Developer - Mid,Developer,3 - Mid-Level
rfortes,Developer,Developer - Mid,Developer,3 - Mid-Level
rfranca,Tester,QA - Sr,QA,4 - Senior
rgabrielle,Developer,Developer - Jr,Developer,2 - Junior
rgaleotti,Software Architect,Software Architect - Sr,Software Architect,4 - Senior
rgentil,Developer,Developer - Sr,Developer,4 - Senior
rgondo,Strategist Master,Not Applicable,Not Applicable,6 - Master 2 / Senior Manager
rgonzales,Data & Analytics Specialist,Data Analyst - Mid,Data Analyst,3 - Mid-Level
rgreco,Developer,Intern,Intern,1 - Intern
rhatori,Architecture Manager,Principal Architect,Principal Architect,6 - Master 2 / Senior Manager
rhaysa,Developer,Developer - Jr,Developer,2 - Junior
rhiroshi,Developer,Developer - Sr,Developer,4 - Senior
rhuaalcantara,Developer,Developer - Mid,Developer,3 - Mid-Level
rhuan,Data & Analytics Specialist,Data Analyst - Mid,Data Analyst,3 - Mid-Level
ricardo,Developer,Developer - Sr,Developer,4 - Senior
ricardo.araujo,Tester,QA - Mid,QA,3 - Mid-Level
ricardo.carvalho,Developer Master,Developer - Master,Developer,5 - Master / Manager
ricardo.claudio,Project Manager,Project Manager,Project Manager,5 - Master / Manager
ricardo.felix,Data Developer Master,Data Developer - Master,Data Developer,5 - Master / Manager
ricardo.ordine,Product Designer Expert,UI Designer - Master,UI Designer,5 - Master / Manager
ricardo.pedro,Developer,Developer - Sr,Developer,4 - Senior
ricardoac,Developer,Intern,Intern,1 - Intern
ricardocamargo,Software Architect,Software Architect - Sr,Software Architect,4 - Senior
ricardocosta,Business Analyst,Business Analyst - Sr,Business Analyst,4 - Senior
ricardocr,Developer,Developer - Sr,Developer,4 - Senior
ricardocruz,Architecture Manager,Principal Architect,Principal Architect,6 - Master 2 / Senior Manager
ricardod,Software Architect,Software Architect - Sr,Software Architect,4 - Senior
ricardodantas,Data Developer,Data Developer - Jr,Data Developer,2 - Junior
ricardodf,Developer,Developer - Sr,Developer,4 - Senior
ricardodj,Tester,QA - Sr,QA,4 - Senior
ricardodp,Developer,Developer - Sr,Developer,4 - Senior
ricardofranca,Tester,QA - Sr,QA,4 - Senior
ricardofranco,Tester,QA - Sr,QA,4 - Senior
ricardohl,Software Architect,Software Architect - Sr,Software Architect,4 - Senior
ricardojd,Senior Manager,Senior Manager,Senior Manager,6 - Master 2 / Senior Manager
ricardojs,Developer,Developer - Mid,Developer,3 - Mid-Level
ricardoluiz,Developer,Developer - Sr,Developer,4 - Senior
ricardom,Tester,QA - Sr,QA,4 - Senior
ricardomendes,Principal Data Architect,Principal Architect,Principal Architect,6 - Master 2 / Senior Manager
ricardomf,Developer,Intern,Intern,1 - Intern
ricardoms,Developer Master,Developer - Master,Developer,5 - Master / Manager
ricardop,Project Manager,Project Manager,Project Manager,5 - Master / Manager
ricardorg,Developer,Developer - Sr,Developer,4 - Senior
ricardors,Squad Leader,Squad Leader,Squad Leader,5 - Master / Manager
ricardosales,Developer,Developer - Sr,Developer,4 - Senior
ricardosb,Data Scientist Master,Data Scientist - Master,Data Scientist,5 - Master / Manager
ricardosh,Developer,Developer - Sr,Developer,4 - Senior
ricardotl,Squad Leader,Squad Leader,Squad Leader,5 - Master / Manager
ricellatorres,Tester,QA - Mid,QA,3 - Mid-Level
richard,Developer,Developer - Sr,Developer,4 - Senior
richard.baldin,Developer,Developer - Mid,Developer,3 - Mid-Level
richard.donizete,Developer,Developer - Mid,Developer,3 - Mid-Level
richards,Developer Master,Developer - Master,Developer,5 - Master / Manager
richardson,Business Analyst,Business Analyst - Sr,Business Analyst,4 - Senior
richardvb,Systems Architect,Systems Architect,Systems Architect,5 - Master / Manager
richardwb,Senior Data Architect,Not Applicable,Not Applicable,5 - Master / Manager
ricky,Developer,Developer - Mid,Developer,3 - Mid-Level
rilsonf,Developer,Developer - Sr,Developer,4 - Senior
riquelmy,Developer,Developer - Sr,Developer,4 - Senior
ritars,Developer,Developer - Sr,Developer,4 - Senior
rivelyno,Developer,Developer - Sr,Developer,4 - Senior
riverz,Developer,Developer - Mid,Developer,3 - Mid-Level
rizia,Developer,Developer - Jr,Developer,2 - Junior
rjanotti,Developer,Developer - Mid,Developer,3 - Mid-Level
rjunior,Tester,QA - Mid,QA,3 - Mid-Level
rkmartinho,Squad Leader,Squad Leader,Squad Leader,5 - Master / Manager
rlassance,Support Analyst,Support Analyst - Jr,Support Analyst,2 - Junior
rlobato,Architecture Manager,Principal Architect,Principal Architect,6 - Master 2 / Senior Manager
rlorenzetti,Developer,Developer - Sr,Developer,4 - Senior
rlucaz,Developer,Developer - Sr,Developer,4 - Senior
rluchina,Developer,Developer - Sr,Developer,4 - Senior
rlucilio,Developer,Developer - Master,Developer,5 - Master / Manager
rluiz,Squad Leader,Squad Leader,Squad Leader,5 - Master / Manager
rluna,Developer,Developer - Sr,Developer,4 - Senior
rmagno,Software Architect,Software Architect - Sr,Software Architect,4 - Senior
rmaia,UI Designer,UI Designer - Sr,UI Designer,4 - Senior
rmaranhao,Data Developer Master,Data Developer - Master,Data Developer,5 - Master / Manager
rmarcelino,Developer Master,Developer - Master,Developer,5 - Master / Manager
rmarchena,Developer,Developer - Sr,Developer,4 - Senior
rmarinho,Developer,Developer - Sr,Developer,4 - Senior
rmarquez,Architecture Manager,Principal Architect,Principal Architect,6 - Master 2 / Senior Manager
rmartinez,Developer,Developer - Jr,Developer,2 - Junior
rmarzoratti,Developer,Developer - Mid,Developer,3 - Mid-Level
rmassaroti,Squad Leader,Squad Leader,Squad Leader,5 - Master / Manager
rmattioni,Systems Architect,Systems Architect,Systems Architect,5 - Master / Manager
rmeneses,Developer,Intern,Intern,1 - Intern
rmoncao,Developer,Developer - Jr,Developer,2 - Junior
rmontesso,Data Developer,Data Developer - Mid,Data Developer,3 - Mid-Level
rmotcceli,Data Scientist,Data Scientist - Sr,Data Scientist,4 - Senior
rmuratori,Tester,QA - Sr,QA,4 - Senior
rmuricy,Developer,Developer - Sr,Developer,4 - Senior
rmussato,Developer Master,Developer - Master,Developer,5 - Master / Manager
rnagoshi,Developer,Developer - Sr,Developer,4 - Senior
rnakane,Data Developer Master,Data Developer - Master,Data Developer,5 - Master / Manager
rnazar,Senior Manager,Senior Manager,Senior Manager,6 - Master 2 / Senior Manager
rneregato,Product Manager,Product Manager,Product Manager,5 - Master / Manager
rneres,Developer,Developer - Sr,Developer,4 - Senior
rnica,Developer,Developer - Sr,Developer,4 - Senior
rnunes,Developer,Developer - Sr,Developer,4 - Senior
roanders,Senior Manager,Senior Manager,Senior Manager,6 - Master 2 / Senior Manager
robert.lee,Product Designer Expert,UI Designer - Master,UI Designer,5 - Master / Manager
robert.medina,Data Developer,Data Developer - Mid,Data Developer,3 - Mid-Level
roberta,Senior Manager,Senior Manager,Senior Manager,6 - Master 2 / Senior Manager
roberta.kuhleis,Senior Manager,Senior Manager,Senior Manager,6 - Master 2 / Senior Manager
roberta.oliveira,Senior Manager,Senior Manager,Senior Manager,6 - Master 2 / Senior Manager
robertam,Developer,Developer - Mid,Developer,3 - Mid-Level
robertapc,Squad Leader,Squad Leader,Squad Leader,5 - Master / Manager
robertarocha,Developer,Developer - Jr,Developer,2 - Junior
robertobn,Developer,Developer - Sr,Developer,4 - Senior
robertocc,Developer,Developer - Sr,Developer,4 - Senior
robertof,Developer,Intern,Intern,1 - Intern
robertorocha,Developer,Developer - Sr,Developer,4 - Senior
robertq,Developer,Developer - Sr,Developer,4 - Senior
robertrussar,Developer,Developer - Jr,Developer,2 - Junior
robin.guelta,Software Architect,Software Architect - Sr,Software Architect,4 - Senior
robison.tesini,Architecture Manager,Principal Architect,Principal Architect,6 - Master 2 / Senior Manager
robisonr,Data Developer,Data Developer - Sr,Data Developer,4 - Senior
robson,Scrum Master,Scrum Master,Scrum Master,4 - Senior
robsongs,Developer,Developer - Mid,Developer,3 - Mid-Level
robsonnr,Developer,Developer - Sr,Developer,4 - Senior
robsonr,Developer,Developer - Sr,Developer,4 - Senior
robsons,Tester,QA - Sr,QA,4 - Senior
robsonsm,Senior Experience Manager,Senior Manager,Senior Manager,6 - Master 2 / Senior Manager
robsonz,UX Expert,UX Specialist - Master,UX Specialist,5 - Master / Manager
rochabruno,Data Developer,Data Developer - Mid,Data Developer,3 - Mid-Level
rochaleandro,Developer,Developer - Mid,Developer,3 - Mid-Level
rochelle,Senior Experience Manager,Senior Manager,Senior Manager,6 - Master 2 / Senior Manager
rockyj,Developer,Developer - Sr,Developer,4 - Senior
rockzhang,Software Architect,Software Architect - Sr,Software Architect,4 - Senior
rodgerw,Developer,Developer - Jr,Developer,2 - Junior
rodneivs,Data Developer,Data Developer - Sr,Data Developer,4 - Senior
rodolfo.helfenstein,Developer Master,Developer - Master,Developer,5 - Master / Manager
rodolfoa,Developer,Developer - Mid,Developer,3 - Mid-Level
rodolfogk,Senior Manager,Senior Manager,Senior Manager,6 - Master 2 / Senior Manager
rodolfoluz,Accounting Manager,Not Applicable,Not Applicable,5 - Master / Manager
rodolfowesterberg,Developer,Developer - Sr,Developer,4 - Senior
rodolphob,Developer,Developer - Sr,Developer,4 - Senior
rodrigo,Project Manager,Project Manager,Project Manager,5 - Master / Manager
rodrigo.ryo,Developer,Developer - Sr,Developer,4 - Senior
rodrigo.santos,Systems Architect,Systems Architect,Systems Architect,5 - Master / Manager
rodrigo.teixeira,Product Manager,Product Manager,Product Manager,5 - Master / Manager
rodrigo.wang,Software Architect,Software Architect - Sr,Software Architect,4 - Senior
rodrigoac,Software Architect,Software Architect - Sr,Software Architect,4 - Senior
rodrigobelo,Developer,Developer - Mid,Developer,3 - Mid-Level
rodrigobg,Senior Data & Analytics Manager,Senior Manager,Senior Manager,6 - Master 2 / Senior Manager
rodrigobr,Developer,Developer - Sr,Developer,4 - Senior
rodrigobs,Squad Leader,Squad Leader,Squad Leader,5 - Master / Manager
rodrigocg,UI Designer,UI Designer - Master,UI Designer,5 - Master / Manager
rodrigocs,Systems Architect,Systems Architect,Systems Architect,5 - Master / Manager
rodrigodo,Developer,Developer - Mid,Developer,3 - Mid-Level
rodrigodr,Developer,Developer - Mid,Developer,3 - Mid-Level
rodrigods,Developer,Developer - Sr,Developer,4 - Senior
rodrigoeb,Senior Product Director,Senior Manager,Senior Manager,6 - Master 2 / Senior Manager
rodrigoeg,Architecture Manager,Principal Architect,Principal Architect,6 - Master 2 / Senior Manager
rodrigofc,Software Architect,Software Architect - Sr,Software Architect,4 - Senior
rodrigoferreira,Developer,Developer - Mid,Developer,3 - Mid-Level
rodrigogc,Developer,Developer - Sr,Developer,4 - Senior
rodrigogoncalves,Support Analyst,Support Analyst - Jr,Support Analyst,2 - Junior
rodrigohc,Developer,Developer - Sr,Developer,4 - Senior
rodrigomarques,Developer,Developer - Sr,Developer,4 - Senior
rodrigomf,Developer,Developer - Mid,Developer,3 - Mid-Level
rodrigomoralles,Project Manager,Project Manager,Project Manager,5 - Master / Manager
rodrigomoreira,Developer,Developer - Mid,Developer,3 - Mid-Level
rodrigomr,Data Developer,Data Developer - Mid,Data Developer,3 - Mid-Level
rodrigon,Developer,Developer - Sr,Developer,4 - Senior
rodrigonogueira,Architecture Manager,Principal Architect,Principal Architect,6 - Master 2 / Senior Manager
rodrigooliveira,Software Architect,Software Architect - Sr,Software Architect,4 - Senior
rodrigopereira,Developer,Developer - Sr,Developer,4 - Senior
rodrigopompei,Developer,Developer - Master,Developer,5 - Master / Manager
rodrigoprieto,Software Architect,Software Architect - Sr,Software Architect,4 - Senior
rodrigops,Developer,Developer - Mid,Developer,3 - Mid-Level
rodrigoqs,Developer,Developer - Sr,Developer,4 - Senior
rodrigor,Senior Manager,Senior Manager,Senior Manager,6 - Master 2 / Senior Manager
rodrigorc,Software Architect,Software Architect - Sr,Software Architect,4 - Senior
rodrigoribeiro,Developer,Developer - Sr,Developer,4 - Senior
rodrigoroberto,Developer,Developer - Sr,Developer,4 - Senior
rodrigorocha,Senior Manager,Senior Manager,Senior Manager,6 - Master 2 / Senior Manager
rodrigorossetto,Developer,Developer - Sr,Developer,4 - Senior
rodrigosm,Senior Manager,Senior Manager,Senior Manager,6 - Master 2 / Senior Manager
rodrigosoares,Developer,Developer - Sr,Developer,4 - Senior
rodrigosr,Developer,Developer - Sr,Developer,4 - Senior
rodrigoss,Developer,Developer - Sr,Developer,4 - Senior
rodrigotc,Data Developer,Data Developer - Sr,Data Developer,4 - Senior
rodrigov,Developer,Developer - Sr,Developer,4 - Senior
rodrigovs,Developer,Intern,Intern,1 - Intern
rodriguesbruno,Data Developer,Data Developer - Sr,Data Developer,4 - Senior
rodrik,Developer,Developer - Sr,Developer,4 - Senior
rogerc,Project Manager,Project Manager,Project Manager,5 - Master / Manager
rogergr,Developer,Developer - Sr,Developer,4 - Senior
rogerio.baccaglini,Developer,Developer - Sr,Developer,4 - Senior
rogerio.oliveira,Tester Master,QA - Master,QA,5 - Master / Manager
rogerioac,Developer Master,Developer - Master,Developer,5 - Master / Manager
rogeriom,Developer,Developer - Mid,Developer,3 - Mid-Level
rogeriosj,Data Developer,Data Developer - Jr,Data Developer,2 - Junior
rogeriotakashi,Developer,Developer - Sr,Developer,4 - Senior
rogeriotj,Developer,Developer - Sr,Developer,4 - Senior
rogerneves,Software Architect,Systems Architect,Systems Architect,5 - Master / Manager
rolal,Developer,Developer - Mid,Developer,3 - Mid-Level
romao,Developer,Developer - Mid,Developer,3 - Mid-Level
romualdo.nascimento,Developer,Developer - Mid,Developer,3 - Mid-Level
romulodp,Systems Architect,Systems Architect,Systems Architect,5 - Master / Manager
romuloes,Developer Master,Developer - Master,Developer,5 - Master / Manager
romulot,Developer,Developer - Sr,Developer,4 - Senior
romy,Developer,Developer - Sr,Developer,4 - Senior
ronaldn,Developer,Developer - Sr,Developer,4 - Senior
ronaldo.vieira,Developer,Developer - Sr,Developer,4 - Senior
ronaldoabrao,Systems Architect,Systems Architect,Systems Architect,5 - Master / Manager
ronaldobernardi,Senior Data Architect,Not Applicable,Not Applicable,5 - Master / Manager
ronaldocs,Architecture Manager,Principal Architect,Principal Architect,6 - Master 2 / Senior Manager
ronaldofs,Scrum Master,Scrum Master,Scrum Master,4 - Senior
ronaldog,Squad Leader,Squad Leader,Squad Leader,5 - Master / Manager
ronaldol,Data Developer,Data Developer - Sr,Data Developer,4 - Senior
ronaldosr,Data Developer Master,Data Developer - Master,Data Developer,5 - Master / Manager
ronaldovn,Software Architect,Software Architect - Sr,Software Architect,4 - Senior
ronalld.acacio,Not Applicable,Not Applicable,Not Applicable,4 - Senior
ronan,Software Architect,Software Architect - Sr,Software Architect,4 - Senior
roneri,Developer,Developer - Sr,Developer,4 - Senior
roneyt,Systems Architect,Software Architect - Sr,Software Architect,4 - Senior
ronzelieri,Developer,Developer - Sr,Developer,4 - Senior
rosanaam,Developer,Developer - Mid,Developer,3 - Mid-Level
rosangelasiqueira,Product Owner,Business Analyst - Sr,Business Analyst,4 - Senior
rosaottoni,Data Developer,Data Developer - Mid,Data Developer,3 - Mid-Level
rosianea,Tester,QA - Sr,QA,4 - Senior
rossanafm,Data Developer,Data Developer - Sr,Data Developer,4 - Senior
rowinsamson,Developer,Developer - Sr,Developer,4 - Senior
rpastori,Data Scientist,Data Scientist - Sr,Data Scientist,4 - Senior
rpechoneri,Developer,Developer - Sr,Developer,4 - Senior
rpedrosa,Tester,QA - Sr,QA,4 - Senior
rpedrosanto,Principal Software Developer,Developer - Master,Developer,6 - Master 2 / Senior Manager
rpegorari,Architecture Manager,Principal Architect,Principal Architect,6 - Master 2 / Senior Manager
rpellegrini,Data Developer,Data Developer - Sr,Data Developer,4 - Senior
rpenha,Tester,QA - Mid,QA,3 - Mid-Level
rpereira,Developer Master,Developer - Master,Developer,5 - Master / Manager
rpestana,Developer,Developer - Sr,Developer,4 - Senior
rpiantola,Architecture Manager,Principal Architect,Principal Architect,6 - Master 2 / Senior Manager
rpiellusch,Tester,Not Applicable,Not Applicable,5 - Master / Manager
rpinho,Developer,Developer - Sr,Developer,4 - Senior
rplacido,Developer,Intern,Intern,1 - Intern
rponteiro,Developer,Developer - Mid,Developer,3 - Mid-Level
rpontes,Developer,Developer - Mid,Developer,3 - Mid-Level
rprado,Developer,Developer - Sr,Developer,4 - Senior
rpraxedes,Developer,Developer - Mid,Developer,3 - Mid-Level
rqueiroz,Developer,Developer - Sr,Developer,4 - Senior
rquintino,Data Developer,Data Developer - Sr,Data Developer,4 - Senior
rragioto,Developer,Developer - Sr,Developer,4 - Senior
rrampazzo,Developer,Developer - Mid,Developer,3 - Mid-Level
rremiao,Developer Master,Developer - Master,Developer,5 - Master / Manager
rrosa,Developer,Developer - Mid,Developer,3 - Mid-Level
rrozendo,Developer,Intern,Intern,1 - Intern
rruivo,Developer,Intern,Intern,1 - Intern
rsabugari,Developer,Developer - Sr,Developer,4 - Senior
rsalvador,Developer,Intern,Intern,1 - Intern
rsantiago,Developer,Developer - Sr,Developer,4 - Senior
rsantos,Developer Master,Developer - Master,Developer,5 - Master / Manager
rscarpari,Developer,Developer - Sr,Developer,4 - Senior
rsereno,UI Designer,UI Designer - Mid,UI Designer,3 - Mid-Level
rsilva,Developer,Developer - Sr,Developer,4 - Senior
rsimoya,Developer,Developer - Jr,Developer,2 - Junior
rsmith,Senior Data & Analytics Manager,Senior Manager,Senior Manager,6 - Master 2 / Senior Manager
rsomera,Developer Master,Developer - Master,Developer,5 - Master / Manager
rsousa,Developer,Developer - Mid,Developer,3 - Mid-Level
rtetto,Squad Leader,Scrum Master,Scrum Master,4 - Senior
rtezzotto,Data Developer,Data Developer - Sr,Data Developer,4 - Senior
rtoledo,DevOps Engineer,Developer - Sr,Developer,4 - Senior
rtrindade,Developer,Developer - Jr,Developer,2 - Junior
ruan.torres,Project Manager,Project Manager,Project Manager,5 - Master / Manager
ruanr,Support Analyst,Support Analyst - Sr,Support Analyst,4 - Senior
ruans,Tester,QA - Mid,QA,3 - Mid-Level
ruantineu,Developer,Developer - Mid,Developer,3 - Mid-Level
rubens.carriel,Software Architect,Software Architect - Sr,Software Architect,4 - Senior
rubensrj,Developer,Developer - Mid,Developer,3 - Mid-Level
rudolf,Developer,Developer - Sr,Developer,4 - Senior
ruhan,Developer,Developer - Mid,Developer,3 - Mid-Level
ruhancs,Developer,Developer - Sr,Developer,4 - Senior
rutesl,Developer,Developer - Sr,Developer,4 - Senior
rvalenza,Developer Master,Developer - Master,Developer,5 - Master / Manager
rvaz,Developer,Developer - Sr,Developer,4 - Senior
rviana,Developer,Developer - Sr,Developer,4 - Senior
rwillisk,Developer,Developer - Sr,Developer,4 - Senior
ryamaguchi,Developer,Developer - Sr,Developer,4 - Senior
ryanc,Support Analyst,Support Analyst - Jr,Support Analyst,2 - Junior
ryanl,Tester,QA - Mid,QA,3 - Mid-Level
ryanm,Strategist,UX Specialist - Mid,UX Specialist,3 - Mid-Level
ryslania,Scrum Master,Scrum Master,Scrum Master,4 - Senior
rzanetti,Systems Architect,Systems Architect,Systems Architect,5 - Master / Manager
sabrinac,Developer,Developer - Sr,Developer,4 - Senior
sabrinamb,Data Developer Master,Data Developer - Master,Data Developer,5 - Master / Manager
sabrynaa,Developer,Developer - Mid,Developer,3 - Mid-Level
sagej,Business Analyst,Business Analyst - Sr,Business Analyst,4 - Senior
sakural,Associate Developer,Developer - Mid,Developer,3 - Mid-Level
salmogomes,Developer,Developer - Sr,Developer,4 - Senior
salomaoandrade,Developer,Developer - Sr,Developer,4 - Senior
samanta.chiesorin,Squad Leader,Squad Leader,Squad Leader,5 - Master / Manager
samanta.passos,Developer,Developer - Sr,Developer,4 - Senior
samantha,Systems Architect,Systems Architect,Systems Architect,5 - Master / Manager
samaram,Software Architect,Software Architect - Sr,Software Architect,4 - Senior
samaraof,Developer,Developer - Mid,Developer,3 - Mid-Level
samaras,Tester,QA - Mid,QA,3 - Mid-Level
samila,Product Manager,Product Manager,Product Manager,5 - Master / Manager
samir,Developer,Developer - Sr,Developer,4 - Senior
samirabittar,Developer,Developer - Sr,Developer,4 - Senior
samirleal,Developer,Developer - Jr,Developer,2 - Junior
samla,Scrum Master,Scrum Master,Scrum Master,4 - Senior
sammy,Product Designer Expert,Not Applicable,Not Applicable,4 - Senior
samuel.botero,Tech Intern,Intern,Intern,1 - Intern
samuel.macena,Developer,Developer - Sr,Developer,4 - Senior
samuel.ortiz,Developer,Developer - Jr,Developer,2 - Junior
samuel.osorio,Tech Intern,Intern,Intern,1 - Intern
samuelb,Developer,Developer - Sr,Developer,4 - Senior
samuelbs,Developer,Developer - Sr,Developer,4 - Senior
samuelgm,Tester,QA - Sr,QA,4 - Senior
samuelmf,Developer,Developer - Mid,Developer,3 - Mid-Level
samuelmm,Developer,Developer - Mid,Developer,3 - Mid-Level
samueln,Tester,QA - Mid,QA,3 - Mid-Level
samuelo,Tester,QA - Mid,QA,3 - Mid-Level
samuelr,Developer,Developer - Jr,Developer,2 - Junior
samuelrc,Software Architect,Software Architect - Sr,Software Architect,4 - Senior
samuelrodrigues,Tester,QA - Sr,QA,4 - Senior
samuelsg,DevOps,Not Applicable,Not Applicable,3 - Mid-Level
samuelsr,Developer,Intern,Intern,1 - Intern
samya,Squad Leader,Scrum Master,Scrum Master,4 - Senior
samyrasauaia,Tester,QA - Sr,QA,4 - Senior
sanaz,Tester,QA - Jr,QA,2 - Junior
sanderson,Developer,Developer - Sr,Developer,4 - Senior
sandersonc,Developer,Developer - Sr,Developer,4 - Senior
sandlergm,Developer,Developer - Sr,Developer,4 - Senior
sandrams,Developer,Developer - Mid,Developer,3 - Mid-Level
sandrasr,Data & Analytics Specialist,Data Analyst - Mid,Data Analyst,3 - Mid-Level
sandy,Developer,Developer - Mid,Developer,3 - Mid-Level
santiago.aguirre,Developer Master,Developer - Master,Developer,5 - Master / Manager
santiago.montoya,Tech Intern,Intern,Intern,1 - Intern
santiago.roldan,Tech Intern,Intern,Intern,1 - Intern
santiagodiaz,Squad Leader,Scrum Master,Scrum Master,4 - Senior
santiagoduque,Developer,Developer - Sr,Developer,4 - Senior
santiagol,Quality Analyst,QA - Sr,QA,4 - Senior
santiagor,Developer,Developer - Jr,Developer,2 - Junior
santiagovergara,Developer,Developer - Sr,Developer,4 - Senior
santos,Software Architect,Software Architect - Sr,Software Architect,4 - Senior
santuxa,Business Expert,Business Analyst - Sr,Business Analyst,5 - Master / Manager
sanzio.santos,Developer,Developer - Sr,Developer,4 - Senior
sara.yepes,Scrum Master,Scrum Master,Scrum Master,4 - Senior
sarah,Developer Master,Developer - Master,Developer,5 - Master / Manager
sarah.bizal,Scrum Master,Scrum Master,Scrum Master,3 - Mid-Level
sarahbt,Developer,Developer - Mid,Developer,3 - Mid-Level
sarahf,Developer,Developer - Jr,Developer,2 - Junior
sarahpr,Tester,QA - Mid,QA,3 - Mid-Level
saranya,Project Manager,Project Manager,Project Manager,5 - Master / Manager
saulo.bergamo,Developer,Developer - Mid,Developer,3 - Mid-Level
saulo.verussa,Developer,Developer - Sr,Developer,4 - Senior
saulof,Senior Manager,Senior Manager,Senior Manager,6 - Master 2 / Senior Manager
saurabh.deswal,Data & Analytics Specialist,Data Analyst - Sr,Data Analyst,4 - Senior
savio.souza,Developer,Developer - Sr,Developer,4 - Senior
saviolli,Developer Master,Developer - Master,Developer,5 - Master / Manager
saviomendes,Developer,Developer - Sr,Developer,4 - Senior
sbalduzzi,Developer,Developer - Sr,Developer,4 - Senior
sbaracho,Developer,Developer - Mid,Developer,3 - Mid-Level
sbianchini,Software Architect,Software Architect - Sr,Software Architect,4 - Senior
sbretas,Developer,Developer - Sr,Developer,4 - Senior
scamargo,Developer,Developer - Mid,Developer,3 - Mid-Level
scarelli,UX Designer,UX Specialist - Mid,UX Specialist,3 - Mid-Level
scheila,Developer,Developer - Jr,Developer,2 - Junior
scheilabraga,Scrum Master,Scrum Master,Scrum Master,4 - Senior
sdiniz,Developer,Intern,Intern,1 - Intern
sdutra,Developer,Intern,Intern,1 - Intern
seanye,Scrum Master,Scrum Master,Scrum Master,4 - Senior
sebastian.afanador,Developer,Developer - Sr,Developer,4 - Senior
sebastian.arteaga,Developer,Developer - Mid,Developer,3 - Mid-Level
sebastian.calvo,Quality Analyst,QA - Mid,QA,3 - Mid-Level
sebastian.diaz,Developer,Developer - Mid,Developer,3 - Mid-Level
sebastian.palacios,Tech Intern,Intern,Intern,1 - Intern
sebastian.urrea,Tech Intern,Intern,Intern,1 - Intern
sebastian.valderrama,Developer,Developer - Mid,Developer,3 - Mid-Level
sebastian.valencia,Tech Intern,Intern,Intern,1 - Intern
sebastian.velasquez,Tech Intern,Intern,Intern,1 - Intern
sebastiancs,Developer,Developer - Sr,Developer,4 - Senior
sereno.moreno,Not Applicable,Not Applicable,Not Applicable,6 - Master 2 / Senior Manager
sergio.amarillo,Tech Intern,Intern,Intern,1 - Intern
sergio.silva,Developer,Developer - Sr,Developer,4 - Senior
sergioa,Systems Architect,Systems Architect,Systems Architect,5 - Master / Manager
sergiob,Developer,Developer - Sr,Developer,4 - Senior
sergiobj,Developer Master,Developer - Master,Developer,5 - Master / Manager
sergiocf,Systems Architect,Systems Architect,Systems Architect,5 - Master / Manager
sergiod,Quality Analyst,QA - Sr,QA,4 - Senior
sergiomc,Squad Leader,Squad Leader,Squad Leader,5 - Master / Manager
sflausino,Developer,Developer - Jr,Developer,2 - Junior
sfurtado,Developer,Intern,Intern,1 - Intern
sgarrido,Developer,Developer - Sr,Developer,4 - Senior
sgoncalves,Tester,QA - Mid,QA,3 - Mid-Level
sgoulart,Product Designer,UI Designer - Sr,UI Designer,4 - Senior
sgrazioli,Software Architect,Software Architect - Sr,Software Architect,4 - Senior
sguimaraes,Developer,Developer - Sr,Developer,4 - Senior
shadow,Project Manager,Project Manager,Project Manager,5 - Master / Manager
shaitj,Developer,Developer - Jr,Developer,2 - Junior
sharonl,Tester,QA - Jr,QA,2 - Junior
shasha,Developer,Developer - Mid,Developer,3 - Mid-Level
shaunz,Data Developer,Data Developer - Mid,Data Developer,3 - Mid-Level
shawnr,Developer Master,Developer - Master,Developer,5 - Master / Manager
sheilab,Tester,QA - Sr,QA,4 - Senior
sherwinandrada,Scrum Master,Scrum Master,Scrum Master,4 - Senior
sheylamiranda,Tester,QA - Mid,QA,3 - Mid-Level
sheylars,Tester,QA - Mid,QA,3 - Mid-Level
shinyc,Developer,Developer - Mid,Developer,3 - Mid-Level
shoyos,Developer,Developer - Sr,Developer,4 - Senior
shufen,Developer,Developer - Sr,Developer,4 - Senior
sibelet,Tester Master,QA - Master,QA,5 - Master / Manager
sidneihonorato,Developer,Developer - Sr,Developer,4 - Senior
sidneij,Developer,Developer - Mid,Developer,3 - Mid-Level
sidneyjr,Developer,Developer - Mid,Developer,3 - Mid-Level
sidneysilva,Developer,Developer - Sr,Developer,4 - Senior
silaslimeira,Developer,Developer - Sr,Developer,4 - Senior
sillasroberto,Developer,Developer - Mid,Developer,3 - Mid-Level
silmara.costa,Squad Leader,Squad Leader,Squad Leader,5 - Master / Manager
silva.ana,Business Analyst,Business Analyst - Mid,Business Analyst,3 - Mid-Level
silvadanilo,Developer,Developer - Sr,Developer,4 - Senior
silvajoao,Developer,Developer - Sr,Developer,4 - Senior
silvalucas,Developer,Developer - Sr,Developer,4 - Senior
silvan.feitosa,Developer,Developer - Sr,Developer,4 - Senior
silvanars,Squad Leader,Squad Leader,Squad Leader,5 - Master / Manager
silvia.martinez,Developer,Developer - Jr,Developer,2 - Junior
silvia.milani,Not Applicable,Not Applicable,Not Applicable,6 - Master 2 / Senior Manager
silviag,Squad Leader,Squad Leader,Squad Leader,5 - Master / Manager
silviagf,Developer,Developer - Jr,Developer,2 - Junior
silviane,Tester,QA - Mid,QA,3 - Mid-Level
silviars,Senior Manager,Senior Manager,Senior Manager,6 - Master 2 / Senior Manager
silviohs,Developer,Developer - Mid,Developer,3 - Mid-Level
simbaw,Developer,Developer - Sr,Developer,4 - Senior
simeij,Developer,Developer - Sr,Developer,4 - Senior
simon.botero,Developer,Developer - Sr,Developer,4 - Senior
simone.ansanello,Squad Leader,Scrum Master,Scrum Master,4 - Senior
simone.bueno,Squad Leader,Squad Leader,Squad Leader,5 - Master / Manager
simoneamaral,Data & Analytics Specialist,Data Analyst - Jr,Data Analyst,2 - Junior
simoneh,Tester,QA - Sr,QA,4 - Senior
simoneof,Tester,QA - Mid,QA,3 - Mid-Level
simones,Data Developer,Data Developer - Sr,Data Developer,4 - Senior
simonl,Developer,Developer - Jr,Developer,2 - Junior
simonx,Developer,Developer - Mid,Developer,3 - Mid-Level
siturong,Associate Developer,Developer - Sr,Developer,4 - Senior
skyes,Tester,QA - Mid,QA,3 - Mid-Level
smanoel,Tester,QA - Sr,QA,4 - Senior
smarckson,Developer,Developer - Mid,Developer,3 - Mid-Level
smarcula,Developer,Developer - Jr,Developer,2 - Junior
smarim,Developer,Intern,Intern,1 - Intern
smendonca,Senior Manager,Senior Manager,Senior Manager,6 - Master 2 / Senior Manager
smorihiro,Data Developer,Data Developer - Jr,Data Developer,2 - Junior
snascimento,Developer,Developer - Sr,Developer,4 - Senior
sofias,Tester,QA - Mid,QA,3 - Mid-Level
sohini,"Senior Business Director, EMEA",Senior Manager,Senior Manager,6 - Master 2 / Senior Manager
solangef,Tester,QA - Sr,QA,4 - Senior
solonm,Developer,Intern,Intern,1 - Intern
solzanirs,Developer,Developer - Sr,Developer,4 - Senior
sonajc,Developer,Developer - Jr,Developer,2 - Junior
songjing,Developer,Developer - Mid,Developer,3 - Mid-Level
songs,Developer,Developer - Jr,Developer,2 - Junior
sonia.suarez,Quality Analyst,QA - Mid,QA,3 - Mid-Level
sonias,UX/UI Designer,UI Designer - Sr,UI Designer,4 - Senior
soraiaf,Business Analyst,Business Analyst - Sr,Business Analyst,4 - Senior
sousa,Systems Architect,Systems Architect,Systems Architect,5 - Master / Manager
souza,Squad Leader,Squad Leader,Squad Leader,5 - Master / Manager
souzafernando,Developer,Developer - Mid,Developer,3 - Mid-Level
souzarafael,Developer,Developer - Jr,Developer,2 - Junior
spimentel,Developer,Developer - Sr,Developer,4 - Senior
splauto,Tester,QA - Mid,QA,3 - Mid-Level
sproesser,Developer,Developer - Sr,Developer,4 - Senior
squeiroz,Data & Analytics Specialist,Data Analyst - Sr,Data Analyst,4 - Senior
sribeiro,Data & Analytics Specialist,Data Analyst - Sr,Data Analyst,4 - Senior
ssantino,Developer,Developer - Sr,Developer,4 - Senior
ssharma,Architecture Manager,Principal Architect,Principal Architect,6 - Master 2 / Senior Manager
ssouza,Developer,Intern,Intern,1 - Intern
stabosa,Developer,Developer - Mid,Developer,3 - Mid-Level
starinl,Project Manager,Project Manager,Project Manager,5 - Master / Manager
steelx,Developer,Developer - Jr,Developer,2 - Junior
stefanied,Tester,QA - Mid,QA,3 - Mid-Level
stefanigb,Support Analyst,Support Analyst - Jr,Support Analyst,2 - Junior
steffanob,Developer,Developer - Sr,Developer,4 - Senior
steffany.naranjo,Developer,Developer - Sr,Developer,4 - Senior
steffanym,Developer,Developer - Mid,Developer,3 - Mid-Level
stellas,Scrum Master,Scrum Master,Scrum Master,4 - Senior
stephanie.lemos,Squad Leader,Squad Leader,Squad Leader,5 - Master / Manager
stephanie.thomas,Senior Client Manager-Americas,Not Applicable,Not Applicable,4 - Senior
stephanied,Developer,Developer - Mid,Developer,3 - Mid-Level
stephanier,UX Designer,UX Specialist - Sr,UX Specialist,4 - Senior
stephany,Tester,QA - Sr,QA,4 - Senior
stephen,Software Architect,Software Architect - Sr,Software Architect,4 - Senior
stephen.boynton,Developer Master,Developer - Master,Developer,5 - Master / Manager
steven.faria,Developer,Developer - Mid,Developer,3 - Mid-Level
steven.jones,"Senior Director, Data, EMEA",Not Applicable,Not Applicable,6 - Master 2 / Senior Manager
stevenl,Software Architect,Software Architect - Sr,Software Architect,4 - Senior
stevenm,UI Designer,UI Designer - Sr,UI Designer,4 - Senior
sthefaniaf,Developer,Developer - Sr,Developer,4 - Senior
sthefaniaquino,Support Analyst,Support Analyst - Mid,Support Analyst,3 - Mid-Level
stonec,Developer,Developer - Mid,Developer,3 - Mid-Level
suelaine,Developer,Developer - Sr,Developer,4 - Senior
suelen.magnaterra,Developer,Developer - Mid,Developer,3 - Mid-Level
sun,Support Analyst,Support Analyst - Jr,Support Analyst,2 - Junior
sunilramchandani,Developer,Developer - Sr,Developer,4 - Senior
sunnym,Tester,QA - Jr,QA,2 - Junior
sunnyzh,Tester,QA - Mid,QA,3 - Mid-Level
susan.rodriguez,Product Manager-Americas,Business Analyst - Mid,Business Analyst,3 - Mid-Level
susan.takpi,Not Applicable,Not Applicable,Not Applicable,4 - Senior
susana.hidalgo,Quality Analyst,QA - Sr,QA,4 - Senior
susanhu,Scrum Master,Scrum Master,Scrum Master,4 - Senior
sussulini,Developer,Developer - Sr,Developer,4 - Senior
suvis,Tester,QA - Mid,QA,3 - Mid-Level
svasconcellos,Developer,Developer - Mid,Developer,3 - Mid-Level
sylviotc,Squad Leader,Scrum Master,Scrum Master,4 - Senior
tabatads,Developer,Developer - Mid,Developer,3 - Mid-Level
tabataeb,Scrum Master,Scrum Master,Scrum Master,4 - Senior
tabatafronza,UX Designer,UX Specialist - Sr,UX Specialist,4 - Senior
tacion,Developer,Developer - Mid,Developer,3 - Mid-Level
taianam,Developer,Developer - Mid,Developer,3 - Mid-Level
taidy.marrugo,Developer,Developer - Sr,Developer,4 - Senior
tailinyds,Tester,QA - Sr,QA,4 - Senior
tainasb,Tester,QA - Sr,QA,4 - Senior
tais.barsagui,Tester,QA - Sr,QA,4 - Senior
taisdc,Developer,Developer - Jr,Developer,2 - Junior
taisv,Scrum Master,Scrum Master,Scrum Master,4 - Senior
takahiro,Developer,Developer - Jr,Developer,2 - Junior
takuma,Developer,Developer - Jr,Developer,2 - Junior
tales,Squad Leader,Squad Leader,Squad Leader,5 - Master / Manager
talitac,Squad Leader,Scrum Master,Scrum Master,4 - Senior
talitacarvalho,Tester,QA - Sr,QA,4 - Senior
talonso,Developer,Developer - Mid,Developer,3 - Mid-Level
tamarab,Developer,Developer - Sr,Developer,4 - Senior
tamellab,Developer,Developer - Mid,Developer,3 - Mid-Level
tamirescp,Developer,Developer - Mid,Developer,3 - Mid-Level
tamiress,Support Master,Scrum Master,Scrum Master,4 - Senior
tammy,Business Analyst,Business Analyst - Sr,Business Analyst,4 - Senior
tamy,Squad Leader,Scrum Master,Scrum Master,4 - Senior
tanato,Developer Master,Developer - Master,Developer,5 - Master / Manager
taniarita,Developer,Developer - Jr,Developer,2 - Junior
tanyat,Developer,Developer - Mid,Developer,3 - Mid-Level
tara.gass,Product Designer,Not Applicable,Not Applicable,3 - Mid-Level
tarik,Developer,Developer - Mid,Developer,3 - Mid-Level
tarineh,Support Analyst,Support Analyst - Sr,Support Analyst,4 - Senior
tarsilam,Business Analyst,Business Analyst - Sr,Business Analyst,4 - Senior
tarssito,Developer,Developer - Sr,Developer,4 - Senior
tasha,Product Director-Americas,Not Applicable,Not Applicable,5 - Master / Manager
tatianagm,Squad Leader,Squad Leader,Squad Leader,5 - Master / Manager
tatianalopes,Scrum Master,Scrum Master,Scrum Master,4 - Senior
tatianemt,Product Designer,UI Designer - Mid,UI Designer,3 - Mid-Level
tatianey,Scrum Master,Scrum Master,Scrum Master,4 - Senior
tauanygb,Business Analyst,Business Analyst - Mid,Business Analyst,3 - Mid-Level
taylanebn,Developer,Developer - Sr,Developer,4 - Senior
taylorh,Tester,QA - Mid,QA,3 - Mid-Level
taylory,Developer,Developer - Mid,Developer,3 - Mid-Level
taynasg,Developer,Developer - Jr,Developer,2 - Junior
tbarbam,Developer,Developer - Sr,Developer,4 - Senior
tbarboza,Systems Architect,Systems Architect,Systems Architect,5 - Master / Manager
tbarion,Squad Leader,Squad Leader,Squad Leader,5 - Master / Manager
tbecattini,Scrum Master,Scrum Master,Scrum Master,4 - Senior
tbsouza,Developer,Developer - Mid,Developer,3 - Mid-Level
tbykoski,Developer,Developer - Sr,Developer,4 - Senior
tcamargo,Senior Manager,Senior Manager,Senior Manager,6 - Master 2 / Senior Manager
tcaznoca,Data Developer,Data Developer - Sr,Data Developer,4 - Senior
tcesar,Developer,Developer - Sr,Developer,4 - Senior
tchierici,Architecture Manager,Principal Architect,Principal Architect,6 - Master 2 / Senior Manager
tcriscione,Data & Analytics Specialist,Data Analyst - Sr,Data Analyst,4 - Senior
tcunha,Developer,Developer - Mid,Developer,3 - Mid-Level
tdallecio,Developer,Intern,Intern,1 - Intern
tdalmutt,Developer,Developer - Sr,Developer,4 - Senior
tdelgado,Squad Leader,Scrum Master,Scrum Master,4 - Senior
tdelpasso,Squad Leader,Squad Leader,Squad Leader,5 - Master / Manager
tdestro,Project Manager,Project Manager,Project Manager,5 - Master / Manager
tdias,Senior Manager,Senior Manager,Senior Manager,6 - Master 2 / Senior Manager
tdomingues,Developer,Developer - Mid,Developer,3 - Mid-Level
ted.fan,Developer,Developer - Sr,Developer,4 - Senior
tfabris,Support Analyst,Support Analyst - Jr,Support Analyst,2 - Junior
tferreira,Senior Manager,Senior Manager,Senior Manager,6 - Master 2 / Senior Manager
tfirmino,Squad Leader,Scrum Master,Scrum Master,4 - Senior
tfranchin,Developer,Developer - Sr,Developer,4 - Senior
tfreitas,Developer,Developer - Sr,Developer,4 - Senior
tgoncalves,Developer,Developer - Sr,Developer,4 - Senior
tgouvea,Tester,QA - Sr,QA,4 - Senior
thailasl,Squad Leader,Squad Leader,Squad Leader,5 - Master / Manager
thainafl,Squad Leader,Scrum Master,Scrum Master,4 - Senior
thais.rocha,Developer,Developer - Mid,Developer,3 - Mid-Level
thaisat,Project Manager,Project Manager,Project Manager,5 - Master / Manager
thaisc,Squad Leader,Squad Leader,Squad Leader,5 - Master / Manager
thaiscorrea,Data Developer,Data Developer - Mid,Data Developer,3 - Mid-Level
thaisfm,Scrum Master,Scrum Master,Scrum Master,3 - Mid-Level
thaisj,Senior Manager,Senior Manager,Senior Manager,6 - Master 2 / Senior Manager
thaism,Developer,Developer - Mid,Developer,3 - Mid-Level
thaisoliveira,Product Designer,UI Designer - Mid,UI Designer,3 - Mid-Level
thaispaula,Data & Analytics Specialist,Data Analyst - Sr,Data Analyst,4 - Senior
thaissa,Developer,Developer - Mid,Developer,3 - Mid-Level
thaistome,Squad Leader,Not Applicable,Not Applicable,6 - Master 2 / Senior Manager
thaistoni,Data & Analytics Leader,Data Analyst - Sr,Data Analyst,4 - Senior
thaisw,Tester,QA - Mid,QA,3 - Mid-Level
thaisxf,Developer,Developer - Mid,Developer,3 - Mid-Level
thalesadler,Developer,Developer - Sr,Developer,4 - Senior
thalesb,Developer,Developer - Jr,Developer,2 - Junior
thalesgs,Architecture Manager,Principal Architect,Principal Architect,6 - Master 2 / Senior Manager
thaleslt,Software Architect,Software Architect - Sr,Software Architect,4 - Senior
thalesm,Developer,Developer - Mid,Developer,3 - Mid-Level
thalest,Developer,Developer - Mid,Developer,3 - Mid-Level
thallesf,Developer,Developer - Sr,Developer,4 - Senior
thallesr,Data Developer,Data Developer - Sr,Data Developer,4 - Senior
thallysson,Developer,Developer - Sr,Developer,4 - Senior
thallytac,Developer,Developer - Mid,Developer,3 - Mid-Level
thamer.ayssami,Developer,Developer - Sr,Developer,4 - Senior
thamiresapr,Developer,Developer - Jr,Developer,2 - Junior
thamirescs,Tester,QA - Jr,QA,2 - Junior
thamiresg,Developer,Developer - Mid,Developer,3 - Mid-Level
thamiresv,Developer,Developer - Mid,Developer,3 - Mid-Level
thaynara,Tester,QA - Sr,QA,4 - Senior
thays.mendes,Not Applicable,Not Applicable,Not Applicable,4 - Senior
thaysfabri,Developer,Developer - Mid,Developer,3 - Mid-Level
thaysstella,UI Designer,UI Designer - Sr,UI Designer,4 - Senior
theo.patrizi,Senior Manager,Senior Manager,Senior Manager,6 - Master 2 / Senior Manager
thiago.bortoletto,Architecture Manager,Principal Architect,Principal Architect,6 - Master 2 / Senior Manager
thiago.cezario,Developer,Developer - Sr,Developer,4 - Senior
thiago.chagas,Systems Architect,Systems Architect,Systems Architect,5 - Master / Manager
thiago.guertes,Developer,Developer - Mid,Developer,3 - Mid-Level
thiago.lima,Squad Leader,Squad Leader,Squad Leader,5 - Master / Manager
thiago.muller,Developer,Developer - Sr,Developer,4 - Senior
thiago.penha,Product Designer,UI Designer - Sr,UI Designer,4 - Senior
thiago.quartarolo,Developer,Developer - Sr,Developer,4 - Senior
thiago.quintanilha,Product Designer Expert,UI Designer - Master,UI Designer,5 - Master / Manager
thiago.teixeira,Developer,Intern,Intern,1 - Intern
thiagoaa,Developer,Developer - Sr,Developer,4 - Senior
thiagoad,Squad Leader,Squad Leader,Squad Leader,5 - Master / Manager
thiagoalves,Developer,Developer - Sr,Developer,4 - Senior
thiagoaraujo,Systems Architect,Systems Architect,Systems Architect,5 - Master / Manager
thiagoarrais,Developer,Developer - Sr,Developer,4 - Senior
thiagoas,Developer,Developer - Sr,Developer,4 - Senior
thiagob,Senior Manager,Senior Manager,Senior Manager,6 - Master 2 / Senior Manager
thiagobc,Developer,Developer - Mid,Developer,3 - Mid-Level
thiagobrito,Developer,Developer - Sr,Developer,4 - Senior
thiagoca,Tester,QA - Sr,QA,4 - Senior
thiagocarvalho,Tester,QA - Sr,QA,4 - Senior
thiagocesar,Developer,Developer - Sr,Developer,4 - Senior
thiagodf,Developer,Developer - Mid,Developer,3 - Mid-Level
thiagodorea,Developer,Developer - Sr,Developer,4 - Senior
thiagofreitas,Tester,QA - Sr,QA,4 - Senior
thiagofv,Scrum Master,Scrum Master,Scrum Master,4 - Senior
thiagog,Developer,Developer - Sr,Developer,4 - Senior
thiagogc,Squad Leader,Scrum Master,Scrum Master,4 - Senior
thiagogm,Architecture Manager,Principal Architect,Principal Architect,6 - Master 2 / Senior Manager
thiagohl,Data Developer,Data Developer - Sr,Data Developer,4 - Senior
thiagoht,Software Architect,Software Architect - Sr,Software Architect,4 - Senior
thiagoj,UI Designer,UI Designer - Sr,UI Designer,4 - Senior
thiagolima,Developer,Developer - Jr,Developer,2 - Junior
thiagom,Developer Master,Developer - Master,Developer,5 - Master / Manager
thiagomb,Developer Master,Developer - Master,Developer,5 - Master / Manager
thiagomichel,Developer,Developer - Sr,Developer,4 - Senior
thiagomp,Developer,Developer - Sr,Developer,4 - Senior
thiagooc,Developer,Developer - Mid,Developer,3 - Mid-Level
thiagoof,Squad Leader,Squad Leader,Squad Leader,5 - Master / Manager
thiagooliveira,Software Architect,Software Architect - Sr,Software Architect,4 - Senior
thiagoos,Developer,Developer - Mid,Developer,3 - Mid-Level
thiagoreis,Systems Architect,Systems Architect,Systems Architect,5 - Master / Manager
thiagorinco,Developer,Developer - Mid,Developer,3 - Mid-Level
thiagorw,Developer,Developer - Sr,Developer,4 - Senior
thiagosc,Developer,Developer - Jr,Developer,2 - Junior
thiagosm,Developer,Developer - Mid,Developer,3 - Mid-Level
thiagoteixeira,Systems Architect,Systems Architect,Systems Architect,5 - Master / Manager
thiagotorres,Senior Manager,Senior Manager,Senior Manager,6 - Master 2 / Senior Manager
thiagovale,Data Developer,Data Developer - Mid,Data Developer,3 - Mid-Level
thiagoyf,Developer,Developer - Sr,Developer,4 - Senior
thomas.leitao,Developer,Developer - Sr,Developer,4 - Senior
thomasp,Data & Analytics Manager,Data Analyst - Master,Data Analyst,5 - Master / Manager
thomaz.halter,Squad Leader,Scrum Master,Scrum Master,4 - Senior
thomaz.kopanakis,Developer,Developer - Sr,Developer,4 - Senior
thomazn,Data Developer Master,Data Developer - Master,Data Developer,5 - Master / Manager
thomazs,Data Developer,Data Developer - Sr,Data Developer,4 - Senior
tiago.almeida,Developer,Developer - Sr,Developer,4 - Senior
tiago.araujo,Scrum Master,Scrum Master,Scrum Master,4 - Senior
tiago.coelho,Developer,Developer - Sr,Developer,4 - Senior
tiago.freire,Developer,Developer - Sr,Developer,4 - Senior
tiago.moscoski,Squad Leader,Scrum Master,Scrum Master,4 - Senior
tiago.rodrigues,Data Developer,Data Developer - Jr,Data Developer,2 - Junior
tiagoa,Systems Architect,Systems Architect,Systems Architect,5 - Master / Manager
tiagoam,Software Architect,Software Architect - Sr,Software Architect,4 - Senior
tiagoao,Developer Master,Developer - Master,Developer,5 - Master / Manager
tiagoayres,Business Analyst,Business Analyst - Sr,Business Analyst,4 - Senior
tiagobatista,Developer,Developer - Mid,Developer,3 - Mid-Level
tiagocc,Developer,Developer - Mid,Developer,3 - Mid-Level
tiagocosta,Developer,Developer - Sr,Developer,4 - Senior
tiagocp,Developer,Developer - Mid,Developer,3 - Mid-Level
tiagoff,Software Architect,Software Architect - Sr,Software Architect,4 - Senior
tiagofg,Developer,Developer - Mid,Developer,3 - Mid-Level
tiagofs,Developer,Developer - Sr,Developer,4 - Senior
tiagohp,Software Architect,Software Architect - Sr,Software Architect,4 - Senior
tiagokodama,Developer,Developer - Sr,Developer,4 - Senior
tiagol,Data & Analytics Specialist Master,Data Analyst - Master,Data Analyst,5 - Master / Manager
tiagom,Data Developer Master,Data Developer - Master,Data Developer,5 - Master / Manager
tiagomarmitt,Developer,Developer - Mid,Developer,3 - Mid-Level
tiagomessias,Tester,QA - Mid,QA,3 - Mid-Level
tiagonogueira,Developer,Developer - Sr,Developer,4 - Senior
tiagons,Developer,Developer - Sr,Developer,4 - Senior
tiagoo,Developer,Developer - Sr,Developer,4 - Senior
tiagov,Developer,Developer - Sr,Developer,4 - Senior
tianchengz,Developer,Developer - Mid,Developer,3 - Mid-Level
tianna.duty,Product Designer,UI Designer - Sr,UI Designer,4 - Senior
tibisay.sanchez,Data & Analytics Manager,Not Applicable,Not Applicable,5 - Master / Manager
tiffinyz,Project Manager,Project Manager,Project Manager,5 - Master / Manager
tim.pepper,Developer,Developer - Sr,Developer,4 - Senior
tizz,Senior Design Director,Senior Manager,Senior Manager,6 - Master 2 / Senior Manager
tkanashiro,Developer,Developer - Mid,Developer,3 - Mid-Level
tkraetzer,Developer,Developer - Sr,Developer,4 - Senior
tlobato,Developer,Developer - Jr,Developer,2 - Junior
tmaiochi,Developer,Developer - Mid,Developer,3 - Mid-Level
tmares,Data Developer,Data Developer - Mid,Data Developer,3 - Mid-Level
tmatheus,Developer,Intern,Intern,1 - Intern
tmaziero,Systems Architect,Systems Architect,Systems Architect,5 - Master / Manager
tmedeiros,Tester,QA - Sr,QA,4 - Senior
tmelo,Senior Manager,Senior Manager,Senior Manager,6 - Master 2 / Senior Manager
tmenezes,Developer,Developer - Mid,Developer,3 - Mid-Level
tmerino,Software Architect,Systems Architect,Systems Architect,5 - Master / Manager
tmiccoli,Squad Leader,Squad Leader,Squad Leader,5 - Master / Manager
tmignoli,Developer,Developer - Mid,Developer,3 - Mid-Level
tmimura,Developer,Developer - Jr,Developer,2 - Junior
tmonique,Tester,QA - Mid,QA,3 - Mid-Level
tmoreira,Tester,QA - Mid,QA,3 - Mid-Level
tmoura,Developer Master,Developer - Master,Developer,5 - Master / Manager
tnayara,Tester,QA - Mid,QA,3 - Mid-Level
tnoberto,Developer,Developer - Mid,Developer,3 - Mid-Level
tobyc,Developer,Developer - Mid,Developer,3 - Mid-Level
tomas.souza,Tester,QA - Mid,QA,3 - Mid-Level
tpetry,UX Designer,UX Specialist - Sr,UX Specialist,4 - Senior
tporfirio,Developer,Developer - Mid,Developer,3 - Mid-Level
tprimitivo,Developer,Developer - Sr,Developer,4 - Senior
tribeiro,Systems Architect,Systems Architect,Systems Architect,5 - Master / Manager
tristan.vogler,IT Leader,Not Applicable,Not Applicable,4 - Senior
trodrigues,Senior Manager,Senior Manager,Senior Manager,6 - Master 2 / Senior Manager
tsantana,Software Architect,Software Architect - Sr,Software Architect,4 - Senior
tscarpelin,Developer,Intern,Intern,1 - Intern
tsimionato,Developer,Developer - Mid,Developer,3 - Mid-Level
tsponchiado,Developer,Developer - Sr,Developer,4 - Senior
tstaibano,Developer,Developer - Sr,Developer,4 - Senior
tstefanello,Systems Architect,Systems Architect,Systems Architect,5 - Master / Manager
ttersariol,Software Architect,Software Architect - Sr,Software Architect,4 - Senior
ttresca,Support Analyst,Support Analyst - Jr,Support Analyst,2 - Junior
tuannyn,Tester,QA - Sr,QA,4 - Senior
tuanymariah,Data Developer,Data Developer - Mid,Data Developer,3 - Mid-Level
tulio.bazan,Software Architect,Systems Architect,Systems Architect,5 - Master / Manager
tulio.polachini,Systems Architect,Systems Architect,Systems Architect,5 - Master / Manager
tuliof,Developer,Developer - Mid,Developer,3 - Mid-Level
tuliomartins,Systems Architect,Systems Architect,Systems Architect,5 - Master / Manager
tulios,Developer,Developer - Mid,Developer,3 - Mid-Level
tullius,Tester,QA - Sr,QA,4 - Senior
turassa,Architecture Manager,Principal Architect,Principal Architect,6 - Master 2 / Senior Manager
turon,Architecture Manager,Principal Architect,Principal Architect,6 - Master 2 / Senior Manager
tvieira,Senior Experience Manager,Senior Manager,Senior Manager,6 - Master 2 / Senior Manager
twinklec,Tester,QA - Mid,QA,3 - Mid-Level
tzago,Systems Architect,Systems Architect,Systems Architect,5 - Master / Manager
tzambotti,Squad Leader,Not Applicable,Not Applicable,5 - Master / Manager
ualid,Developer,Developer - Sr,Developer,4 - Senior
ubirajara.neto,Developer Master,Developer - Master,Developer,5 - Master / Manager
ubyrajarap,Squad Leader,Squad Leader,Squad Leader,5 - Master / Manager
uildson,Developer,Intern,Intern,1 - Intern
ulissesmg,Developer,Intern,Intern,1 - Intern
ulissesoliveira,Developer,Developer - Sr,Developer,4 - Senior
ulissesr,Developer,Developer - Mid,Developer,3 - Mid-Level
ulissesrs,Developer,Developer - Sr,Developer,4 - Senior
umana,Developer,Developer - Mid,Developer,3 - Mid-Level
v.linacui,Support Analyst,Not Applicable,Not Applicable,2 - Junior
v.susanacanas,UX Designer,UX Specialist - Sr,UX Specialist,4 - Senior
vagner.mendes,Senior Manager,Senior Manager,Senior Manager,6 - Master 2 / Senior Manager
vagner.oliveira,Developer,Developer - Sr,Developer,4 - Senior
vagnergb,Business Analyst,Business Analyst - Sr,Business Analyst,4 - Senior
valdemarb,Data Developer,Data Developer - Sr,Data Developer,4 - Senior
valdices,Business Analyst,Business Analyst - Mid,Business Analyst,3 - Mid-Level
valdirc,Developer,Developer - Jr,Developer,2 - Junior
valdomiromc,Developer,Developer - Mid,Developer,3 - Mid-Level
valdrei,Tester,QA - Sr,QA,4 - Senior
valeria.silva,Data Developer,Data Developer - Sr,Data Developer,4 - Senior
valkerv,Software Architect,Software Architect - Sr,Software Architect,4 - Senior
valters,Developer,Developer - Mid,Developer,3 - Mid-Level
vancex,Developer,Developer - Mid,Developer,3 - Mid-Level
vancexia,Developer,Developer - Mid,Developer,3 - Mid-Level
vanessa.fernandes,Squad Leader,Squad Leader,Squad Leader,5 - Master / Manager
vanessac,Senior Manager,Senior Manager,Senior Manager,6 - Master 2 / Senior Manager
vanessafaustino,Developer,Developer - Sr,Developer,4 - Senior
vanessagf,Tester,QA - Sr,QA,4 - Senior
vanessaheld,Developer,Developer - Mid,Developer,3 - Mid-Level
vanessam,UX Researcher,UX Specialist - Mid,UX Specialist,3 - Mid-Level
vanessanascimento,Squad Leader,Scrum Master,Scrum Master,4 - Senior
vanessaoc,UI Designer,UI Designer - Jr,UI Designer,2 - Junior
vanessapanosso,Developer,Developer - Sr,Developer,4 - Senior
vanessats,Data Developer,Data Developer - Mid,Data Developer,3 - Mid-Level
vanessavf,Squad Leader,Not Applicable,Not Applicable,6 - Master 2 / Senior Manager
vania,Product Designer Expert,Not Applicable,Not Applicable,5 - Master / Manager
varantes,Systems Architect,Systems Architect,Systems Architect,5 - Master / Manager
vbarbutti,Product Manager,Product Manager,Product Manager,5 - Master / Manager
vbarone,Developer,Developer - Sr,Developer,4 - Senior
vbarreto,Developer,Developer - Sr,Developer,4 - Senior
vbarriquelo,Developer,Developer - Mid,Developer,3 - Mid-Level
vbarros,Developer,Developer - Sr,Developer,4 - Senior
vbatista,Support Analyst,Support Analyst - Mid,Support Analyst,3 - Mid-Level
vcampos,Tester Master,QA - Master,QA,5 - Master / Manager
vcardenas,Product Manager-Americas,Business Analyst - Mid,Business Analyst,3 - Mid-Level
vcassaro,Developer,Developer - Mid,Developer,3 - Mid-Level
vcastro,Developer,Intern,Intern,1 - Intern
vchagas,Developer,Developer - Mid,Developer,3 - Mid-Level
vclarindo,Developer,Developer - Jr,Developer,2 - Junior
vcoelho,Developer,Developer - Sr,Developer,4 - Senior
vcoluci,Senior Manager,Senior Manager,Senior Manager,6 - Master 2 / Senior Manager
vcordova,DevOps,Not Applicable,Not Applicable,3 - Mid-Level
vcruz,Architecture Manager,Principal Architect,Principal Architect,6 - Master 2 / Senior Manager
vdantas,Developer,Developer - Mid,Developer,3 - Mid-Level
vdelgado,Squad Leader,Scrum Master,Scrum Master,4 - Senior
vduarte,Senior Manager,Senior Manager,Senior Manager,6 - Master 2 / Senior Manager
vendramin,Developer Master,Developer - Master,Developer,5 - Master / Manager
venicius,Developer,Developer - Jr,Developer,2 - Junior
venkata.nidamanuri,Developer,Developer - Sr,Developer,4 - Senior
verdelho,Developer Master,Developer - Master,Developer,5 - Master / Manager
veronica,Tester,QA - Sr,QA,4 - Senior
veronicapb,Developer,Developer - Mid,Developer,3 - Mid-Level
veugenio,Software Architect,Software Architect - Sr,Software Architect,4 - Senior
vfagnano,Scrum Master,Scrum Master,Scrum Master,4 - Senior
vferreira,Squad Leader,Squad Leader,Squad Leader,5 - Master / Manager
vfigueiredo,Technical Leader,Software Architect - Sr,Software Architect,4 - Senior
vfolster,Scrum Master,Scrum Master,Scrum Master,3 - Mid-Level
vfranca,Software Architect,Software Architect - Sr,Software Architect,4 - Senior
vfranco,Tester,QA - Sr,QA,4 - Senior
vgabriel,Developer,Developer - Sr,Developer,4 - Senior
vgalo,Data & Analytics Specialist,Data Analyst - Mid,Data Analyst,3 - Mid-Level
vgarcia,Developer,Developer - Sr,Developer,4 - Senior
vgavazoni,Developer,Developer - Mid,Developer,3 - Mid-Level
vgcarvalho,Tester,QA - Sr,QA,4 - Senior
vgentil,Developer,Developer - Sr,Developer,4 - Senior
vgiorgio,Developer,Developer - Mid,Developer,3 - Mid-Level
vgoncalves,Developer,Developer - Sr,Developer,4 - Senior
vhaiek,Developer Master,Developer - Master,Developer,5 - Master / Manager
vicentini,Software Architect,Software Architect - Sr,Software Architect,4 - Senior
vicheldt,Developer,Developer - Mid,Developer,3 - Mid-Level
victopessoa,Developer,Developer - Sr,Developer,4 - Senior
victor.almeida,Project Manager,Project Manager,Project Manager,5 - Master / Manager
victor.augusto,Not Applicable,Not Applicable,Not Applicable,3 - Mid-Level
victor.cuerdo,Support Analyst,Not Applicable,Not Applicable,4 - Senior
victor.eloi,Tester,QA - Sr,QA,4 - Senior
victor.gomes,Developer Master,Developer - Master,Developer,5 - Master / Manager
victor.hugo,Developer,Developer - Sr,Developer,4 - Senior
victor.loaiza,Data Developer,Data Developer - Mid,Data Developer,3 - Mid-Level
victor.lourenco,Developer,Developer - Sr,Developer,4 - Senior
victor.pedrazzi,Developer,Developer - Sr,Developer,4 - Senior
victor.piekarczyk,Data Developer,Data Developer - Mid,Data Developer,3 - Mid-Level
victor.reis,Developer,Developer - Sr,Developer,4 - Senior
victor.santos,Tester,QA - Jr,QA,2 - Junior
victor.yuzo,Developer,Developer - Sr,Developer,4 - Senior
victorbc,Developer,Developer - Mid,Developer,3 - Mid-Level
victorbrito,Data Scientist,Data Scientist - Sr,Data Scientist,4 - Senior
victord,Squad Leader,Squad Leader,Squad Leader,5 - Master / Manager
victordalosto,Developer,Developer - Sr,Developer,4 - Senior
victords,Developer,Developer - Mid,Developer,3 - Mid-Level
victorferraz,Developer,Developer - Mid,Developer,3 - Mid-Level
victorfreitas,Squad Leader,Squad Leader,Squad Leader,5 - Master / Manager
victorg,Developer,Developer - Sr,Developer,4 - Senior
victorgv,Squad Leader,Squad Leader,Squad Leader,5 - Master / Manager
victorhartung,Developer,Developer - Jr,Developer,2 - Junior
victorhc,Senior Manager,Senior Manager,Senior Manager,6 - Master 2 / Senior Manager
victorhda,Developer,Developer - Mid,Developer,3 - Mid-Level
victorhn,Data Developer,Data Developer - Sr,Data Developer,4 - Senior
victorho,Developer,Developer - Sr,Developer,4 - Senior
victorhs,Systems Architect,Systems Architect,Systems Architect,5 - Master / Manager
victoria.krupp,Tester,QA - Sr,QA,4 - Senior
victoriabm,Developer,Developer - Sr,Developer,4 - Senior
victoriah,Digital Strategist,Digital Strategist,Digital Strategist,5 - Master / Manager
victoriapp,Product Designer,UI Designer - Sr,UI Designer,4 - Senior
victoriareis,Scrum Master,Scrum Master,Scrum Master,3 - Mid-Level
victorjr,Technical Leader,Software Architect - Sr,Software Architect,4 - Senior
victorks,Developer,Developer - Mid,Developer,3 - Mid-Level
victorl,Systems Architect,Systems Architect,Systems Architect,5 - Master / Manager
victorlb,Data Developer,Data Developer - Mid,Data Developer,3 - Mid-Level
victorlobo,Developer,Developer - Sr,Developer,4 - Senior
victorls,Developer,Developer - Sr,Developer,4 - Senior
victormacedo,Squad Leader,Squad Leader,Squad Leader,5 - Master / Manager
victornunes,Software Architect,Software Architect - Sr,Software Architect,4 - Senior
victorpb,Data Developer,Data Developer - Mid,Data Developer,3 - Mid-Level
victorsantos,Developer,Developer - Sr,Developer,4 - Senior
victorsouza,Developer,Developer - Sr,Developer,4 - Senior
victort,Developer,Developer - Jr,Developer,2 - Junior
victorwo,Developer,Developer - Mid,Developer,3 - Mid-Level
vincent,Project Manager,Project Manager,Project Manager,5 - Master / Manager
vinicius.alves,Information Security Expert,Developer - Master,Developer,5 - Master / Manager
vinicius.geraldo,Systems Architect,Systems Architect,Systems Architect,5 - Master / Manager
vinicius.levorato,Product Designer,UI Designer - Mid,UI Designer,3 - Mid-Level
vinicius.martins,Tester,QA - Mid,QA,3 - Mid-Level
vinicius.santos,Developer,Developer - Sr,Developer,4 - Senior
vinicius.silva,Developer,Intern,Intern,1 - Intern
vinicius.souza,Data Developer,Data Developer - Mid,Data Developer,3 - Mid-Level
viniciusalmeida,Software Architect,Software Architect - Sr,Software Architect,4 - Senior
viniciusalonso,UX Designer,UX Specialist - Sr,UX Specialist,4 - Senior
viniciusaraujo,Tester,QA - Jr,QA,2 - Junior
viniciusassis,Data & Analytics Specialist,Data Analyst - Sr,Data Analyst,4 - Senior
viniciusaugusto,Developer,Developer - Sr,Developer,4 - Senior
viniciusbarbosa,Developer,Developer - Mid,Developer,3 - Mid-Level
viniciusbn,Software Architect,Software Architect - Sr,Software Architect,4 - Senior
viniciusbs,Software Architect,Software Architect - Sr,Software Architect,4 - Senior
viniciuscs,Software Architect,Software Architect - Sr,Software Architect,4 - Senior
viniciusdf,Developer,Developer - Sr,Developer,4 - Senior
viniciusds,Developer,Developer - Mid,Developer,3 - Mid-Level
viniciusec,Developer,Intern,Intern,1 - Intern
viniciusgm,Developer,Developer - Sr,Developer,4 - Senior
viniciusgp,Developer,Developer - Sr,Developer,4 - Senior
viniciusla,Developer,Developer - Jr,Developer,2 - Junior
viniciusmarques,Developer,Developer - Sr,Developer,4 - Senior
viniciusos,Developer,Developer - Sr,Developer,4 - Senior
viniciusph,Squad Leader,Squad Leader,Squad Leader,5 - Master / Manager
viniciuspinheiro,Developer,Developer - Sr,Developer,4 - Senior
viniciuspl,Tester,QA - Jr,QA,2 - Junior
viniciusrondini,DevOps,Not Applicable,Not Applicable,3 - Mid-Level
viniciusrv,Senior Manager,Senior Manager,Senior Manager,6 - Master 2 / Senior Manager
viniciussc,Developer,Developer - Mid,Developer,3 - Mid-Level
viniciussn,Data & Analytics Specialist,Data Analyst - Sr,Data Analyst,4 - Senior
viniciussouza,Developer,Developer - Sr,Developer,4 - Senior
viniciussr,Developer,Developer - Sr,Developer,4 - Senior
viniciusss,Developer,Developer - Mid,Developer,3 - Mid-Level
viniciusst,Data Scientist,Data Scientist - Sr,Data Scientist,4 - Senior
viniciusta,Developer,Developer - Mid,Developer,3 - Mid-Level
viniciusxavier,Software Architect,Software Architect - Sr,Software Architect,4 - Senior
virginias,Developer,Developer - Mid,Developer,3 - Mid-Level
vitor.barreira,Not Applicable,Not Applicable,Not Applicable,3 - Mid-Level
vitor.cardoso,Developer,Intern,Intern,1 - Intern
vitor.ramos,Product Designer,UI Designer - Mid,UI Designer,3 - Mid-Level
vitorbarroso,Developer,Developer - Sr,Developer,4 - Senior
vitorc,Systems Architect,Systems Architect,Systems Architect,5 - Master / Manager
vitorcardoso,Tester Master,QA - Master,QA,5 - Master / Manager
vitords,Developer,Developer - Mid,Developer,3 - Mid-Level
vitoremanuel,Software Architect,Software Architect - Sr,Software Architect,4 - Senior
vitoreuzebio,Developer,Developer - Sr,Developer,4 - Senior
vitorfs,Developer,Developer - Sr,Developer,4 - Senior
vitorgl,Developer,Developer - Jr,Developer,2 - Junior
vitoriacds,Developer,Developer - Jr,Developer,2 - Junior
vitoriaf,Developer,Intern,Intern,1 - Intern
vitorianascimento,Tester,QA - Mid,QA,3 - Mid-Level
vitoriat,UI Designer,UI Designer - Mid,UI Designer,3 - Mid-Level
vitormd,Developer,Developer - Mid,Developer,3 - Mid-Level
vitormds,Developer,Developer - Mid,Developer,3 - Mid-Level
vitormoises,Developer,Developer - Mid,Developer,3 - Mid-Level
vitorpaulo,Developer,Developer - Mid,Developer,3 - Mid-Level
vitorrangel,Developer,Developer - Mid,Developer,3 - Mid-Level
vitorreck,Developer,Developer - Jr,Developer,2 - Junior
vitorribeiro,Developer,Developer - Sr,Developer,4 - Senior
vitors,Tester,QA - Mid,QA,3 - Mid-Level
vitorsaad,Systems Architect,Systems Architect,Systems Architect,5 - Master / Manager
vitorsiqueira,Developer,Developer - Mid,Developer,3 - Mid-Level
vitorst,Developer,Developer - Sr,Developer,4 - Senior
vitorv,Data Developer,Data Developer - Mid,Data Developer,3 - Mid-Level
vitorvieira,Developer,Developer - Mid,Developer,3 - Mid-Level
vivian.maciel,Not Applicable,Not Applicable,Not Applicable,6 - Master 2 / Senior Manager
viviana.ortiz,Squad Leader,Squad Leader,Squad Leader,5 - Master / Manager
vivianabp,Product Designer,UI Designer - Sr,UI Designer,4 - Senior
viviane.lima,Tester,QA - Sr,QA,4 - Senior
vivianecr,Developer,Developer - Jr,Developer,2 - Junior
vivianeluiza,Scrum Master,Scrum Master,Scrum Master,4 - Senior
vivianoliveira,Squad Leader,Scrum Master,Scrum Master,4 - Senior
vjansen,Developer,Developer - Sr,Developer,4 - Senior
vjhepherson,Developer,Developer - Sr,Developer,4 - Senior
vkaillo,Developer,Developer - Sr,Developer,4 - Senior
vkajiyama,Developer,Developer - Sr,Developer,4 - Senior
vkalmazan,Developer,Developer - Mid,Developer,3 - Mid-Level
vkaterine,Developer,Developer - Jr,Developer,2 - Junior
vloureiro,Developer,Developer - Mid,Developer,3 - Mid-Level
vlousada,Developer,Developer - Jr,Developer,2 - Junior
vmagalhaes,Tester,QA - Mid,QA,3 - Mid-Level
vmartinez,Developer,Developer - Sr,Developer,4 - Senior
vmartins,Developer,Intern,Intern,1 - Intern
vmattos,Systems Architect,Systems Architect,Systems Architect,5 - Master / Manager
vmazzeo,Developer,Developer - Sr,Developer,4 - Senior
vmiranda,Developer,Developer - Mid,Developer,3 - Mid-Level
vmolina,Developer,Developer - Mid,Developer,3 - Mid-Level
vmonteglione,Developer,Developer - Mid,Developer,3 - Mid-Level
vmontenegro,Software Architect,Software Architect - Sr,Software Architect,4 - Senior
vmoraes,Squad Leader,Scrum Master,Scrum Master,4 - Senior
vmorais,Developer,Developer - Sr,Developer,4 - Senior
vmouza,Developer,Developer - Mid,Developer,3 - Mid-Level
vmunhoz,Principal Software Developer,Developer - Master,Developer,6 - Master 2 / Senior Manager
vnatalia,Tester,QA - Mid,QA,3 - Mid-Level
vneves,Squad Leader,Squad Leader,Squad Leader,5 - Master / Manager
vnobrega,Scrum Master,Scrum Master,Scrum Master,4 - Senior
votoni,Developer,Developer - Mid,Developer,3 - Mid-Level
vpatzdorf,Developer,Developer - Sr,Developer,4 - Senior
vpaulino,Developer,Developer - Jr,Developer,2 - Junior
vpavao,Developer,Developer - Mid,Developer,3 - Mid-Level
vpaz,Developer,Developer - Jr,Developer,2 - Junior
vpedroso,Tester,QA - Sr,QA,4 - Senior
vpelicari,"Senior Director, Technology",Not Applicable,Not Applicable,6 - Master 2 / Senior Manager
vpezzo,Developer,Developer - Sr,Developer,4 - Senior
vpfeifer,Principal Software Developer,Developer - Master,Developer,6 - Master 2 / Senior Manager
vpierre,Developer,Developer - Mid,Developer,3 - Mid-Level
vpimentel,Developer,Developer - Sr,Developer,4 - Senior
vpoldi,Developer,Developer - Mid,Developer,3 - Mid-Level
vpoltronieri,Developer,Developer - Sr,Developer,4 - Senior
vporto,Developer,Developer - Sr,Developer,4 - Senior
vprestes,Developer,Developer - Jr,Developer,2 - Junior
vquadros,Developer,Developer - Mid,Developer,3 - Mid-Level
vresende,Developer Master,Developer - Master,Developer,5 - Master / Manager
vrighetto,Project Manager,Project Manager,Project Manager,5 - Master / Manager
vrodrigo,Systems Architect,Systems Architect,Systems Architect,5 - Master / Manager
vrosario,Developer,Developer - Mid,Developer,3 - Mid-Level
vrubenich,Developer,Developer - Jr,Developer,2 - Junior
vsabadoti,Squad Leader,Scrum Master,Scrum Master,4 - Senior
vsampaio,Developer,Developer - Mid,Developer,3 - Mid-Level
vsantaella,Business Analyst,Business Analyst - Sr,Business Analyst,4 - Senior
vsavegnago,Developer,Developer - Mid,Developer,3 - Mid-Level
vsecco,Developer,Developer - Sr,Developer,4 - Senior
vsezini,Developer,Developer - Sr,Developer,4 - Senior
vsimoes,Developer,Intern,Intern,1 - Intern
vstevani,Tester,QA - Jr,QA,2 - Junior
vtenorio,Developer,Developer - Mid,Developer,3 - Mid-Level
vtheodoro,UX Designer,UX Specialist - Sr,UX Specialist,4 - Senior
vthomazini,Software Architect,Software Architect - Sr,Software Architect,4 - Senior
vtonashiro,Developer,Developer - Sr,Developer,4 - Senior
vxavier,Squad Leader,Squad Leader,Squad Leader,5 - Master / Manager
vzacheu,Developer,Developer - Mid,Developer,3 - Mid-Level
vzangirolami,Developer,Developer - Sr,Developer,4 - Senior
vzoppo,Developer,Intern,Intern,1 - Intern
wagner.antonio,Developer,Developer - Sr,Developer,4 - Senior
wagner.balabuch,Senior Manager,Senior Manager,Senior Manager,6 - Master 2 / Senior Manager
wagner.eduardo,Developer,Developer - Sr,Developer,4 - Senior
wagner.luz,Developer,Developer - Sr,Developer,4 - Senior
wagnerarao,Developer,Developer - Jr,Developer,2 - Junior
wagnerhs,Developer,Developer - Sr,Developer,4 - Senior
wagnerj,Scrum Master,Scrum Master,Scrum Master,4 - Senior
wagnerobara,Software Architect,Software Architect - Sr,Software Architect,4 - Senior
wagneroliveira,Developer,Developer - Mid,Developer,3 - Mid-Level
walbety,Developer,Developer - Sr,Developer,4 - Senior
waldomiros,Developer,Developer - Mid,Developer,3 - Mid-Level
walessonr,Developer,Developer - Sr,Developer,4 - Senior
walid,Tester,QA - Mid,QA,3 - Mid-Level
walissonf,Developer Master,Developer - Master,Developer,5 - Master / Manager
wallace,Software Architect,Software Architect - Sr,Software Architect,4 - Senior
wallacem,Developer,Intern,Intern,1 - Intern
wallacep,Developer,Developer - Mid,Developer,3 - Mid-Level
wallan,Developer,Developer - Mid,Developer,3 - Mid-Level
wallison,Developer,Developer - Jr,Developer,2 - Junior
wallysonm,Developer,Developer - Mid,Developer,3 - Mid-Level
walmeida,Principal Data Architect,Principal Architect,Principal Architect,6 - Master 2 / Senior Manager
walter.bacher,Developer,Developer - Sr,Developer,4 - Senior
waltercs,Software Architect,Software Architect - Sr,Software Architect,4 - Senior
walters,Developer,Developer - Sr,Developer,4 - Senior
waltersg,Developer,Developer - Sr,Developer,4 - Senior
walves,Developer Master,Developer - Master,Developer,5 - Master / Manager
wandernunes,Systems Architect,Systems Architect,Systems Architect,5 - Master / Manager
wanderson,Developer,Developer - Sr,Developer,4 - Senior
wandersonj,Developer,Intern,Intern,1 - Intern
wandersonq,Developer,Developer - Sr,Developer,4 - Senior
wandrelo,Developer,Developer - Jr,Developer,2 - Junior
wandrioli,Developer,Developer - Sr,Developer,4 - Senior
wanessa,Senior Manager,Senior Manager,Senior Manager,6 - Master 2 / Senior Manager
wangxiaoli,Scrum Master,Scrum Master,Scrum Master,3 - Mid-Level
wangyong,Developer,Developer - Mid,Developer,3 - Mid-Level
washington.anjos,Systems Architect,Systems Architect,Systems Architect,5 - Master / Manager
washingtonws,Tester,QA - Sr,QA,4 - Senior
wassis,Developer,Developer - Jr,Developer,2 - Junior
wattw,Developer,Developer - Mid,Developer,3 - Mid-Level
wazevedo,Developer,Developer - Sr,Developer,4 - Senior
wbarros,Developer,Intern,Intern,1 - Intern
wbreternitz,Senior Manager,Senior Manager,Senior Manager,6 - Master 2 / Senior Manager
wburgos,Developer,Developer - Sr,Developer,4 - Senior
wcaetano,Developer,Developer - Sr,Developer,4 - Senior
wcazzador,Squad Leader,Squad Leader,Squad Leader,5 - Master / Manager
wcruz,Developer,Developer - Mid,Developer,3 - Mid-Level
wdelfino,Developer,Developer - Sr,Developer,4 - Senior
wdouglas,Developer,Developer - Sr,Developer,4 - Senior
wduarte,Developer,Developer - Mid,Developer,3 - Mid-Level
wdutra,Support Analyst,Support Analyst - Sr,Support Analyst,4 - Senior
weiners,Developer,Developer - Sr,Developer,4 - Senior
welbertsj,Developer,Developer - Mid,Developer,3 - Mid-Level
welderm,Data Developer,Data Developer - Mid,Data Developer,3 - Mid-Level
welingtons,Developer,Developer - Sr,Developer,4 - Senior
wellington,Systems Architect,Systems Architect,Systems Architect,5 - Master / Manager
wellington.araujo,Developer,Developer - Mid,Developer,3 - Mid-Level
wellington.rodrigues,Product Designer,UI Designer - Mid,UI Designer,3 - Mid-Level
wellingtonc,Developer,Intern,Intern,1 - Intern
wellingtonf,Developer,Developer - Sr,Developer,4 - Senior
wellingtonsantos,Tester,QA - Sr,QA,4 - Senior
wellingtonsm,Developer,Developer - Sr,Developer,4 - Senior
wellsw,Software Architect,Software Architect - Mid,Software Architect,3 - Mid-Level
weltond,Systems Architect,Systems Architect,Systems Architect,5 - Master / Manager
wendellra,Developer,Developer - Jr,Developer,2 - Junior
wendells,Developer,Developer - Jr,Developer,2 - Junior
wenderfranco,Squad Leader,Squad Leader,Squad Leader,5 - Master / Manager
wenderluiz,Squad Leader,Squad Leader,Squad Leader,5 - Master / Manager
wendyc,UX Designer,UX Specialist - Sr,UX Specialist,4 - Senior
werbenss,Software Architect,Software Architect - Sr,Software Architect,4 - Senior
wernen,Developer,Developer - Mid,Developer,3 - Mid-Level
wescleyf,Developer,Developer - Sr,Developer,4 - Senior
wesleic,Scrum Master,Scrum Master,Scrum Master,4 - Senior
wesleirs,Developer,Developer - Mid,Developer,3 - Mid-Level
wesleyd,Systems Architect,Systems Architect,Systems Architect,5 - Master / Manager
wesleyfc,Developer,Intern,Intern,1 - Intern
wesleyl,Squad Leader,Scrum Master,Scrum Master,4 - Senior
wesleyo,Developer,Developer - Sr,Developer,4 - Senior
wesleyss,Developer,Developer - Mid,Developer,3 - Mid-Level
weslleysf,Data Developer Master,Data Developer - Master,Data Developer,5 - Master / Manager
wevertonb,Developer,Developer - Mid,Developer,3 - Mid-Level
weynhamz,Architecture Manager,Principal Architect,Principal Architect,6 - Master 2 / Senior Manager
wfakri,Software Architect,Systems Architect,Systems Architect,5 - Master / Manager
wfelipe,Systems Architect,Systems Architect,Systems Architect,5 - Master / Manager
wgianotto,Support Analyst,Support Analyst - Mid,Support Analyst,3 - Mid-Level
wguilherme,Data Developer,Data Developer - Sr,Data Developer,4 - Senior
whaddad,Developer,Intern,Intern,1 - Intern
whenckemaier,DevOps Engineer,Developer - Sr,Developer,4 - Senior
whitneyy,Scrum Master,Scrum Master,Scrum Master,4 - Senior
wigor.oliveira,Developer,Developer - Mid,Developer,3 - Mid-Level
wiliam.mendes,Developer,Developer - Master,Developer,5 - Master / Manager
wiliams,Developer,Developer - Sr,Developer,4 - Senior
wilkinson,Squad Leader,Squad Leader,Squad Leader,5 - Master / Manager
willami,Developer,Developer - Jr,Developer,2 - Junior
willamis,Squad Leader,Scrum Master,Scrum Master,4 - Senior
willerson,Developer,Developer - Mid,Developer,3 - Mid-Level
william,Developer Master,Developer - Master,Developer,5 - Master / Manager
william.forte,Data & Analytics Specialist,Data Analyst - Sr,Data Analyst,4 - Senior
william.sanchez,Tech Intern,Intern,Intern,1 - Intern
williamch,Tester,QA - Mid,QA,3 - Mid-Level
williamcollaco,Architecture Manager,Principal Architect,Principal Architect,6 - Master 2 / Senior Manager
williamcr,Developer,Developer - Sr,Developer,4 - Senior
williamds,Developer,Developer - Mid,Developer,3 - Mid-Level
williamgo,Developer,Developer - Sr,Developer,4 - Senior
williamgr,Developer,Developer - Sr,Developer,4 - Senior
williamlb,Software Architect,Software Architect - Sr,Software Architect,4 - Senior
williamleal,Data & Analytics Specialist,Data Analyst - Sr,Data Analyst,4 - Senior
williamm,Developer,Developer - Mid,Developer,3 - Mid-Level
williamoa,Developer,Developer - Sr,Developer,4 - Senior
williamp,Associate Developer,Developer - Sr,Developer,4 - Senior
williamws,Squad Leader,Squad Leader,Squad Leader,5 - Master / Manager
williamzara,Squad Leader,Squad Leader,Squad Leader,5 - Master / Manager
willian.carvalho,Systems Architect,Systems Architect,Systems Architect,5 - Master / Manager
willian.marquez,Developer,Developer - Sr,Developer,4 - Senior
willian.rodrigues,Systems Architect,Systems Architect,Systems Architect,5 - Master / Manager
willian.santo,Developer,Developer - Sr,Developer,4 - Senior
willianb,Developer,Developer - Sr,Developer,4 - Senior
williancd,Developer,Developer - Mid,Developer,3 - Mid-Level
williancs,Developer Master,Developer - Master,Developer,5 - Master / Manager
willianfs,Developer,Developer - Mid,Developer,3 - Mid-Level
willianms,Developer,Developer - Mid,Developer,3 - Mid-Level
williannap,Software Architect,Software Architect - Sr,Software Architect,4 - Senior
williano,Tester,QA - Mid,QA,3 - Mid-Level
willians,Data Developer,Data Developer - Sr,Data Developer,4 - Senior
williansond,Developer,Developer - Jr,Developer,2 - Junior
willianws,Software Architect,Software Architect - Sr,Software Architect,4 - Senior
willianz,Developer,Developer - Sr,Developer,4 - Senior
willopez,Systems Architect,Systems Architect,Systems Architect,5 - Master / Manager
willy,Developer,Developer - Mid,Developer,3 - Mid-Level
willying,Developer,Developer - Jr,Developer,2 - Junior
wilmondes,Developer,Developer - Jr,Developer,2 - Junior
wilson.benavides,Not Applicable,Not Applicable,Not Applicable,3 - Mid-Level
wilson.paula,Developer,Developer - Sr,Developer,4 - Senior
wilsongs,Developer,Developer - Jr,Developer,2 - Junior
wilsonribeiro,Scrum Master,Scrum Master,Scrum Master,4 - Senior
wilsony,Developer,Developer - Mid,Developer,3 - Mid-Level
wilton,Developer,Developer - Sr,Developer,4 - Senior
winiciusa,Tester,QA - Mid,QA,3 - Mid-Level
winstonm,Data Developer,Data Developer - Sr,Data Developer,4 - Senior
wladimir,Developer,Developer - Sr,Developer,4 - Senior
wlucena,Data Developer,Data Developer - Mid,Data Developer,3 - Mid-Level
wmaciel,Developer,Developer - Mid,Developer,3 - Mid-Level
wmanucello,Developer,Developer - Sr,Developer,4 - Senior
wmarcelino,Data Developer,Data Developer - Sr,Data Developer,4 - Senior
wmarcolino,Tester,QA - Sr,QA,4 - Senior
wmatioli,Developer,Developer - Mid,Developer,3 - Mid-Level
wmazoni,Developer,Developer - Sr,Developer,4 - Senior
wmedeiros,Developer,Developer - Sr,Developer,4 - Senior
wmendes,Developer,Developer - Sr,Developer,4 - Senior
wmiranda,Senior Manager,Senior Manager,Senior Manager,6 - Master 2 / Senior Manager
wmotta,Data & Analytics Specialist,Data Analyst - Sr,Data Analyst,4 - Senior
woliveira,Squad Leader,Squad Leader,Squad Leader,5 - Master / Manager
woodford,Senior Content Strategy Manager,Not Applicable,Not Applicable,6 - Master 2 / Senior Manager
worley,Developer,Developer - Jr,Developer,2 - Junior
wpatricio,Developer,Developer - Sr,Developer,4 - Senior
wpereira,Developer,Developer - Sr,Developer,4 - Senior
wpinch,Developer,Developer - Master,Developer,5 - Master / Manager
wrobert,Senior Manager,Senior Manager,Senior Manager,6 - Master 2 / Senior Manager
wsangalli,Systems Architect,Systems Architect,Systems Architect,5 - Master / Manager
wsantiago,Developer,Developer - Mid,Developer,3 - Mid-Level
wserrano,Developer,Developer - Sr,Developer,4 - Senior
wsousa,Developer Master,Developer - Master,Developer,5 - Master / Manager
wstival,DevOps,Not Applicable,Not Applicable,4 - Senior
wteixeira,Developer,Developer - Mid,Developer,3 - Mid-Level
wteles,Developer,Developer - Mid,Developer,3 - Mid-Level
wtoloto,Developer,Developer - Mid,Developer,3 - Mid-Level
wvalle,Developer,Developer - Sr,Developer,4 - Senior
wvernier,Architecture Manager,Principal Architect,Principal Architect,6 - Master 2 / Senior Manager
wvicente,Squad Leader,Squad Leader,Squad Leader,5 - Master / Manager
wwernek,Developer,Developer - Jr,Developer,2 - Junior
wyassue,Data & Analytics Specialist Master,Data Analyst - Master,Data Analyst,5 - Master / Manager
wzaneze,Developer,Developer - Sr,Developer,4 - Senior
xiaofengchen,Developer,Developer - Mid,Developer,3 - Mid-Level
xiaoxiw,Scrum Master,Scrum Master,Scrum Master,4 - Senior
xiedong,Systems Architect,Systems Architect,Systems Architect,5 - Master / Manager
yagoangelo,Systems Architect,Systems Architect,Systems Architect,5 - Master / Manager
yagos,Developer,Developer - Mid,Developer,3 - Mid-Level
yakun,Developer,Developer - Mid,Developer,3 - Mid-Level
yan,Lead Developer,Developer - Sr,Developer,4 - Senior
yangjin,Scrum Master,Support Analyst - Jr,Support Analyst,2 - Junior
yangtao,Developer,Developer - Jr,Developer,2 - Junior
yansc,Data Developer,Data Developer - Master,Data Developer,5 - Master / Manager
yaraemmanuelle,Developer,Developer - Sr,Developer,4 - Senior
yaraujo,Architecture Manager,Principal Architect,Principal Architect,6 - Master 2 / Senior Manager
yareth.pinzon,Developer,Developer - Mid,Developer,3 - Mid-Level
yarin,Developer,Developer - Mid,Developer,3 - Mid-Level
yaskara,Business Analyst,Business Analyst - Sr,Business Analyst,4 - Senior
yasmimf,Developer,Developer - Mid,Developer,3 - Mid-Level
yasmin.kamal,Business Analyst,Business Analyst - Sr,Business Analyst,4 - Senior
yasmin.oliveira,Not Applicable,Not Applicable,Not Applicable,6 - Master 2 / Senior Manager
yasmincarneiro,Developer,Developer - Mid,Developer,3 - Mid-Level
yasming,Developer,Developer - Jr,Developer,2 - Junior
yasmintullio,Developer,Developer - Jr,Developer,2 - Junior
yasser,Developer,Developer - Sr,Developer,4 - Senior
ycruz,Developer,Developer - Jr,Developer,2 - Junior
yduarte,Developer,Developer - Sr,Developer,4 - Senior
yechaozheng,Systems Architect,Systems Architect,Systems Architect,5 - Master / Manager
yevhen,Developer Master,Developer - Master,Developer,5 - Master / Manager
ygermuts,Developer,Developer - Jr,Developer,2 - Junior
yguilherme,Developer,Developer - Jr,Developer,2 - Junior
yhan,Support Analyst,Not Applicable,Not Applicable,4 - Senior
yianx,Developer,Developer - Jr,Developer,2 - Junior
yinghao,Developer,Developer - Mid,Developer,3 - Mid-Level
yiyin,Developer,Developer - Mid,Developer,3 - Mid-Level
yjovencio,Developer,Intern,Intern,1 - Intern
yoliveira,Systems Architect,Systems Architect,Systems Architect,5 - Master / Manager
youngnih,Developer,Developer - Mid,Developer,3 - Mid-Level
youngx,Tester,QA - Jr,QA,2 - Junior
yperciano,Developer,Developer - Sr,Developer,4 - Senior
yuantao,Developer,Developer - Mid,Developer,3 - Mid-Level
yuehua,Developer,Developer - Mid,Developer,3 - Mid-Level
yuhanl,Tester,QA - Jr,QA,2 - Junior
yummyc,Developer,Developer - Mid,Developer,3 - Mid-Level
yuri.menezes,Developer,Developer - Jr,Developer,2 - Junior
yuribueno,Tester,QA - Mid,QA,3 - Mid-Level
yuricesar,Developer,Developer - Mid,Developer,3 - Mid-Level
yurikb,Developer,Developer - Mid,Developer,3 - Mid-Level
yuril,Tester,QA - Jr,QA,2 - Junior
yurilencio,IT Analyst,Not Applicable,Not Applicable,2 - Junior
yussef,Developer,Developer - Mid,Developer,3 - Mid-Level
yzakc,Developer,Developer - Jr,Developer,2 - Junior
zeasz,Tester,QA - Jr,QA,2 - Junior
zero,Developer,Developer - Jr,Developer,2 - Junior
zhangsong,Tester,QA - Mid,QA,3 - Mid-Level
zhaoyao,Developer,Developer - Mid,Developer,3 - Mid-Level
zhiweip,Developer,Developer - Mid,Developer,3 - Mid-Level
zhuchichi,Scrum Master,Scrum Master,Scrum Master,4 - Senior
zoez,Tester,QA - Jr,QA,2 - Junior
,No Applicable,No Information,No Information,No Information
